Design,Protocol,Length,Seed,Helicity,Target_Hotspot,Sequence,InterfaceResidues,MPNN_score,MPNN_seq_recovery,Average_pLDDT,1_pLDDT,2_pLDDT,3_pLDDT,4_pLDDT,5_pLDDT,Average_pTM,1_pTM,2_pTM,3_pTM,4_pTM,5_pTM,Average_i_pTM,1_i_pTM,2_i_pTM,3_i_pTM,4_i_pTM,5_i_pTM,Average_pAE,1_pAE,2_pAE,3_pAE,4_pAE,5_pAE,Average_i_pAE,1_i_pAE,2_i_pAE,3_i_pAE,4_i_pAE,5_i_pAE,Average_i_pLDDT,1_i_pLDDT,2_i_pLDDT,3_i_pLDDT,4_i_pLDDT,5_i_pLDDT,Average_ss_pLDDT,1_ss_pLDDT,2_ss_pLDDT,3_ss_pLDDT,4_ss_pLDDT,5_ss_pLDDT,Average_Unrelaxed_Clashes,1_Unrelaxed_Clashes,2_Unrelaxed_Clashes,3_Unrelaxed_Clashes,4_Unrelaxed_Clashes,5_Unrelaxed_Clashes,Average_Relaxed_Clashes,1_Relaxed_Clashes,2_Relaxed_Clashes,3_Relaxed_Clashes,4_Relaxed_Clashes,5_Relaxed_Clashes,Average_Binder_Energy_Score,1_Binder_Energy_Score,2_Binder_Energy_Score,3_Binder_Energy_Score,4_Binder_Energy_Score,5_Binder_Energy_Score,Average_Surface_Hydrophobicity,1_Surface_Hydrophobicity,2_Surface_Hydrophobicity,3_Surface_Hydrophobicity,4_Surface_Hydrophobicity,5_Surface_Hydrophobicity,Average_ShapeComplementarity,1_ShapeComplementarity,2_ShapeComplementarity,3_ShapeComplementarity,4_ShapeComplementarity,5_ShapeComplementarity,Average_PackStat,1_PackStat,2_PackStat,3_PackStat,4_PackStat,5_PackStat,Average_dG,1_dG,2_dG,3_dG,4_dG,5_dG,Average_dSASA,1_dSASA,2_dSASA,3_dSASA,4_dSASA,5_dSASA,Average_dG/dSASA,1_dG/dSASA,2_dG/dSASA,3_dG/dSASA,4_dG/dSASA,5_dG/dSASA,Average_Interface_SASA_%,1_Interface_SASA_%,2_Interface_SASA_%,3_Interface_SASA_%,4_Interface_SASA_%,5_Interface_SASA_%,Average_Interface_Hydrophobicity,1_Interface_Hydrophobicity,2_Interface_Hydrophobicity,3_Interface_Hydrophobicity,4_Interface_Hydrophobicity,5_Interface_Hydrophobicity,Average_n_InterfaceResidues,1_n_InterfaceResidues,2_n_InterfaceResidues,3_n_InterfaceResidues,4_n_InterfaceResidues,5_n_InterfaceResidues,Average_n_InterfaceHbonds,1_n_InterfaceHbonds,2_n_InterfaceHbonds,3_n_InterfaceHbonds,4_n_InterfaceHbonds,5_n_InterfaceHbonds,Average_InterfaceHbondsPercentage,1_InterfaceHbondsPercentage,2_InterfaceHbondsPercentage,3_InterfaceHbondsPercentage,4_InterfaceHbondsPercentage,5_InterfaceHbondsPercentage,Average_n_InterfaceUnsatHbonds,1_n_InterfaceUnsatHbonds,2_n_InterfaceUnsatHbonds,3_n_InterfaceUnsatHbonds,4_n_InterfaceUnsatHbonds,5_n_InterfaceUnsatHbonds,Average_InterfaceUnsatHbondsPercentage,1_InterfaceUnsatHbondsPercentage,2_InterfaceUnsatHbondsPercentage,3_InterfaceUnsatHbondsPercentage,4_InterfaceUnsatHbondsPercentage,5_InterfaceUnsatHbondsPercentage,Average_Interface_Helix%,1_Interface_Helix%,2_Interface_Helix%,3_Interface_Helix%,4_Interface_Helix%,5_Interface_Helix%,Average_Interface_BetaSheet%,1_Interface_BetaSheet%,2_Interface_BetaSheet%,3_Interface_BetaSheet%,4_Interface_BetaSheet%,5_Interface_BetaSheet%,Average_Interface_Loop%,1_Interface_Loop%,2_Interface_Loop%,3_Interface_Loop%,4_Interface_Loop%,5_Interface_Loop%,Average_Binder_Helix%,1_Binder_Helix%,2_Binder_Helix%,3_Binder_Helix%,4_Binder_Helix%,5_Binder_Helix%,Average_Binder_BetaSheet%,1_Binder_BetaSheet%,2_Binder_BetaSheet%,3_Binder_BetaSheet%,4_Binder_BetaSheet%,5_Binder_BetaSheet%,Average_Binder_Loop%,1_Binder_Loop%,2_Binder_Loop%,3_Binder_Loop%,4_Binder_Loop%,5_Binder_Loop%,Average_InterfaceAAs,1_InterfaceAAs,2_InterfaceAAs,3_InterfaceAAs,4_InterfaceAAs,5_InterfaceAAs,Average_Hotspot_RMSD,1_Hotspot_RMSD,2_Hotspot_RMSD,3_Hotspot_RMSD,4_Hotspot_RMSD,5_Hotspot_RMSD,Average_Target_RMSD,1_Target_RMSD,2_Target_RMSD,3_Target_RMSD,4_Target_RMSD,5_Target_RMSD,Average_Binder_pLDDT,1_Binder_pLDDT,2_Binder_pLDDT,3_Binder_pLDDT,4_Binder_pLDDT,5_Binder_pLDDT,Average_Binder_pTM,1_Binder_pTM,2_Binder_pTM,3_Binder_pTM,4_Binder_pTM,5_Binder_pTM,Average_Binder_pAE,1_Binder_pAE,2_Binder_pAE,3_Binder_pAE,4_Binder_pAE,5_Binder_pAE,Average_Binder_RMSD,1_Binder_RMSD,2_Binder_RMSD,3_Binder_RMSD,4_Binder_RMSD,5_Binder_RMSD,DesignTime,Notes,TargetSettings,Filters,AdvancedSettings
EGFRpH_F_l37_s773555_mpnn1,4stage,37,773555,-0.3,"A431,A434,A436",SKYRVLVDTGKGVVDISHGQGQIDTDVVNYVYITEEK,"B1,B3,B5,B7,B16,B17,B18,B19,B21,B22,B23,B25,B26,B27,B28,B29,B30,B31,B32,B33,B34,B35",0.79,0.6,0.86,0.84,0.89,,,,0.88,0.87,0.89,,,,0.88,0.86,0.89,,,,0.19,0.21,0.17,,,,0.2,0.22,0.18,,,,0.0,0,0,,,,0.0,0,0,,,,1.5,0,3,,,,0.0,0,0,,,,-123.13,-116.82,-129.45,,,,0.45,0.45,0.45,,,,0.74,0.73,0.75,,,,0.64,0.64,0.63,,,,-71.47,-68.95,-73.98,,,,1800.7,1797.32,1804.08,,,,-3.97,-3.84,-4.1,,,,78.78,78.9,78.65,,,,50.0,50.0,50.0,,,,22.0,22,22,,,,13.0,14,12,,,,59.09,63.64,54.55,,,,4.0,3.0,5.0,,,,18.19,13.64,22.73,,,,0.0,0,0,,,,0.0,0,0,,,,0.0,0,0,,,,0.0,0,0,,,,0.0,0,0,,,,0.0,0,0,,,,"{'A': 0.0, 'C': 0.0, 'D': 1.0, 'E': 1.0, 'F': 0.0, 'G': 2.0, 'H': 1.0, 'I': 3.0, 'K': 0.0, 'L': 0.0, 'M': 0.0, 'N': 1.0, 'P': 0.0, 'Q': 1.0, 'R': 0.0, 'S': 2.0, 'T': 2.0, 'V': 5.0, 'W': 0.0, 'Y': 3.0}","{'A': 0, 'C': 0, 'D': 1, 'E': 1, 'F': 0, 'G': 2, 'H': 1, 'I': 3, 'K': 0, 'L': 0, 'M': 0, 'N': 1, 'P': 0, 'Q': 1, 'R': 0, 'S': 2, 'T': 2, 'V': 5, 'W': 0, 'Y': 3}","{'A': 0, 'C': 0, 'D': 1, 'E': 1, 'F': 0, 'G': 2, 'H': 1, 'I': 3, 'K': 0, 'L': 0, 'M': 0, 'N': 1, 'P': 0, 'Q': 1, 'R': 0, 'S': 2, 'T': 2, 'V': 5, 'W': 0, 'Y': 3}",,,,1.04,1.07,1.02,,,,0.38,0.41,0.35,,,,0.8,0.73,0.87,,,,0.48,0.4,0.57,,,,0.17,0.21,0.13,,,,2.86,2.94,2.78,,,,"0 hours, 1 minutes, 25 seconds",,EGFR_patchF,relaxed_filters,default_4stage_multimer
EGFRpH_F_l37_s773555_mpnn2,4stage,37,773555,-0.3,"A431,A434,A436",SEYRVLVDTGKGVVDISHGQGQIDTDVVNYVYITEKK,"B1,B3,B5,B7,B16,B17,B18,B19,B21,B22,B23,B25,B26,B27,B28,B29,B30,B31,B32,B33,B34,B35",0.83,0.6,0.86,0.85,0.88,,,,0.88,0.87,0.89,,,,0.88,0.87,0.89,,,,0.19,0.2,0.18,,,,0.2,0.21,0.19,,,,0.0,0,0,,,,0.0,0,0,,,,3.0,1,5,,,,0.0,0,0,,,,-125.29,-126.07,-124.52,,,,0.46,0.45,0.48,,,,0.73,0.75,0.71,,,,0.68,0.67,0.69,,,,-73.2,-75.2,-71.21,,,,1748.14,1777.6,1718.68,,,,-4.19,-4.23,-4.14,,,,79.11,80.71,77.52,,,,50.0,50.0,50.0,,,,22.0,22,22,,,,13.0,14,12,,,,59.09,63.64,54.55,,,,4.0,4.0,4.0,,,,18.18,18.18,18.18,,,,0.0,0,0,,,,0.0,0,0,,,,0.0,0,0,,,,0.0,0,0,,,,0.0,0,0,,,,0.0,0,0,,,,"{'A': 0.0, 'C': 0.0, 'D': 1.0, 'E': 1.0, 'F': 0.0, 'G': 2.0, 'H': 1.0, 'I': 3.0, 'K': 0.0, 'L': 0.0, 'M': 0.0, 'N': 1.0, 'P': 0.0, 'Q': 1.0, 'R': 0.0, 'S': 2.0, 'T': 2.0, 'V': 5.0, 'W': 0.0, 'Y': 3.0}","{'A': 0, 'C': 0, 'D': 1, 'E': 1, 'F': 0, 'G': 2, 'H': 1, 'I': 3, 'K': 0, 'L': 0, 'M': 0, 'N': 1, 'P': 0, 'Q': 1, 'R': 0, 'S': 2, 'T': 2, 'V': 5, 'W': 0, 'Y': 3}","{'A': 0, 'C': 0, 'D': 1, 'E': 1, 'F': 0, 'G': 2, 'H': 1, 'I': 3, 'K': 0, 'L': 0, 'M': 0, 'N': 1, 'P': 0, 'Q': 1, 'R': 0, 'S': 2, 'T': 2, 'V': 5, 'W': 0, 'Y': 3}",,,,1.08,1.11,1.06,,,,0.38,0.42,0.35,,,,0.71,0.57,0.86,,,,0.42,0.27,0.57,,,,0.26,0.37,0.14,,,,3.62,4.44,2.81,,,,"0 hours, 0 minutes, 49 seconds",,EGFR_patchF,relaxed_filters,default_4stage_multimer
EGFRpH_F_l37_s773555_mpnn4,4stage,37,773555,-0.3,"A431,A434,A436",SEYRVLVDTGSGVVDISHGQGQINTDVVNYVYITEKK,"B3,B5,B7,B16,B17,B18,B19,B21,B22,B23,B25,B26,B27,B28,B29,B30,B31,B32,B33,B34,B35",0.84,0.47,0.86,0.85,0.87,,,,0.88,0.87,0.89,,,,0.88,0.87,0.89,,,,0.19,0.2,0.18,,,,0.2,0.21,0.19,,,,0.0,0,0,,,,0.0,0,0,,,,2.0,1,3,,,,0.0,0,0,,,,-118.95,-118.33,-119.57,,,,0.46,0.47,0.45,,,,0.73,0.74,0.72,,,,0.66,0.68,0.64,,,,-74.06,-74.53,-73.6,,,,1764.39,1744.42,1784.36,,,,-4.2,-4.27,-4.12,,,,82.14,83.27,81.01,,,,51.19,50.0,52.38,,,,21.5,22,21,,,,13.0,14,12,,,,60.39,63.64,57.14,,,,5.0,4.0,6.0,,,,23.38,18.18,28.57,,,,0.0,0,0,,,,0.0,0,0,,,,0.0,0,0,,,,0.0,0,0,,,,0.0,0,0,,,,0.0,0,0,,,,"{'A': 0.0, 'C': 0.0, 'D': 1.0, 'E': 1.0, 'F': 0.0, 'G': 2.0, 'H': 1.0, 'I': 3.0, 'K': 0.0, 'L': 0.0, 'M': 0.0, 'N': 1.0, 'P': 0.0, 'Q': 1.0, 'R': 0.0, 'S': 1.5, 'T': 2.0, 'V': 5.0, 'W': 0.0, 'Y': 3.0}","{'A': 0, 'C': 0, 'D': 1, 'E': 1, 'F': 0, 'G': 2, 'H': 1, 'I': 3, 'K': 0, 'L': 0, 'M': 0, 'N': 1, 'P': 0, 'Q': 1, 'R': 0, 'S': 2, 'T': 2, 'V': 5, 'W': 0, 'Y': 3}","{'A': 0, 'C': 0, 'D': 1, 'E': 1, 'F': 0, 'G': 2, 'H': 1, 'I': 3, 'K': 0, 'L': 0, 'M': 0, 'N': 1, 'P': 0, 'Q': 1, 'R': 0, 'S': 1, 'T': 2, 'V': 5, 'W': 0, 'Y': 3}",,,,1.17,1.2,1.14,,,,0.38,0.41,0.36,,,,0.73,0.6,0.86,,,,0.42,0.27,0.56,,,,0.22,0.3,0.14,,,,2.94,3.08,2.79,,,,"0 hours, 0 minutes, 49 seconds",,EGFR_patchF,relaxed_filters,default_4stage_multimer
EGFRpH_F_l37_s773555_mpnn5,4stage,37,773555,-0.3,"A431,A434,A436",SEYRVLVDTGSGVVDISHGQGQIDTDVVNYVYITEKK,"B1,B3,B5,B7,B16,B18,B19,B21,B22,B23,B25,B26,B27,B28,B29,B30,B31,B32,B33,B34,B35",0.85,0.53,0.86,0.85,0.87,,,,0.88,0.87,0.89,,,,0.88,0.87,0.89,,,,0.19,0.2,0.18,,,,0.2,0.21,0.19,,,,0.0,0,0,,,,0.0,0,0,,,,2.0,1,3,,,,0.0,0,0,,,,-120.44,-118.77,-122.11,,,,0.46,0.47,0.45,,,,0.72,0.72,0.72,,,,0.67,0.67,0.66,,,,-71.34,-72.52,-70.16,,,,1767.53,1745.1,1789.96,,,,-4.04,-4.16,-3.92,,,,82.93,80.73,85.13,,,,51.19,50.0,52.38,,,,21.5,22,21,,,,12.5,13,12,,,,58.12,59.09,57.14,,,,4.5,3.0,6.0,,,,21.11,13.64,28.57,,,,0.0,0,0,,,,0.0,0,0,,,,0.0,0,0,,,,0.0,0,0,,,,0.0,0,0,,,,0.0,0,0,,,,"{'A': 0.0, 'C': 0.0, 'D': 1.0, 'E': 1.0, 'F': 0.0, 'G': 2.0, 'H': 1.0, 'I': 3.0, 'K': 0.0, 'L': 0.0, 'M': 0.0, 'N': 1.0, 'P': 0.0, 'Q': 1.0, 'R': 0.0, 'S': 1.5, 'T': 2.0, 'V': 5.0, 'W': 0.0, 'Y': 3.0}","{'A': 0, 'C': 0, 'D': 1, 'E': 1, 'F': 0, 'G': 2, 'H': 1, 'I': 3, 'K': 0, 'L': 0, 'M': 0, 'N': 1, 'P': 0, 'Q': 1, 'R': 0, 'S': 2, 'T': 2, 'V': 5, 'W': 0, 'Y': 3}","{'A': 0, 'C': 0, 'D': 1, 'E': 1, 'F': 0, 'G': 2, 'H': 1, 'I': 3, 'K': 0, 'L': 0, 'M': 0, 'N': 1, 'P': 0, 'Q': 1, 'R': 0, 'S': 1, 'T': 2, 'V': 5, 'W': 0, 'Y': 3}",,,,1.1,1.13,1.07,,,,0.38,0.41,0.36,,,,0.7,0.54,0.86,,,,0.39,0.22,0.57,,,,0.27,0.4,0.14,,,,3.6,4.4,2.8,,,,"0 hours, 0 minutes, 44 seconds",,EGFR_patchF,relaxed_filters,default_4stage_multimer
EGFRpH_F_l37_s773555_mpnn6,4stage,37,773555,-0.3,"A431,A434,A436",SEYIVLVDTGKGVIDISHGQGQIDTDVVNYVYITEKK,"B3,B5,B7,B16,B17,B18,B19,B21,B22,B23,B25,B26,B27,B28,B29,B30,B31,B32,B33,B34,B35",0.85,0.47,0.86,0.85,0.88,,,,0.88,0.87,0.89,,,,0.88,0.87,0.89,,,,0.18,0.2,0.17,,,,0.2,0.21,0.19,,,,0.0,0,0,,,,0.0,0,0,,,,1.5,2,1,,,,0.0,0,0,,,,-126.83,-123.06,-130.59,,,,0.49,0.5,0.48,,,,0.74,0.75,0.73,,,,0.67,0.67,0.67,,,,-70.5,-69.48,-71.52,,,,1750.74,1770.4,1731.09,,,,-4.03,-3.92,-4.13,,,,76.22,76.94,75.5,,,,52.38,52.38,52.38,,,,21.0,21,21,,,,11.5,11,12,,,,54.76,52.38,57.14,,,,4.0,4.0,4.0,,,,19.05,19.05,19.05,,,,0.0,0,0,,,,0.0,0,0,,,,0.0,0,0,,,,0.0,0,0,,,,0.0,0,0,,,,0.0,0,0,,,,"{'A': 0.0, 'C': 0.0, 'D': 1.0, 'E': 1.0, 'F': 0.0, 'G': 2.0, 'H': 1.0, 'I': 3.0, 'K': 0.0, 'L': 0.0, 'M': 0.0, 'N': 1.0, 'P': 0.0, 'Q': 1.0, 'R': 0.0, 'S': 1.0, 'T': 2.0, 'V': 5.0, 'W': 0.0, 'Y': 3.0}","{'A': 0, 'C': 0, 'D': 1, 'E': 1, 'F': 0, 'G': 2, 'H': 1, 'I': 3, 'K': 0, 'L': 0, 'M': 0, 'N': 1, 'P': 0, 'Q': 1, 'R': 0, 'S': 1, 'T': 2, 'V': 5, 'W': 0, 'Y': 3}","{'A': 0, 'C': 0, 'D': 1, 'E': 1, 'F': 0, 'G': 2, 'H': 1, 'I': 3, 'K': 0, 'L': 0, 'M': 0, 'N': 1, 'P': 0, 'Q': 1, 'R': 0, 'S': 1, 'T': 2, 'V': 5, 'W': 0, 'Y': 3}",,,,1.08,1.12,1.05,,,,0.38,0.41,0.36,,,,0.85,0.82,0.88,,,,0.53,0.49,0.58,,,,0.15,0.17,0.13,,,,2.83,2.78,2.87,,,,"0 hours, 0 minutes, 46 seconds",,EGFR_patchF,relaxed_filters,default_4stage_multimer
EGFRpH_F_l37_s773555_mpnn7,4stage,37,773555,-0.3,"A431,A434,A436",SEYIVLVDTGKGVVDISHGQGQIDTDVVNYVYITEKK,"B1,B3,B5,B7,B16,B17,B18,B19,B22,B23,B25,B26,B27,B28,B29,B30,B31,B32,B33,B34,B35",0.87,0.53,0.87,0.86,0.88,,,,0.88,0.87,0.89,,,,0.88,0.87,0.89,,,,0.18,0.19,0.17,,,,0.2,0.21,0.18,,,,0.0,0,0,,,,0.0,0,0,,,,2.5,1,4,,,,0.0,0,0,,,,-128.29,-124.87,-131.71,,,,0.5,0.5,0.5,,,,0.74,0.75,0.73,,,,0.67,0.66,0.67,,,,-70.72,-70.65,-70.78,,,,1738.59,1797.16,1680.01,,,,-4.07,-3.93,-4.21,,,,78.25,80.94,75.55,,,,52.38,52.38,52.38,,,,21.0,21,21,,,,11.0,11,11,,,,52.38,52.38,52.38,,,,3.5,4.0,3.0,,,,16.67,19.05,14.29,,,,0.0,0,0,,,,0.0,0,0,,,,0.0,0,0,,,,0.0,0,0,,,,0.0,0,0,,,,0.0,0,0,,,,"{'A': 0.0, 'C': 0.0, 'D': 1.0, 'E': 1.0, 'F': 0.0, 'G': 1.5, 'H': 1.0, 'I': 3.0, 'K': 0.0, 'L': 0.0, 'M': 0.0, 'N': 1.0, 'P': 0.0, 'Q': 1.0, 'R': 0.0, 'S': 1.5, 'T': 2.0, 'V': 5.0, 'W': 0.0, 'Y': 3.0}","{'A': 0, 'C': 0, 'D': 1, 'E': 1, 'F': 0, 'G': 2, 'H': 1, 'I': 3, 'K': 0, 'L': 0, 'M': 0, 'N': 1, 'P': 0, 'Q': 1, 'R': 0, 'S': 1, 'T': 2, 'V': 5, 'W': 0, 'Y': 3}","{'A': 0, 'C': 0, 'D': 1, 'E': 1, 'F': 0, 'G': 1, 'H': 1, 'I': 3, 'K': 0, 'L': 0, 'M': 0, 'N': 1, 'P': 0, 'Q': 1, 'R': 0, 'S': 2, 'T': 2, 'V': 5, 'W': 0, 'Y': 3}",,,,1.06,1.08,1.04,,,,0.38,0.41,0.36,,,,0.81,0.76,0.87,,,,0.49,0.42,0.57,,,,0.17,0.21,0.13,,,,2.82,2.82,2.82,,,,"0 hours, 0 minutes, 45 seconds",,EGFR_patchF,relaxed_filters,default_4stage_multimer
EGFRpH_F_l37_s773555_mpnn8,4stage,37,773555,-0.3,"A431,A434,A436",SEYRVLVDTGKGVIDISHGQGQIDTDVVNYVYITEKK,"B3,B5,B7,B16,B17,B18,B19,B21,B22,B23,B25,B26,B27,B28,B29,B30,B31,B32,B33,B34,B35",0.88,0.53,0.86,0.85,0.87,,,,0.88,0.87,0.89,,,,0.88,0.87,0.89,,,,0.19,0.2,0.18,,,,0.2,0.21,0.19,,,,0.0,0,0,,,,0.0,0,0,,,,1.0,0,2,,,,0.0,0,0,,,,-121.27,-118.53,-124.01,,,,0.46,0.45,0.46,,,,0.72,0.73,0.71,,,,0.62,0.62,0.63,,,,-73.59,-73.68,-73.5,,,,1767.83,1794.94,1740.72,,,,-4.16,-4.1,-4.22,,,,79.59,78.12,81.07,,,,51.19,50.0,52.38,,,,21.5,22,21,,,,13.0,14,12,,,,60.39,63.64,57.14,,,,3.0,3.0,3.0,,,,13.96,13.64,14.29,,,,0.0,0,0,,,,0.0,0,0,,,,0.0,0,0,,,,0.0,0,0,,,,0.0,0,0,,,,0.0,0,0,,,,"{'A': 0.0, 'C': 0.0, 'D': 1.0, 'E': 1.0, 'F': 0.0, 'G': 2.0, 'H': 1.0, 'I': 3.0, 'K': 0.0, 'L': 0.0, 'M': 0.0, 'N': 1.0, 'P': 0.0, 'Q': 1.0, 'R': 0.0, 'S': 1.5, 'T': 2.0, 'V': 5.0, 'W': 0.0, 'Y': 3.0}","{'A': 0, 'C': 0, 'D': 1, 'E': 1, 'F': 0, 'G': 2, 'H': 1, 'I': 3, 'K': 0, 'L': 0, 'M': 0, 'N': 1, 'P': 0, 'Q': 1, 'R': 0, 'S': 2, 'T': 2, 'V': 5, 'W': 0, 'Y': 3}","{'A': 0, 'C': 0, 'D': 1, 'E': 1, 'F': 0, 'G': 2, 'H': 1, 'I': 3, 'K': 0, 'L': 0, 'M': 0, 'N': 1, 'P': 0, 'Q': 1, 'R': 0, 'S': 1, 'T': 2, 'V': 5, 'W': 0, 'Y': 3}",,,,1.1,1.15,1.06,,,,0.38,0.41,0.35,,,,0.74,0.61,0.87,,,,0.44,0.31,0.57,,,,0.25,0.37,0.13,,,,7.79,12.73,2.85,,,,"0 hours, 0 minutes, 43 seconds",,EGFR_patchF,relaxed_filters,default_4stage_multimer
EGFRpH_F_l37_s773555_mpnn10,4stage,37,773555,-0.3,"A431,A434,A436",SEYRVLVDTGTGVVDISHGQGQIDTDVVNYVYITEKK,"B1,B3,B5,B7,B16,B17,B18,B19,B21,B22,B23,B25,B26,B27,B28,B29,B30,B31,B32,B33,B34,B35",0.91,0.53,0.86,0.85,0.87,,,,0.88,0.87,0.89,,,,0.88,0.87,0.89,,,,0.19,0.2,0.18,,,,0.2,0.21,0.19,,,,0.0,0,0,,,,0.0,0,0,,,,2.0,1,3,,,,0.0,0,0,,,,-121.4,-117.71,-125.09,,,,0.46,0.47,0.46,,,,0.72,0.71,0.73,,,,0.66,0.66,0.65,,,,-73.81,-72.49,-75.14,,,,1799.13,1775.74,1822.53,,,,-4.1,-4.08,-4.12,,,,82.0,79.2,84.79,,,,50.0,50.0,50.0,,,,22.0,22,22,,,,11.5,12,11,,,,52.27,54.55,50.0,,,,4.5,3.0,6.0,,,,20.45,13.64,27.27,,,,0.0,0,0,,,,0.0,0,0,,,,0.0,0,0,,,,0.0,0,0,,,,0.0,0,0,,,,0.0,0,0,,,,"{'A': 0.0, 'C': 0.0, 'D': 1.0, 'E': 1.0, 'F': 0.0, 'G': 2.0, 'H': 1.0, 'I': 3.0, 'K': 0.0, 'L': 0.0, 'M': 0.0, 'N': 1.0, 'P': 0.0, 'Q': 1.0, 'R': 0.0, 'S': 2.0, 'T': 2.0, 'V': 5.0, 'W': 0.0, 'Y': 3.0}","{'A': 0, 'C': 0, 'D': 1, 'E': 1, 'F': 0, 'G': 2, 'H': 1, 'I': 3, 'K': 0, 'L': 0, 'M': 0, 'N': 1, 'P': 0, 'Q': 1, 'R': 0, 'S': 2, 'T': 2, 'V': 5, 'W': 0, 'Y': 3}","{'A': 0, 'C': 0, 'D': 1, 'E': 1, 'F': 0, 'G': 2, 'H': 1, 'I': 3, 'K': 0, 'L': 0, 'M': 0, 'N': 1, 'P': 0, 'Q': 1, 'R': 0, 'S': 2, 'T': 2, 'V': 5, 'W': 0, 'Y': 3}",,,,1.12,1.19,1.05,,,,0.38,0.41,0.36,,,,0.71,0.55,0.86,,,,0.39,0.21,0.56,,,,0.26,0.38,0.14,,,,3.21,3.61,2.81,,,,"0 hours, 0 minutes, 44 seconds",,EGFR_patchF,relaxed_filters,default_4stage_multimer
EGFRpH_F_l37_s773555_mpnn11,4stage,37,773555,-0.3,"A431,A434,A436",SEYRVLVDTGTGVIDISHGQGQINTDVVNYVYITEKK,"B1,B3,B5,B7,B16,B17,B18,B19,B21,B22,B23,B25,B26,B27,B28,B29,B30,B31,B32,B33,B34,B35",0.96,0.4,0.85,0.84,0.87,,,,0.88,0.87,0.89,,,,0.88,0.86,0.89,,,,0.2,0.21,0.18,,,,0.21,0.22,0.19,,,,0.0,0,0,,,,0.0,0,0,,,,2.5,0,5,,,,0.0,0,0,,,,-121.31,-119.91,-122.72,,,,0.46,0.45,0.46,,,,0.71,0.72,0.7,,,,0.63,0.62,0.64,,,,-70.12,-70.13,-70.12,,,,1787.67,1778.24,1797.1,,,,-3.92,-3.94,-3.9,,,,82.42,80.32,84.53,,,,50.0,50.0,50.0,,,,22.0,22,22,,,,14.0,14,14,,,,63.64,63.64,63.64,,,,5.0,5.0,5.0,,,,22.73,22.73,22.73,,,,0.0,0,0,,,,0.0,0,0,,,,0.0,0,0,,,,0.0,0,0,,,,0.0,0,0,,,,0.0,0,0,,,,"{'A': 0.0, 'C': 0.0, 'D': 1.0, 'E': 1.0, 'F': 0.0, 'G': 2.0, 'H': 1.0, 'I': 3.0, 'K': 0.0, 'L': 0.0, 'M': 0.0, 'N': 1.0, 'P': 0.0, 'Q': 1.0, 'R': 0.0, 'S': 2.0, 'T': 2.0, 'V': 5.0, 'W': 0.0, 'Y': 3.0}","{'A': 0, 'C': 0, 'D': 1, 'E': 1, 'F': 0, 'G': 2, 'H': 1, 'I': 3, 'K': 0, 'L': 0, 'M': 0, 'N': 1, 'P': 0, 'Q': 1, 'R': 0, 'S': 2, 'T': 2, 'V': 5, 'W': 0, 'Y': 3}","{'A': 0, 'C': 0, 'D': 1, 'E': 1, 'F': 0, 'G': 2, 'H': 1, 'I': 3, 'K': 0, 'L': 0, 'M': 0, 'N': 1, 'P': 0, 'Q': 1, 'R': 0, 'S': 2, 'T': 2, 'V': 5, 'W': 0, 'Y': 3}",,,,1.19,1.22,1.15,,,,0.38,0.41,0.35,,,,0.74,0.61,0.87,,,,0.42,0.27,0.57,,,,0.23,0.31,0.14,,,,3.01,3.2,2.82,,,,"0 hours, 0 minutes, 44 seconds",,EGFR_patchF,relaxed_filters,default_4stage_multimer
EGFRpH_F_l37_s195833_mpnn3,4stage,37,195833,-0.3,"A431,A434,A436",MKKVVITKENPDREAVQNPTGGIIVKYENGEWQVIVE,"B1,B6,B7,B8,B11,B12,B13,B16,B17,B19,B20,B21,B22,B23,B24,B25,B26,B27,B32,B34,B36,B37",0.93,0.5,0.81,0.8,0.82,,,,0.86,0.85,0.87,,,,0.81,0.81,0.82,,,,0.23,0.23,0.22,,,,0.24,0.25,0.23,,,,0.0,0,0,,,,0.0,0,0,,,,0.0,0,0,,,,0.0,0,0,,,,-112.61,-117.81,-107.41,,,,0.44,0.43,0.45,,,,0.71,0.76,0.65,,,,0.65,0.69,0.61,,,,-64.54,-67.34,-61.74,,,,1677.81,1673.4,1682.21,,,,-3.84,-4.02,-3.67,,,,71.16,71.71,70.6,,,,53.47,52.38,54.55,,,,21.5,21,22,,,,7.0,6,8,,,,32.47,28.57,36.36,,,,7.5,7.0,8.0,,,,34.84,33.33,36.36,,,,0.0,0,0,,,,0.0,0,0,,,,0.0,0,0,,,,0.0,0,0,,,,0.0,0,0,,,,0.0,0,0,,,,"{'A': 0.0, 'C': 0.0, 'D': 1.0, 'E': 1.5, 'F': 0.0, 'G': 2.0, 'H': 0.0, 'I': 3.0, 'K': 2.0, 'L': 0.0, 'M': 1.0, 'N': 0.0, 'P': 2.0, 'Q': 1.0, 'R': 1.0, 'S': 0.0, 'T': 1.5, 'V': 3.5, 'W': 1.0, 'Y': 1.0}","{'A': 0, 'C': 0, 'D': 1, 'E': 2, 'F': 0, 'G': 2, 'H': 0, 'I': 3, 'K': 2, 'L': 0, 'M': 1, 'N': 0, 'P': 2, 'Q': 1, 'R': 1, 'S': 0, 'T': 1, 'V': 3, 'W': 1, 'Y': 1}","{'A': 0, 'C': 0, 'D': 1, 'E': 1, 'F': 0, 'G': 2, 'H': 0, 'I': 3, 'K': 2, 'L': 0, 'M': 1, 'N': 0, 'P': 2, 'Q': 1, 'R': 1, 'S': 0, 'T': 2, 'V': 4, 'W': 1, 'Y': 1}",,,,0.93,0.84,1.02,,,,0.36,0.41,0.32,,,,0.62,0.61,0.63,,,,0.3,0.29,0.32,,,,0.33,0.34,0.32,,,,6.84,6.44,7.24,,,,"0 hours, 1 minutes, 8 seconds",,EGFR_patchF,relaxed_filters,default_4stage_multimer
EGFRpH_F_l37_s195833_mpnn4,4stage,37,195833,-0.3,"A431,A434,A436",MKRVVITKENPDREAVQNPTGGIIVKYENGEWQVIVE,"B1,B6,B7,B8,B11,B13,B16,B17,B19,B20,B21,B22,B23,B24,B25,B26,B27,B32,B34,B36,B37",0.93,0.56,0.82,0.81,0.83,,,,0.86,0.85,0.87,,,,0.81,0.81,0.82,,,,0.22,0.23,0.21,,,,0.23,0.24,0.23,,,,0.0,0,0,,,,0.0,0,0,,,,0.0,0,0,,,,0.0,0,0,,,,-114.97,-119.51,-110.42,,,,0.45,0.45,0.45,,,,0.66,0.65,0.67,,,,0.64,0.66,0.61,,,,-62.09,-60.63,-63.54,,,,1708.59,1715.59,1701.59,,,,-3.63,-3.53,-3.73,,,,73.11,74.35,71.87,,,,55.84,54.55,57.14,,,,21.5,22,21,,,,7.0,6,8,,,,32.69,27.27,38.1,,,,6.5,6.0,7.0,,,,30.3,27.27,33.33,,,,0.0,0,0,,,,0.0,0,0,,,,0.0,0,0,,,,0.0,0,0,,,,0.0,0,0,,,,0.0,0,0,,,,"{'A': 0.0, 'C': 0.0, 'D': 0.5, 'E': 1.0, 'F': 0.0, 'G': 2.0, 'H': 0.0, 'I': 3.0, 'K': 2.0, 'L': 0.0, 'M': 1.0, 'N': 0.0, 'P': 2.0, 'Q': 1.0, 'R': 1.0, 'S': 0.0, 'T': 2.0, 'V': 4.0, 'W': 1.0, 'Y': 1.0}","{'A': 0, 'C': 0, 'D': 1, 'E': 1, 'F': 0, 'G': 2, 'H': 0, 'I': 3, 'K': 2, 'L': 0, 'M': 1, 'N': 0, 'P': 2, 'Q': 1, 'R': 1, 'S': 0, 'T': 2, 'V': 4, 'W': 1, 'Y': 1}","{'A': 0, 'C': 0, 'D': 0, 'E': 1, 'F': 0, 'G': 2, 'H': 0, 'I': 3, 'K': 2, 'L': 0, 'M': 1, 'N': 0, 'P': 2, 'Q': 1, 'R': 1, 'S': 0, 'T': 2, 'V': 4, 'W': 1, 'Y': 1}",,,,0.99,0.91,1.06,,,,0.37,0.41,0.33,,,,0.61,0.61,0.61,,,,0.29,0.29,0.3,,,,0.33,0.33,0.33,,,,6.82,6.27,7.38,,,,"0 hours, 0 minutes, 50 seconds",,EGFR_patchF,relaxed_filters,default_4stage_multimer
EGFRpH_F_l37_s195833_mpnn6,4stage,37,195833,-0.3,"A431,A434,A436",MKKVIITKENPDREAVQNPTGGIIVKYENGEWQVIVE,"B1,B6,B7,B8,B11,B13,B16,B17,B19,B20,B21,B22,B23,B24,B25,B26,B27,B32,B34,B36,B37",0.95,0.5,0.81,0.81,0.82,,,,0.86,0.85,0.87,,,,0.81,0.81,0.82,,,,0.23,0.23,0.22,,,,0.23,0.24,0.23,,,,0.0,0,0,,,,0.0,0,0,,,,0.0,0,0,,,,0.0,0,0,,,,-113.59,-118.59,-108.59,,,,0.44,0.43,0.45,,,,0.68,0.69,0.66,,,,0.59,0.6,0.59,,,,-64.97,-64.84,-65.11,,,,1726.12,1686.36,1765.88,,,,-3.76,-3.84,-3.69,,,,73.88,72.3,75.47,,,,54.76,52.38,57.14,,,,21.0,21,21,,,,8.0,6,10,,,,38.09,28.57,47.62,,,,5.5,7.0,4.0,,,,26.19,33.33,19.05,,,,0.0,0,0,,,,0.0,0,0,,,,0.0,0,0,,,,0.0,0,0,,,,0.0,0,0,,,,0.0,0,0,,,,"{'A': 0.0, 'C': 0.0, 'D': 0.5, 'E': 1.0, 'F': 0.0, 'G': 2.0, 'H': 0.0, 'I': 3.0, 'K': 2.0, 'L': 0.0, 'M': 0.5, 'N': 0.0, 'P': 2.0, 'Q': 1.0, 'R': 1.0, 'S': 0.0, 'T': 2.0, 'V': 4.0, 'W': 1.0, 'Y': 1.0}","{'A': 0, 'C': 0, 'D': 1, 'E': 1, 'F': 0, 'G': 2, 'H': 0, 'I': 3, 'K': 2, 'L': 0, 'M': 0, 'N': 0, 'P': 2, 'Q': 1, 'R': 1, 'S': 0, 'T': 2, 'V': 4, 'W': 1, 'Y': 1}","{'A': 0, 'C': 0, 'D': 0, 'E': 1, 'F': 0, 'G': 2, 'H': 0, 'I': 3, 'K': 2, 'L': 0, 'M': 1, 'N': 0, 'P': 2, 'Q': 1, 'R': 1, 'S': 0, 'T': 2, 'V': 4, 'W': 1, 'Y': 1}",,,,0.92,0.83,1.01,,,,0.36,0.41,0.31,,,,0.6,0.6,0.61,,,,0.3,0.29,0.31,,,,0.34,0.35,0.33,,,,7.2,6.92,7.47,,,,"0 hours, 0 minutes, 48 seconds",,EGFR_patchF,relaxed_filters,default_4stage_multimer
EGFRpH_F_l37_s195833_mpnn9,4stage,37,195833,-0.3,"A431,A434,A436",MKRVIITKENPDREAVQNPTGGIIVKYENNEWQVIVE,"B1,B6,B7,B8,B11,B12,B13,B16,B17,B19,B20,B21,B22,B23,B24,B25,B26,B27,B32,B34,B36,B37",0.96,0.62,0.83,0.82,0.84,,,,0.86,0.85,0.88,,,,0.82,0.82,0.83,,,,0.21,0.22,0.2,,,,0.23,0.23,0.22,,,,0.0,0,0,,,,0.0,0,0,,,,0.0,0,0,,,,0.0,0,0,,,,-113.24,-117.92,-108.56,,,,0.41,0.42,0.4,,,,0.67,0.66,0.68,,,,0.62,0.62,0.62,,,,-61.81,-60.2,-63.42,,,,1705.51,1711.29,1699.72,,,,-3.62,-3.52,-3.73,,,,73.12,73.41,72.84,,,,54.55,54.55,54.55,,,,22.0,22,22,,,,5.5,5,6,,,,25.0,22.73,27.27,,,,6.0,6.0,6.0,,,,27.27,27.27,27.27,,,,0.0,0,0,,,,0.0,0,0,,,,0.0,0,0,,,,0.0,0,0,,,,0.0,0,0,,,,0.0,0,0,,,,"{'A': 0.0, 'C': 0.0, 'D': 1.0, 'E': 1.0, 'F': 0.0, 'G': 2.0, 'H': 0.0, 'I': 3.0, 'K': 2.0, 'L': 0.0, 'M': 1.0, 'N': 0.0, 'P': 2.0, 'Q': 1.0, 'R': 1.0, 'S': 0.0, 'T': 2.0, 'V': 4.0, 'W': 1.0, 'Y': 1.0}","{'A': 0, 'C': 0, 'D': 1, 'E': 1, 'F': 0, 'G': 2, 'H': 0, 'I': 3, 'K': 2, 'L': 0, 'M': 1, 'N': 0, 'P': 2, 'Q': 1, 'R': 1, 'S': 0, 'T': 2, 'V': 4, 'W': 1, 'Y': 1}","{'A': 0, 'C': 0, 'D': 1, 'E': 1, 'F': 0, 'G': 2, 'H': 0, 'I': 3, 'K': 2, 'L': 0, 'M': 1, 'N': 0, 'P': 2, 'Q': 1, 'R': 1, 'S': 0, 'T': 2, 'V': 4, 'W': 1, 'Y': 1}",,,,0.93,0.87,0.99,,,,0.36,0.41,0.32,,,,0.6,0.6,0.61,,,,0.3,0.28,0.31,,,,0.34,0.33,0.34,,,,6.78,6.36,7.2,,,,"0 hours, 0 minutes, 47 seconds",,EGFR_patchF,relaxed_filters,default_4stage_multimer
EGFRpH_F_l37_s195833_mpnn10,4stage,37,195833,-0.3,"A431,A434,A436",MKRTIITKENPDREAVQNPTGGIIVKYENGEWQVIVE,"B1,B6,B7,B11,B13,B16,B17,B19,B20,B21,B22,B23,B24,B25,B26,B27,B32,B34,B36,B37",1.01,0.5,0.82,0.81,0.83,,,,0.86,0.85,0.87,,,,0.82,0.81,0.83,,,,0.22,0.23,0.21,,,,0.23,0.25,0.22,,,,0.0,0,0,,,,0.0,0,0,,,,0.0,0,0,,,,0.0,0,0,,,,-113.97,-118.34,-109.59,,,,0.44,0.43,0.45,,,,0.71,0.73,0.7,,,,0.69,0.65,0.72,,,,-65.52,-66.21,-64.83,,,,1680.57,1683.35,1677.8,,,,-3.9,-3.93,-3.86,,,,69.37,70.09,68.65,,,,57.27,54.55,60.0,,,,21.0,22,20,,,,7.0,6,8,,,,33.63,27.27,40.0,,,,6.0,7.0,5.0,,,,28.41,31.82,25.0,,,,0.0,0,0,,,,0.0,0,0,,,,0.0,0,0,,,,0.0,0,0,,,,0.0,0,0,,,,0.0,0,0,,,,"{'A': 0.0, 'C': 0.0, 'D': 0.5, 'E': 1.0, 'F': 0.0, 'G': 2.0, 'H': 0.0, 'I': 3.0, 'K': 1.5, 'L': 0.0, 'M': 1.0, 'N': 0.0, 'P': 2.0, 'Q': 1.0, 'R': 1.0, 'S': 0.0, 'T': 2.0, 'V': 4.0, 'W': 1.0, 'Y': 1.0}","{'A': 0, 'C': 0, 'D': 1, 'E': 1, 'F': 0, 'G': 2, 'H': 0, 'I': 3, 'K': 2, 'L': 0, 'M': 1, 'N': 0, 'P': 2, 'Q': 1, 'R': 1, 'S': 0, 'T': 2, 'V': 4, 'W': 1, 'Y': 1}","{'A': 0, 'C': 0, 'D': 0, 'E': 1, 'F': 0, 'G': 2, 'H': 0, 'I': 3, 'K': 1, 'L': 0, 'M': 1, 'N': 0, 'P': 2, 'Q': 1, 'R': 1, 'S': 0, 'T': 2, 'V': 4, 'W': 1, 'Y': 1}",,,,0.98,0.89,1.07,,,,0.36,0.41,0.32,,,,0.61,0.6,0.63,,,,0.29,0.28,0.29,,,,0.39,0.38,0.39,,,,7.54,7.17,7.92,,,,"0 hours, 0 minutes, 46 seconds",,EGFR_patchF,relaxed_filters,default_4stage_multimer
EGFRpH_F_l31_s174681_mpnn1,4stage,31,174681,-0.3,"A431,A434,A436",MKVEKRGHETIYWIPQQDGKYRPMVISDMRR,"B1,B9,B12,B14,B16,B22,B23,B24,B25,B26,B27,B28,B29,B30,B31",0.94,0.46,0.9,0.9,0.89,,,,0.88,0.87,0.88,,,,0.86,0.87,0.86,,,,0.18,0.18,0.18,,,,0.19,0.19,0.19,,,,0.0,0,0,,,,0.0,0,0,,,,0.5,1,0,,,,0.0,0,0,,,,-92.81,-91.87,-93.75,,,,0.47,0.47,0.47,,,,0.68,0.68,0.67,,,,0.63,0.65,0.61,,,,-54.05,-54.6,-53.51,,,,1588.88,1618.58,1559.19,,,,-3.4,-3.37,-3.43,,,,67.11,68.61,65.61,,,,53.33,53.33,53.33,,,,15.0,15,15,,,,9.5,10,9,,,,63.34,66.67,60.0,,,,5.0,5.0,5.0,,,,33.33,33.33,33.33,,,,0.0,0,0,,,,0.0,0,0,,,,0.0,0,0,,,,0.0,0,0,,,,0.0,0,0,,,,0.0,0,0,,,,"{'A': 0.0, 'C': 0.0, 'D': 1.0, 'E': 1.0, 'F': 0.0, 'G': 0.0, 'H': 0.0, 'I': 2.0, 'K': 0.0, 'L': 0.0, 'M': 3.0, 'N': 0.0, 'P': 1.0, 'Q': 1.0, 'R': 3.0, 'S': 1.0, 'T': 0.0, 'V': 1.0, 'W': 0.0, 'Y': 1.0}","{'A': 0, 'C': 0, 'D': 1, 'E': 1, 'F': 0, 'G': 0, 'H': 0, 'I': 2, 'K': 0, 'L': 0, 'M': 3, 'N': 0, 'P': 1, 'Q': 1, 'R': 3, 'S': 1, 'T': 0, 'V': 1, 'W': 0, 'Y': 1}","{'A': 0, 'C': 0, 'D': 1, 'E': 1, 'F': 0, 'G': 0, 'H': 0, 'I': 2, 'K': 0, 'L': 0, 'M': 3, 'N': 0, 'P': 1, 'Q': 1, 'R': 3, 'S': 1, 'T': 0, 'V': 1, 'W': 0, 'Y': 1}",,,,1.26,1.24,1.28,,,,0.37,0.41,0.33,,,,0.9,0.89,0.9,,,,0.48,0.48,0.49,,,,0.15,0.15,0.14,,,,3.63,3.76,3.51,,,,"0 hours, 1 minutes, 27 seconds",,EGFR_patchF,relaxed_filters,default_4stage_multimer
EGFRpH_F_l31_s174681_mpnn2,4stage,31,174681,-0.3,"A431,A434,A436",MKVEKRGHETVYWIPQQDGKYRPMVISDMRR,"B1,B6,B8,B9,B12,B14,B16,B17,B22,B23,B24,B25,B26,B27,B28,B29,B30,B31",0.94,0.54,0.9,0.9,0.89,,,,0.88,0.87,0.88,,,,0.86,0.87,0.86,,,,0.18,0.18,0.18,,,,0.2,0.19,0.2,,,,0.0,0,0,,,,0.0,0,0,,,,0.5,1,0,,,,0.0,0,0,,,,-96.84,-93.66,-100.03,,,,0.47,0.48,0.47,,,,0.71,0.73,0.69,,,,0.64,0.66,0.62,,,,-59.52,-60.44,-58.61,,,,1781.99,1809.09,1754.88,,,,-3.34,-3.34,-3.34,,,,79.65,80.9,78.4,,,,48.69,52.94,44.44,,,,17.5,17,18,,,,11.5,13,10,,,,66.02,76.47,55.56,,,,4.5,4.0,5.0,,,,25.66,23.53,27.78,,,,0.0,0,0,,,,0.0,0,0,,,,0.0,0,0,,,,0.0,0,0,,,,0.0,0,0,,,,0.0,0,0,,,,"{'A': 0.0, 'C': 0.0, 'D': 1.0, 'E': 1.0, 'F': 0.0, 'G': 0.0, 'H': 0.5, 'I': 2.0, 'K': 0.0, 'L': 0.0, 'M': 3.0, 'N': 0.0, 'P': 1.5, 'Q': 2.0, 'R': 3.5, 'S': 1.0, 'T': 0.0, 'V': 1.0, 'W': 0.0, 'Y': 1.0}","{'A': 0, 'C': 0, 'D': 1, 'E': 1, 'F': 0, 'G': 0, 'H': 0, 'I': 2, 'K': 0, 'L': 0, 'M': 3, 'N': 0, 'P': 2, 'Q': 2, 'R': 3, 'S': 1, 'T': 0, 'V': 1, 'W': 0, 'Y': 1}","{'A': 0, 'C': 0, 'D': 1, 'E': 1, 'F': 0, 'G': 0, 'H': 1, 'I': 2, 'K': 0, 'L': 0, 'M': 3, 'N': 0, 'P': 1, 'Q': 2, 'R': 4, 'S': 1, 'T': 0, 'V': 1, 'W': 0, 'Y': 1}",,,,1.15,1.04,1.25,,,,0.38,0.42,0.33,,,,0.89,0.89,0.89,,,,0.47,0.47,0.48,,,,0.15,0.15,0.14,,,,3.62,3.69,3.54,,,,"0 hours, 0 minutes, 47 seconds",,EGFR_patchF,relaxed_filters,default_4stage_multimer
EGFRpH_F_l31_s174681_mpnn3,4stage,31,174681,-0.3,"A431,A434,A436",MKVEVRGHEVVYWIPQQDGKYRPMVISDMRR,"B1,B9,B12,B14,B16,B22,B23,B24,B25,B26,B27,B28,B29,B30,B31",0.95,0.46,0.88,0.89,0.87,,,,0.88,0.87,0.88,,,,0.86,0.87,0.86,,,,0.18,0.18,0.19,,,,0.2,0.19,0.2,,,,0.0,0,0,,,,0.0,0,0,,,,0.5,1,0,,,,0.0,0,0,,,,-101.15,-102.08,-100.22,,,,0.54,0.55,0.53,,,,0.71,0.73,0.7,,,,0.68,0.6,0.75,,,,-59.72,-64.33,-55.11,,,,1687.34,1794.87,1579.8,,,,-3.54,-3.58,-3.49,,,,79.35,88.0,70.7,,,,51.66,50.0,53.33,,,,16.5,18,15,,,,10.0,11,9,,,,60.55,61.11,60.0,,,,4.5,4.0,5.0,,,,27.77,22.22,33.33,,,,0.0,0,0,,,,0.0,0,0,,,,0.0,0,0,,,,0.0,0,0,,,,0.0,0,0,,,,0.0,0,0,,,,"{'A': 0.0, 'C': 0.0, 'D': 1.0, 'E': 1.0, 'F': 0.0, 'G': 0.0, 'H': 0.5, 'I': 2.0, 'K': 0.0, 'L': 0.0, 'M': 3.0, 'N': 0.0, 'P': 1.5, 'Q': 1.5, 'R': 3.0, 'S': 1.0, 'T': 0.0, 'V': 1.0, 'W': 0.0, 'Y': 1.0}","{'A': 0, 'C': 0, 'D': 1, 'E': 1, 'F': 0, 'G': 0, 'H': 1, 'I': 2, 'K': 0, 'L': 0, 'M': 3, 'N': 0, 'P': 2, 'Q': 2, 'R': 3, 'S': 1, 'T': 0, 'V': 1, 'W': 0, 'Y': 1}","{'A': 0, 'C': 0, 'D': 1, 'E': 1, 'F': 0, 'G': 0, 'H': 0, 'I': 2, 'K': 0, 'L': 0, 'M': 3, 'N': 0, 'P': 1, 'Q': 1, 'R': 3, 'S': 1, 'T': 0, 'V': 1, 'W': 0, 'Y': 1}",,,,1.08,1.09,1.07,,,,0.38,0.41,0.34,,,,0.87,0.87,0.87,,,,0.45,0.45,0.45,,,,0.16,0.16,0.16,,,,3.75,3.75,3.76,,,,"0 hours, 0 minutes, 46 seconds",,EGFR_patchF,relaxed_filters,default_4stage_multimer
EGFRpH_F_l31_s174681_mpnn4,4stage,31,174681,-0.3,"A431,A434,A436",MKVEKRGHETVYYIPQQDGKYRPMVISDMRR,"B1,B6,B8,B9,B12,B14,B15,B16,B17,B22,B23,B24,B25,B26,B27,B28,B29,B30,B31",0.97,0.62,0.89,0.9,0.88,,,,0.88,0.87,0.88,,,,0.86,0.87,0.85,,,,0.18,0.18,0.19,,,,0.2,0.19,0.21,,,,0.0,0,0,,,,0.0,0,0,,,,0.0,0,0,,,,0.0,0,0,,,,-97.84,-99.89,-95.79,,,,0.47,0.47,0.48,,,,0.7,0.71,0.68,,,,0.65,0.62,0.67,,,,-57.45,-55.2,-59.69,,,,1732.31,1683.16,1781.46,,,,-3.31,-3.28,-3.35,,,,77.62,76.2,79.04,,,,48.69,50.0,47.37,,,,18.5,18,19,,,,9.5,9,10,,,,51.31,50.0,52.63,,,,4.5,5.0,4.0,,,,24.41,27.78,21.05,,,,0.0,0,0,,,,0.0,0,0,,,,0.0,0,0,,,,0.0,0,0,,,,0.0,0,0,,,,0.0,0,0,,,,"{'A': 0.0, 'C': 0.0, 'D': 1.0, 'E': 1.0, 'F': 0.0, 'G': 0.0, 'H': 1.0, 'I': 2.0, 'K': 0.0, 'L': 0.0, 'M': 3.0, 'N': 0.0, 'P': 2.0, 'Q': 2.0, 'R': 3.5, 'S': 1.0, 'T': 0.0, 'V': 1.0, 'W': 0.0, 'Y': 1.0}","{'A': 0, 'C': 0, 'D': 1, 'E': 1, 'F': 0, 'G': 0, 'H': 1, 'I': 2, 'K': 0, 'L': 0, 'M': 3, 'N': 0, 'P': 2, 'Q': 2, 'R': 3, 'S': 1, 'T': 0, 'V': 1, 'W': 0, 'Y': 1}","{'A': 0, 'C': 0, 'D': 1, 'E': 1, 'F': 0, 'G': 0, 'H': 1, 'I': 2, 'K': 0, 'L': 0, 'M': 3, 'N': 0, 'P': 2, 'Q': 2, 'R': 4, 'S': 1, 'T': 0, 'V': 1, 'W': 0, 'Y': 1}",,,,1.23,1.1,1.36,,,,0.38,0.42,0.33,,,,0.89,0.88,0.89,,,,0.46,0.45,0.47,,,,0.15,0.15,0.15,,,,3.54,3.55,3.52,,,,"0 hours, 0 minutes, 46 seconds",,EGFR_patchF,relaxed_filters,default_4stage_multimer
EGFRpH_F_l31_s174681_mpnn5,4stage,31,174681,-0.3,"A431,A434,A436",MRVEQRGHETIYWIPQQDGQYRPMVISDMRR,"B1,B9,B12,B14,B16,B22,B23,B24,B25,B26,B27,B28,B29,B30,B31",0.97,0.62,0.9,0.9,0.89,,,,0.88,0.87,0.88,,,,0.86,0.87,0.86,,,,0.18,0.18,0.18,,,,0.2,0.19,0.2,,,,0.0,0,0,,,,0.0,0,0,,,,0.5,0,1,,,,0.0,0,0,,,,-94.37,-93.62,-95.11,,,,0.47,0.48,0.47,,,,0.7,0.72,0.69,,,,0.71,0.68,0.73,,,,-53.58,-57.25,-49.9,,,,1583.66,1652.08,1515.25,,,,-3.38,-3.47,-3.29,,,,72.25,77.91,66.58,,,,51.66,50.0,53.33,,,,15.5,16,15,,,,10.5,12,9,,,,67.5,75.0,60.0,,,,3.5,3.0,4.0,,,,22.71,18.75,26.67,,,,0.0,0,0,,,,0.0,0,0,,,,0.0,0,0,,,,0.0,0,0,,,,0.0,0,0,,,,0.0,0,0,,,,"{'A': 0.0, 'C': 0.0, 'D': 1.0, 'E': 1.0, 'F': 0.0, 'G': 0.0, 'H': 0.5, 'I': 2.0, 'K': 0.0, 'L': 0.0, 'M': 3.0, 'N': 0.0, 'P': 1.0, 'Q': 1.0, 'R': 3.0, 'S': 1.0, 'T': 0.0, 'V': 1.0, 'W': 0.0, 'Y': 1.0}","{'A': 0, 'C': 0, 'D': 1, 'E': 1, 'F': 0, 'G': 0, 'H': 1, 'I': 2, 'K': 0, 'L': 0, 'M': 3, 'N': 0, 'P': 1, 'Q': 1, 'R': 3, 'S': 1, 'T': 0, 'V': 1, 'W': 0, 'Y': 1}","{'A': 0, 'C': 0, 'D': 1, 'E': 1, 'F': 0, 'G': 0, 'H': 0, 'I': 2, 'K': 0, 'L': 0, 'M': 3, 'N': 0, 'P': 1, 'Q': 1, 'R': 3, 'S': 1, 'T': 0, 'V': 1, 'W': 0, 'Y': 1}",,,,1.14,1.01,1.27,,,,0.38,0.42,0.33,,,,0.92,0.91,0.92,,,,0.51,0.5,0.52,,,,0.14,0.14,0.13,,,,3.24,3.37,3.1,,,,"0 hours, 0 minutes, 45 seconds",,EGFR_patchF,relaxed_filters,default_4stage_multimer
EGFRpH_F_l31_s174681_mpnn6,4stage,31,174681,-0.3,"A431,A434,A436",MKVEVRGHEVVYWIPQQDGTYRPMVISDMRR,"B1,B8,B9,B12,B14,B22,B23,B24,B25,B26,B27,B28,B29,B30,B31",0.97,0.46,0.88,0.89,0.87,,,,0.88,0.87,0.88,,,,0.86,0.87,0.86,,,,0.18,0.18,0.19,,,,0.2,0.19,0.2,,,,0.0,0,0,,,,0.0,0,0,,,,0.0,0,0,,,,0.0,0,0,,,,-97.81,-102.34,-93.27,,,,0.53,0.53,0.53,,,,0.71,0.73,0.7,,,,0.69,0.68,0.69,,,,-53.7,-54.5,-52.91,,,,1689.6,1721.19,1658.0,,,,-3.18,-3.17,-3.19,,,,81.46,82.78,80.14,,,,51.66,50.0,53.33,,,,15.5,16,15,,,,10.5,10,11,,,,67.91,62.5,73.33,,,,3.0,3.0,3.0,,,,19.38,18.75,20.0,,,,0.0,0,0,,,,0.0,0,0,,,,0.0,0,0,,,,0.0,0,0,,,,0.0,0,0,,,,0.0,0,0,,,,"{'A': 0.0, 'C': 0.0, 'D': 1.0, 'E': 1.0, 'F': 0.0, 'G': 0.0, 'H': 1.0, 'I': 2.0, 'K': 0.0, 'L': 0.0, 'M': 3.0, 'N': 0.0, 'P': 1.0, 'Q': 0.5, 'R': 3.0, 'S': 1.0, 'T': 0.0, 'V': 1.0, 'W': 0.0, 'Y': 1.0}","{'A': 0, 'C': 0, 'D': 1, 'E': 1, 'F': 0, 'G': 0, 'H': 1, 'I': 2, 'K': 0, 'L': 0, 'M': 3, 'N': 0, 'P': 1, 'Q': 1, 'R': 3, 'S': 1, 'T': 0, 'V': 1, 'W': 0, 'Y': 1}","{'A': 0, 'C': 0, 'D': 1, 'E': 1, 'F': 0, 'G': 0, 'H': 1, 'I': 2, 'K': 0, 'L': 0, 'M': 3, 'N': 0, 'P': 1, 'Q': 0, 'R': 3, 'S': 1, 'T': 0, 'V': 1, 'W': 0, 'Y': 1}",,,,1.11,1.08,1.15,,,,0.38,0.41,0.35,,,,0.88,0.88,0.88,,,,0.46,0.46,0.46,,,,0.15,0.15,0.16,,,,3.51,3.56,3.46,,,,"0 hours, 0 minutes, 45 seconds",,EGFR_patchF,relaxed_filters,default_4stage_multimer
EGFRpH_F_l31_s174681_mpnn7,4stage,31,174681,-0.3,"A431,A434,A436",MKVEVRGHETIYWIPQQDGKYRPMVISDMRR,"B1,B8,B9,B12,B14,B16,B22,B23,B24,B25,B26,B27,B28,B29,B30,B31",0.98,0.46,0.89,0.9,0.87,,,,0.88,0.87,0.88,,,,0.86,0.87,0.86,,,,0.18,0.18,0.19,,,,0.2,0.19,0.2,,,,0.0,0,0,,,,0.0,0,0,,,,0.5,1,0,,,,0.0,0,0,,,,-96.64,-97.05,-96.24,,,,0.52,0.52,0.52,,,,0.72,0.73,0.71,,,,0.68,0.63,0.73,,,,-61.39,-64.93,-57.84,,,,1726.26,1838.51,1614.02,,,,-3.55,-3.53,-3.58,,,,78.16,83.82,72.5,,,,51.47,52.94,50.0,,,,16.5,17,16,,,,12.0,14,10,,,,72.42,82.35,62.5,,,,4.0,3.0,5.0,,,,24.45,17.65,31.25,,,,0.0,0,0,,,,0.0,0,0,,,,0.0,0,0,,,,0.0,0,0,,,,0.0,0,0,,,,0.0,0,0,,,,"{'A': 0.0, 'C': 0.0, 'D': 1.0, 'E': 1.0, 'F': 0.0, 'G': 0.0, 'H': 0.5, 'I': 2.0, 'K': 0.0, 'L': 0.0, 'M': 3.0, 'N': 0.0, 'P': 1.5, 'Q': 1.5, 'R': 3.0, 'S': 1.0, 'T': 0.0, 'V': 1.0, 'W': 0.0, 'Y': 1.0}","{'A': 0, 'C': 0, 'D': 1, 'E': 1, 'F': 0, 'G': 0, 'H': 0, 'I': 2, 'K': 0, 'L': 0, 'M': 3, 'N': 0, 'P': 2, 'Q': 2, 'R': 3, 'S': 1, 'T': 0, 'V': 1, 'W': 0, 'Y': 1}","{'A': 0, 'C': 0, 'D': 1, 'E': 1, 'F': 0, 'G': 0, 'H': 1, 'I': 2, 'K': 0, 'L': 0, 'M': 3, 'N': 0, 'P': 1, 'Q': 1, 'R': 3, 'S': 1, 'T': 0, 'V': 1, 'W': 0, 'Y': 1}",,,,1.15,1.03,1.27,,,,0.38,0.42,0.33,,,,0.9,0.9,0.9,,,,0.49,0.49,0.49,,,,0.14,0.14,0.14,,,,3.41,3.46,3.35,,,,"0 hours, 0 minutes, 46 seconds",,EGFR_patchF,relaxed_filters,default_4stage_multimer
EGFRpH_F_l31_s174681_mpnn8,4stage,31,174681,-0.3,"A431,A434,A436",MKVEVRGHETVYWIPQQDGTYRPMVISDMRR,"B1,B8,B9,B12,B14,B15,B16,B22,B23,B24,B25,B26,B27,B28,B29,B30,B31",0.99,0.54,0.88,0.89,0.87,,,,0.88,0.87,0.88,,,,0.86,0.87,0.85,,,,0.18,0.18,0.19,,,,0.2,0.19,0.21,,,,0.0,0,0,,,,0.0,0,0,,,,0.0,0,0,,,,0.0,0,0,,,,-97.89,-98.35,-97.43,,,,0.51,0.5,0.52,,,,0.7,0.72,0.67,,,,0.68,0.71,0.65,,,,-54.33,-54.48,-54.19,,,,1611.06,1570.05,1652.07,,,,-3.38,-3.47,-3.28,,,,75.74,74.19,77.29,,,,51.47,50.0,52.94,,,,16.5,16,17,,,,9.5,10,9,,,,57.72,62.5,52.94,,,,4.0,3.0,5.0,,,,24.08,18.75,29.41,,,,0.0,0,0,,,,0.0,0,0,,,,0.0,0,0,,,,0.0,0,0,,,,0.0,0,0,,,,0.0,0,0,,,,"{'A': 0.0, 'C': 0.0, 'D': 1.0, 'E': 1.0, 'F': 0.0, 'G': 0.0, 'H': 1.0, 'I': 2.0, 'K': 0.0, 'L': 0.0, 'M': 3.0, 'N': 0.0, 'P': 1.5, 'Q': 1.0, 'R': 3.0, 'S': 1.0, 'T': 0.0, 'V': 1.0, 'W': 0.0, 'Y': 1.0}","{'A': 0, 'C': 0, 'D': 1, 'E': 1, 'F': 0, 'G': 0, 'H': 1, 'I': 2, 'K': 0, 'L': 0, 'M': 3, 'N': 0, 'P': 1, 'Q': 1, 'R': 3, 'S': 1, 'T': 0, 'V': 1, 'W': 0, 'Y': 1}","{'A': 0, 'C': 0, 'D': 1, 'E': 1, 'F': 0, 'G': 0, 'H': 1, 'I': 2, 'K': 0, 'L': 0, 'M': 3, 'N': 0, 'P': 2, 'Q': 1, 'R': 3, 'S': 1, 'T': 0, 'V': 1, 'W': 0, 'Y': 1}",,,,1.23,1.17,1.3,,,,0.38,0.41,0.34,,,,0.85,0.91,0.8,,,,0.43,0.49,0.38,,,,0.19,0.13,0.25,,,,4.75,3.4,6.1,,,,"0 hours, 0 minutes, 46 seconds",,EGFR_patchF,relaxed_filters,default_4stage_multimer
EGFRpH_F_l31_s174681_mpnn9,4stage,31,174681,-0.3,"A431,A434,A436",MKVEKRGHETIYYIPQQDGKYRPMVISDMRR,"B1,B6,B8,B9,B12,B14,B15,B16,B17,B22,B23,B24,B25,B26,B27,B28,B29,B30,B31",1.0,0.54,0.89,0.9,0.88,,,,0.88,0.87,0.88,,,,0.86,0.87,0.86,,,,0.18,0.18,0.19,,,,0.2,0.19,0.2,,,,0.0,0,0,,,,0.0,0,0,,,,0.0,0,0,,,,0.0,0,0,,,,-98.83,-97.69,-99.97,,,,0.47,0.47,0.47,,,,0.69,0.69,0.68,,,,0.6,0.59,0.62,,,,-58.03,-57.63,-58.44,,,,1731.87,1696.48,1767.26,,,,-3.35,-3.4,-3.31,,,,78.47,75.17,81.77,,,,47.22,47.06,47.37,,,,18.0,17,19,,,,9.5,10,9,,,,53.09,58.82,47.37,,,,4.5,4.0,5.0,,,,24.93,23.53,26.32,,,,0.0,0,0,,,,0.0,0,0,,,,0.0,0,0,,,,0.0,0,0,,,,0.0,0,0,,,,0.0,0,0,,,,"{'A': 0.0, 'C': 0.0, 'D': 1.0, 'E': 1.0, 'F': 0.0, 'G': 0.0, 'H': 0.5, 'I': 2.0, 'K': 0.0, 'L': 0.0, 'M': 3.0, 'N': 0.0, 'P': 1.5, 'Q': 2.0, 'R': 4.0, 'S': 1.0, 'T': 0.0, 'V': 1.0, 'W': 0.0, 'Y': 1.0}","{'A': 0, 'C': 0, 'D': 1, 'E': 1, 'F': 0, 'G': 0, 'H': 0, 'I': 2, 'K': 0, 'L': 0, 'M': 3, 'N': 0, 'P': 1, 'Q': 2, 'R': 4, 'S': 1, 'T': 0, 'V': 1, 'W': 0, 'Y': 1}","{'A': 0, 'C': 0, 'D': 1, 'E': 1, 'F': 0, 'G': 0, 'H': 1, 'I': 2, 'K': 0, 'L': 0, 'M': 3, 'N': 0, 'P': 2, 'Q': 2, 'R': 4, 'S': 1, 'T': 0, 'V': 1, 'W': 0, 'Y': 1}",,,,1.25,1.13,1.37,,,,0.38,0.42,0.33,,,,0.89,0.89,0.89,,,,0.47,0.46,0.48,,,,0.15,0.15,0.14,,,,3.54,3.61,3.48,,,,"0 hours, 0 minutes, 46 seconds",,EGFR_patchF,relaxed_filters,default_4stage_multimer
EGFRpH_F_l31_s174681_mpnn10,4stage,31,174681,-0.3,"A431,A434,A436",MKVEVRGHEVIYYIPQQDGKYRPMVISDMRR,"B1,B8,B9,B12,B14,B15,B16,B17,B22,B23,B24,B25,B26,B27,B28,B29,B30,B31",1.0,0.46,0.88,0.89,0.87,,,,0.88,0.87,0.88,,,,0.86,0.87,0.85,,,,0.18,0.18,0.19,,,,0.2,0.19,0.2,,,,0.0,0,0,,,,0.0,0,0,,,,0.5,1,0,,,,0.0,0,0,,,,-99.85,-98.71,-100.99,,,,0.55,0.55,0.55,,,,0.71,0.75,0.67,,,,0.7,0.69,0.71,,,,-57.97,-59.76,-56.17,,,,1830.72,1922.42,1739.03,,,,-3.17,-3.11,-3.23,,,,86.19,91.68,80.71,,,,51.47,52.94,50.0,,,,17.5,17,18,,,,10.5,12,9,,,,60.3,70.59,50.0,,,,7.0,9.0,5.0,,,,40.36,52.94,27.78,,,,0.0,0,0,,,,0.0,0,0,,,,0.0,0,0,,,,0.0,0,0,,,,0.0,0,0,,,,0.0,0,0,,,,"{'A': 0.0, 'C': 0.0, 'D': 1.0, 'E': 1.0, 'F': 0.0, 'G': 0.0, 'H': 0.5, 'I': 2.0, 'K': 0.0, 'L': 0.0, 'M': 3.0, 'N': 0.0, 'P': 2.0, 'Q': 2.0, 'R': 3.0, 'S': 1.0, 'T': 0.0, 'V': 1.0, 'W': 0.0, 'Y': 1.0}","{'A': 0, 'C': 0, 'D': 1, 'E': 1, 'F': 0, 'G': 0, 'H': 0, 'I': 2, 'K': 0, 'L': 0, 'M': 3, 'N': 0, 'P': 2, 'Q': 2, 'R': 3, 'S': 1, 'T': 0, 'V': 1, 'W': 0, 'Y': 1}","{'A': 0, 'C': 0, 'D': 1, 'E': 1, 'F': 0, 'G': 0, 'H': 1, 'I': 2, 'K': 0, 'L': 0, 'M': 3, 'N': 0, 'P': 2, 'Q': 2, 'R': 3, 'S': 1, 'T': 0, 'V': 1, 'W': 0, 'Y': 1}",,,,1.15,1.13,1.18,,,,0.38,0.41,0.34,,,,0.85,0.86,0.85,,,,0.43,0.44,0.43,,,,0.17,0.17,0.16,,,,3.68,3.78,3.59,,,,"0 hours, 0 minutes, 47 seconds",,EGFR_patchF,relaxed_filters,default_4stage_multimer
EGFRpH_F_l31_s174681_mpnn11,4stage,31,174681,-0.3,"A431,A434,A436",MKVEIRGHEVVYWIPQQDGKYRPMVISDMRR,"B1,B8,B9,B12,B14,B16,B22,B23,B24,B25,B26,B27,B28,B29,B30,B31",1.01,0.46,0.89,0.89,0.88,,,,0.88,0.87,0.88,,,,0.86,0.87,0.86,,,,0.18,0.18,0.19,,,,0.2,0.19,0.2,,,,0.0,0,0,,,,0.0,0,0,,,,0.5,1,0,,,,0.0,0,0,,,,-101.61,-104.86,-98.36,,,,0.54,0.55,0.53,,,,0.73,0.75,0.71,,,,0.62,0.66,0.59,,,,-60.94,-64.41,-57.48,,,,1701.74,1806.94,1596.53,,,,-3.58,-3.56,-3.6,,,,79.46,87.79,71.12,,,,50.0,50.0,50.0,,,,17.0,18,16,,,,10.5,11,10,,,,61.8,61.11,62.5,,,,4.5,5.0,4.0,,,,26.39,27.78,25.0,,,,0.0,0,0,,,,0.0,0,0,,,,0.0,0,0,,,,0.0,0,0,,,,0.0,0,0,,,,0.0,0,0,,,,"{'A': 0.0, 'C': 0.0, 'D': 1.0, 'E': 1.0, 'F': 0.0, 'G': 0.0, 'H': 1.0, 'I': 2.0, 'K': 0.0, 'L': 0.0, 'M': 3.0, 'N': 0.0, 'P': 1.5, 'Q': 1.5, 'R': 3.0, 'S': 1.0, 'T': 0.0, 'V': 1.0, 'W': 0.0, 'Y': 1.0}","{'A': 0, 'C': 0, 'D': 1, 'E': 1, 'F': 0, 'G': 0, 'H': 1, 'I': 2, 'K': 0, 'L': 0, 'M': 3, 'N': 0, 'P': 2, 'Q': 2, 'R': 3, 'S': 1, 'T': 0, 'V': 1, 'W': 0, 'Y': 1}","{'A': 0, 'C': 0, 'D': 1, 'E': 1, 'F': 0, 'G': 0, 'H': 1, 'I': 2, 'K': 0, 'L': 0, 'M': 3, 'N': 0, 'P': 1, 'Q': 1, 'R': 3, 'S': 1, 'T': 0, 'V': 1, 'W': 0, 'Y': 1}",,,,1.07,1.04,1.1,,,,0.38,0.41,0.34,,,,0.87,0.87,0.87,,,,0.45,0.45,0.45,,,,0.16,0.16,0.16,,,,3.45,3.78,3.12,,,,"0 hours, 0 minutes, 47 seconds",,EGFR_patchF,relaxed_filters,default_4stage_multimer
EGFRpH_F_l31_s174681_mpnn12,4stage,31,174681,-0.3,"A431,A434,A436",MRVEVRGHETIYWIPQQDGKYRPMVISDMRR,"B1,B8,B9,B12,B14,B16,B22,B23,B24,B25,B26,B27,B28,B29,B30,B31",1.01,0.54,0.89,0.9,0.88,,,,0.88,0.87,0.88,,,,0.86,0.87,0.86,,,,0.18,0.18,0.19,,,,0.2,0.19,0.2,,,,0.0,0,0,,,,0.0,0,0,,,,1.0,1,1,,,,0.0,0,0,,,,-98.41,-99.33,-97.49,,,,0.51,0.52,0.5,,,,0.73,0.76,0.7,,,,0.7,0.7,0.7,,,,-61.09,-66.48,-55.69,,,,1773.89,1965.12,1582.67,,,,-3.45,-3.38,-3.52,,,,82.61,93.64,71.58,,,,50.0,50.0,50.0,,,,17.0,18,16,,,,13.0,17,9,,,,75.34,94.44,56.25,,,,5.5,6.0,5.0,,,,32.29,33.33,31.25,,,,0.0,0,0,,,,0.0,0,0,,,,0.0,0,0,,,,0.0,0,0,,,,0.0,0,0,,,,0.0,0,0,,,,"{'A': 0.0, 'C': 0.0, 'D': 1.0, 'E': 1.0, 'F': 0.0, 'G': 0.0, 'H': 1.0, 'I': 2.0, 'K': 0.0, 'L': 0.0, 'M': 3.0, 'N': 0.0, 'P': 1.5, 'Q': 1.5, 'R': 3.0, 'S': 1.0, 'T': 0.0, 'V': 1.0, 'W': 0.0, 'Y': 1.0}","{'A': 0, 'C': 0, 'D': 1, 'E': 1, 'F': 0, 'G': 0, 'H': 1, 'I': 2, 'K': 0, 'L': 0, 'M': 3, 'N': 0, 'P': 2, 'Q': 2, 'R': 3, 'S': 1, 'T': 0, 'V': 1, 'W': 0, 'Y': 1}","{'A': 0, 'C': 0, 'D': 1, 'E': 1, 'F': 0, 'G': 0, 'H': 1, 'I': 2, 'K': 0, 'L': 0, 'M': 3, 'N': 0, 'P': 1, 'Q': 1, 'R': 3, 'S': 1, 'T': 0, 'V': 1, 'W': 0, 'Y': 1}",,,,1.16,1.03,1.28,,,,0.38,0.41,0.35,,,,0.84,0.9,0.79,,,,0.43,0.49,0.38,,,,0.2,0.14,0.26,,,,5.33,3.44,7.22,,,,"0 hours, 0 minutes, 47 seconds",,EGFR_patchF,relaxed_filters,default_4stage_multimer
EGFRpH_F_l31_s174681_mpnn13,4stage,31,174681,-0.3,"A431,A434,A436",MEVEVRGHEVIYYIPQQDGKYRPMVISDMRR,"B1,B8,B9,B12,B14,B15,B16,B17,B22,B23,B24,B25,B26,B27,B28,B29,B30,B31",1.03,0.46,0.87,0.88,0.86,,,,0.88,0.87,0.88,,,,0.85,0.87,0.84,,,,0.2,0.18,0.21,,,,0.21,0.2,0.22,,,,0.0,0,0,,,,0.0,0,0,,,,0.5,1,0,,,,0.0,0,0,,,,-97.15,-95.31,-98.99,,,,0.55,0.55,0.55,,,,0.7,0.72,0.67,,,,0.64,0.64,0.63,,,,-58.79,-60.02,-57.56,,,,1803.62,1820.44,1786.79,,,,-3.26,-3.3,-3.22,,,,84.94,86.2,83.68,,,,50.0,50.0,50.0,,,,18.0,18,18,,,,10.5,12,9,,,,58.34,66.67,50.0,,,,5.5,6.0,5.0,,,,30.55,33.33,27.78,,,,0.0,0,0,,,,0.0,0,0,,,,0.0,0,0,,,,0.0,0,0,,,,0.0,0,0,,,,0.0,0,0,,,,"{'A': 0.0, 'C': 0.0, 'D': 1.0, 'E': 1.0, 'F': 0.0, 'G': 0.0, 'H': 1.0, 'I': 2.0, 'K': 0.0, 'L': 0.0, 'M': 3.0, 'N': 0.0, 'P': 2.0, 'Q': 2.0, 'R': 3.0, 'S': 1.0, 'T': 0.0, 'V': 1.0, 'W': 0.0, 'Y': 1.0}","{'A': 0, 'C': 0, 'D': 1, 'E': 1, 'F': 0, 'G': 0, 'H': 1, 'I': 2, 'K': 0, 'L': 0, 'M': 3, 'N': 0, 'P': 2, 'Q': 2, 'R': 3, 'S': 1, 'T': 0, 'V': 1, 'W': 0, 'Y': 1}","{'A': 0, 'C': 0, 'D': 1, 'E': 1, 'F': 0, 'G': 0, 'H': 1, 'I': 2, 'K': 0, 'L': 0, 'M': 3, 'N': 0, 'P': 2, 'Q': 2, 'R': 3, 'S': 1, 'T': 0, 'V': 1, 'W': 0, 'Y': 1}",,,,1.2,1.1,1.3,,,,0.37,0.41,0.33,,,,0.86,0.87,0.85,,,,0.44,0.45,0.43,,,,0.17,0.16,0.17,,,,3.15,3.69,2.61,,,,"0 hours, 0 minutes, 43 seconds",,EGFR_patchF,relaxed_filters,default_4stage_multimer
EGFRpH_F_l31_s174681_mpnn14,4stage,31,174681,-0.3,"A431,A434,A436",MEVEVRGHETIYYIPQQDGKYRPMVISDMRR,"B1,B9,B12,B14,B15,B16,B17,B22,B23,B24,B25,B26,B27,B28,B29,B30,B31",1.04,0.54,0.87,0.89,0.85,,,,0.87,0.87,0.87,,,,0.84,0.87,0.82,,,,0.2,0.18,0.22,,,,0.22,0.2,0.24,,,,0.0,0,0,,,,0.0,0,0,,,,0.0,0,0,,,,0.0,0,0,,,,-98.19,-100.41,-95.97,,,,0.52,0.52,0.52,,,,0.69,0.7,0.67,,,,0.63,0.65,0.61,,,,-56.66,-55.59,-57.72,,,,1766.78,1758.02,1775.53,,,,-3.21,-3.16,-3.25,,,,81.85,84.23,79.47,,,,51.47,50.0,52.94,,,,17.5,18,17,,,,8.5,8,9,,,,48.69,44.44,52.94,,,,5.5,6.0,5.0,,,,31.37,33.33,29.41,,,,0.0,0,0,,,,0.0,0,0,,,,0.0,0,0,,,,0.0,0,0,,,,0.0,0,0,,,,0.0,0,0,,,,"{'A': 0.0, 'C': 0.0, 'D': 1.0, 'E': 1.0, 'F': 0.0, 'G': 0.0, 'H': 0.5, 'I': 2.0, 'K': 0.0, 'L': 0.0, 'M': 3.0, 'N': 0.0, 'P': 2.0, 'Q': 2.0, 'R': 3.0, 'S': 1.0, 'T': 0.0, 'V': 1.0, 'W': 0.0, 'Y': 1.0}","{'A': 0, 'C': 0, 'D': 1, 'E': 1, 'F': 0, 'G': 0, 'H': 1, 'I': 2, 'K': 0, 'L': 0, 'M': 3, 'N': 0, 'P': 2, 'Q': 2, 'R': 3, 'S': 1, 'T': 0, 'V': 1, 'W': 0, 'Y': 1}","{'A': 0, 'C': 0, 'D': 1, 'E': 1, 'F': 0, 'G': 0, 'H': 0, 'I': 2, 'K': 0, 'L': 0, 'M': 3, 'N': 0, 'P': 2, 'Q': 2, 'R': 3, 'S': 1, 'T': 0, 'V': 1, 'W': 0, 'Y': 1}",,,,1.27,1.12,1.42,,,,0.36,0.41,0.32,,,,0.89,0.89,0.88,,,,0.47,0.48,0.47,,,,0.15,0.15,0.16,,,,3.32,3.43,3.21,,,,"0 hours, 0 minutes, 46 seconds",,EGFR_patchF,relaxed_filters,default_4stage_multimer
EGFRpH_F_l31_s174681_mpnn17,4stage,31,174681,-0.3,"A431,A434,A436",MEVVQRGHETIYYIPQQDGTYRPMVISDMRR,"B1,B8,B9,B12,B14,B15,B16,B22,B23,B24,B25,B26,B27,B28,B29,B30,B31",1.1,0.46,0.86,0.89,0.84,,,,0.87,0.87,0.87,,,,0.84,0.87,0.82,,,,0.2,0.18,0.22,,,,0.21,0.19,0.24,,,,0.0,0,0,,,,0.0,0,0,,,,0.0,0,0,,,,0.0,0,0,,,,-99.47,-100.01,-98.92,,,,0.5,0.5,0.5,,,,0.72,0.72,0.72,,,,0.69,0.74,0.64,,,,-58.56,-56.12,-61.0,,,,1668.87,1610.22,1727.51,,,,-3.51,-3.49,-3.53,,,,80.31,75.51,85.12,,,,51.47,50.0,52.94,,,,16.5,16,17,,,,11.0,12,10,,,,66.91,75.0,58.82,,,,4.0,4.0,4.0,,,,24.27,25.0,23.53,,,,0.0,0,0,,,,0.0,0,0,,,,0.0,0,0,,,,0.0,0,0,,,,0.0,0,0,,,,0.0,0,0,,,,"{'A': 0.0, 'C': 0.0, 'D': 1.0, 'E': 1.0, 'F': 0.0, 'G': 0.0, 'H': 1.0, 'I': 2.0, 'K': 0.0, 'L': 0.0, 'M': 3.0, 'N': 0.0, 'P': 1.5, 'Q': 1.0, 'R': 3.0, 'S': 1.0, 'T': 0.0, 'V': 1.0, 'W': 0.0, 'Y': 1.0}","{'A': 0, 'C': 0, 'D': 1, 'E': 1, 'F': 0, 'G': 0, 'H': 1, 'I': 2, 'K': 0, 'L': 0, 'M': 3, 'N': 0, 'P': 1, 'Q': 1, 'R': 3, 'S': 1, 'T': 0, 'V': 1, 'W': 0, 'Y': 1}","{'A': 0, 'C': 0, 'D': 1, 'E': 1, 'F': 0, 'G': 0, 'H': 1, 'I': 2, 'K': 0, 'L': 0, 'M': 3, 'N': 0, 'P': 2, 'Q': 1, 'R': 3, 'S': 1, 'T': 0, 'V': 1, 'W': 0, 'Y': 1}",,,,1.33,1.24,1.42,,,,0.36,0.41,0.31,,,,0.89,0.9,0.87,,,,0.47,0.48,0.46,,,,0.15,0.14,0.16,,,,3.42,3.41,3.44,,,,"0 hours, 0 minutes, 47 seconds",,EGFR_patchF,relaxed_filters,default_4stage_multimer
EGFRpH_F_l31_s174681_mpnn18,4stage,31,174681,-0.3,"A431,A434,A436",MKVVVRGHEVVYYIPQQDGTYRPMVISDMRR,"B1,B8,B9,B12,B14,B15,B16,B22,B23,B24,B25,B26,B27,B28,B29,B30,B31",1.12,0.46,0.85,0.87,0.84,,,,0.86,0.86,0.87,,,,0.83,0.84,0.82,,,,0.21,0.2,0.22,,,,0.23,0.22,0.24,,,,0.0,0,0,,,,0.0,0,0,,,,0.0,0,0,,,,0.0,0,0,,,,-96.89,-96.75,-97.03,,,,0.57,0.57,0.57,,,,0.7,0.71,0.7,,,,0.68,0.69,0.67,,,,-56.42,-56.91,-55.93,,,,1606.4,1617.11,1595.69,,,,-3.51,-3.52,-3.51,,,,74.64,73.95,75.33,,,,53.13,53.33,52.94,,,,16.0,15,17,,,,10.0,11,9,,,,63.13,73.33,52.94,,,,4.0,3.0,5.0,,,,24.7,20.0,29.41,,,,0.0,0,0,,,,0.0,0,0,,,,0.0,0,0,,,,0.0,0,0,,,,0.0,0,0,,,,0.0,0,0,,,,"{'A': 0.0, 'C': 0.0, 'D': 1.0, 'E': 1.0, 'F': 0.0, 'G': 0.0, 'H': 0.5, 'I': 2.0, 'K': 0.0, 'L': 0.0, 'M': 3.0, 'N': 0.0, 'P': 1.5, 'Q': 1.0, 'R': 3.0, 'S': 1.0, 'T': 0.0, 'V': 1.0, 'W': 0.0, 'Y': 1.0}","{'A': 0, 'C': 0, 'D': 1, 'E': 1, 'F': 0, 'G': 0, 'H': 0, 'I': 2, 'K': 0, 'L': 0, 'M': 3, 'N': 0, 'P': 1, 'Q': 1, 'R': 3, 'S': 1, 'T': 0, 'V': 1, 'W': 0, 'Y': 1}","{'A': 0, 'C': 0, 'D': 1, 'E': 1, 'F': 0, 'G': 0, 'H': 1, 'I': 2, 'K': 0, 'L': 0, 'M': 3, 'N': 0, 'P': 2, 'Q': 1, 'R': 3, 'S': 1, 'T': 0, 'V': 1, 'W': 0, 'Y': 1}",,,,1.25,1.19,1.3,,,,0.38,0.41,0.34,,,,0.84,0.85,0.83,,,,0.42,0.43,0.42,,,,0.18,0.18,0.18,,,,3.27,3.64,2.89,,,,"0 hours, 0 minutes, 46 seconds",,EGFR_patchF,relaxed_filters,default_4stage_multimer
EGFRpH_F_l33_s147909_mpnn1,4stage,33,147909,-0.3,"A431,A434,A436",SEEEKWKDMTITFDNGMIIKKTSHEIVITMAAP,"B6,B9,B11,B13,B15,B17,B19,B21,B23,B24,B25,B26,B27,B28,B29,B30",1.4,0.35,0.81,0.81,0.81,,,,0.86,0.86,0.87,,,,0.82,0.81,0.83,,,,0.24,0.24,0.24,,,,0.25,0.25,0.25,,,,0.0,0,0,,,,0.0,0,0,,,,0.0,0,0,,,,0.0,0,0,,,,-82.61,-83.68,-81.53,,,,0.45,0.44,0.45,,,,0.7,0.72,0.68,,,,0.61,0.59,0.64,,,,-54.23,-55.18,-53.29,,,,1499.17,1578.91,1419.43,,,,-3.62,-3.49,-3.75,,,,63.08,66.93,59.22,,,,59.38,56.25,62.5,,,,16.0,16,16,,,,5.5,6,5,,,,34.38,37.5,31.25,,,,3.0,3.0,3.0,,,,18.75,18.75,18.75,,,,0.0,0,0,,,,0.0,0,0,,,,0.0,0,0,,,,0.0,0,0,,,,0.0,0,0,,,,0.0,0,0,,,,"{'A': 0.0, 'C': 0.0, 'D': 0.0, 'E': 2.0, 'F': 1.0, 'G': 0.0, 'H': 1.0, 'I': 4.0, 'K': 1.0, 'L': 0.0, 'M': 2.5, 'N': 1.0, 'P': 0.0, 'Q': 0.0, 'R': 0.0, 'S': 0.5, 'T': 1.0, 'V': 1.0, 'W': 1.0, 'Y': 0.0}","{'A': 0, 'C': 0, 'D': 0, 'E': 3, 'F': 1, 'G': 0, 'H': 1, 'I': 4, 'K': 1, 'L': 0, 'M': 2, 'N': 1, 'P': 0, 'Q': 0, 'R': 0, 'S': 0, 'T': 1, 'V': 1, 'W': 1, 'Y': 0}","{'A': 0, 'C': 0, 'D': 0, 'E': 1, 'F': 1, 'G': 0, 'H': 1, 'I': 4, 'K': 1, 'L': 0, 'M': 3, 'N': 1, 'P': 0, 'Q': 0, 'R': 0, 'S': 1, 'T': 1, 'V': 1, 'W': 1, 'Y': 0}",,,,1.5,1.5,1.51,,,,0.39,0.42,0.36,,,,0.88,0.87,0.88,,,,0.5,0.49,0.51,,,,0.14,0.15,0.13,,,,1.9,2.05,1.74,,,,"0 hours, 1 minutes, 30 seconds",,EGFR_patchF,relaxed_filters,default_4stage_multimer
EGFRpH_F_l33_s147909_mpnn2,4stage,33,147909,-0.3,"A431,A434,A436",SEEEKWKDMTIKFPNGMIIKKTSHEIVITMEAP,"B6,B9,B11,B13,B17,B19,B21,B23,B24,B25,B26,B27,B28,B29,B30",1.43,0.41,0.81,0.82,0.8,,,,0.86,0.86,0.87,,,,0.82,0.82,0.82,,,,0.24,0.23,0.25,,,,0.26,0.25,0.26,,,,0.0,0,0,,,,0.0,0,0,,,,0.0,0,0,,,,0.0,0,0,,,,-82.58,-83.56,-81.59,,,,0.45,0.44,0.45,,,,0.7,0.71,0.69,,,,0.61,0.62,0.6,,,,-55.8,-54.7,-56.89,,,,1487.03,1503.6,1470.47,,,,-3.75,-3.64,-3.87,,,,61.84,62.68,61.01,,,,61.46,56.25,66.67,,,,15.5,16,15,,,,6.0,6,6,,,,38.75,37.5,40.0,,,,3.5,4.0,3.0,,,,22.5,25.0,20.0,,,,0.0,0,0,,,,0.0,0,0,,,,0.0,0,0,,,,0.0,0,0,,,,0.0,0,0,,,,0.0,0,0,,,,"{'A': 0.0, 'C': 0.0, 'D': 0.0, 'E': 2.0, 'F': 1.0, 'G': 0.0, 'H': 1.0, 'I': 4.0, 'K': 1.0, 'L': 0.0, 'M': 2.5, 'N': 0.0, 'P': 0.0, 'Q': 0.0, 'R': 0.0, 'S': 1.0, 'T': 1.0, 'V': 1.0, 'W': 1.0, 'Y': 0.0}","{'A': 0, 'C': 0, 'D': 0, 'E': 3, 'F': 1, 'G': 0, 'H': 1, 'I': 4, 'K': 1, 'L': 0, 'M': 2, 'N': 0, 'P': 0, 'Q': 0, 'R': 0, 'S': 1, 'T': 1, 'V': 1, 'W': 1, 'Y': 0}","{'A': 0, 'C': 0, 'D': 0, 'E': 1, 'F': 1, 'G': 0, 'H': 1, 'I': 4, 'K': 1, 'L': 0, 'M': 3, 'N': 0, 'P': 0, 'Q': 0, 'R': 0, 'S': 1, 'T': 1, 'V': 1, 'W': 1, 'Y': 0}",,,,1.5,1.55,1.44,,,,0.38,0.42,0.35,,,,0.85,0.85,0.86,,,,0.48,0.46,0.5,,,,0.16,0.17,0.15,,,,1.93,2.16,1.7,,,,"0 hours, 0 minutes, 46 seconds",,EGFR_patchF,relaxed_filters,default_4stage_multimer
EGFRpH_F_l33_s147909_mpnn10,4stage,33,147909,-0.3,"A431,A434,A436",SMEEEWKNMTIKFDNGMIIKKTSHEIVITMEKK,"B9,B11,B13,B17,B19,B21,B23,B24,B25,B26,B27,B28,B29,B30",1.47,0.35,0.8,0.8,0.8,,,,0.86,0.86,0.87,,,,0.82,0.82,0.83,,,,0.24,0.25,0.24,,,,0.27,0.27,0.26,,,,0.0,0,0,,,,0.0,0,0,,,,1.0,1,1,,,,0.0,0,0,,,,-84.3,-87.29,-81.3,,,,0.39,0.39,0.39,,,,0.71,0.71,0.72,,,,0.61,0.61,0.62,,,,-54.91,-54.47,-55.34,,,,1408.51,1418.33,1398.7,,,,-3.9,-3.84,-3.96,,,,53.53,54.56,52.49,,,,64.29,64.29,64.29,,,,14.0,14,14,,,,6.0,6,6,,,,42.86,42.86,42.86,,,,3.5,3.0,4.0,,,,25.0,21.43,28.57,,,,0.0,0,0,,,,0.0,0,0,,,,0.0,0,0,,,,0.0,0,0,,,,0.0,0,0,,,,0.0,0,0,,,,"{'A': 0.0, 'C': 0.0, 'D': 0.0, 'E': 1.0, 'F': 1.0, 'G': 0.0, 'H': 1.0, 'I': 4.0, 'K': 1.0, 'L': 0.0, 'M': 2.5, 'N': 0.0, 'P': 0.0, 'Q': 0.0, 'R': 0.0, 'S': 1.0, 'T': 1.0, 'V': 1.0, 'W': 0.5, 'Y': 0.0}","{'A': 0, 'C': 0, 'D': 0, 'E': 1, 'F': 1, 'G': 0, 'H': 1, 'I': 4, 'K': 1, 'L': 0, 'M': 2, 'N': 0, 'P': 0, 'Q': 0, 'R': 0, 'S': 1, 'T': 1, 'V': 1, 'W': 1, 'Y': 0}","{'A': 0, 'C': 0, 'D': 0, 'E': 1, 'F': 1, 'G': 0, 'H': 1, 'I': 4, 'K': 1, 'L': 0, 'M': 3, 'N': 0, 'P': 0, 'Q': 0, 'R': 0, 'S': 1, 'T': 1, 'V': 1, 'W': 0, 'Y': 0}",,,,2.14,2.15,2.13,,,,0.4,0.43,0.38,,,,0.88,0.88,0.87,,,,0.5,0.49,0.51,,,,0.15,0.15,0.16,,,,2.05,2.26,1.85,,,,"0 hours, 0 minutes, 45 seconds",,EGFR_patchF,relaxed_filters,default_4stage_multimer
EGFRpH_F_l33_s147909_mpnn11,4stage,33,147909,-0.3,"A431,A434,A436",DEEEKWKNMTIVFDNGMIIKKTSHEIVITMKKK,"B6,B9,B11,B13,B17,B19,B21,B23,B24,B25,B26,B27,B28,B29,B30",1.47,0.35,0.82,0.82,0.82,,,,0.86,0.86,0.87,,,,0.82,0.82,0.83,,,,0.23,0.24,0.23,,,,0.25,0.25,0.25,,,,0.0,0,0,,,,0.0,0,0,,,,0.0,0,0,,,,0.0,0,0,,,,-88.5,-88.07,-88.92,,,,0.39,0.39,0.39,,,,0.69,0.68,0.69,,,,0.57,0.55,0.59,,,,-55.62,-53.96,-57.29,,,,1420.88,1402.43,1439.34,,,,-3.92,-3.85,-3.98,,,,53.47,53.16,53.79,,,,69.05,71.43,66.67,,,,14.5,14,15,,,,6.0,6,6,,,,41.43,42.86,40.0,,,,3.5,3.0,4.0,,,,24.05,21.43,26.67,,,,0.0,0,0,,,,0.0,0,0,,,,0.0,0,0,,,,0.0,0,0,,,,0.0,0,0,,,,0.0,0,0,,,,"{'A': 0.0, 'C': 0.0, 'D': 0.0, 'E': 1.0, 'F': 1.0, 'G': 0.0, 'H': 1.0, 'I': 4.0, 'K': 1.0, 'L': 0.0, 'M': 3.0, 'N': 0.0, 'P': 0.0, 'Q': 0.0, 'R': 0.0, 'S': 0.5, 'T': 1.0, 'V': 1.0, 'W': 1.0, 'Y': 0.0}","{'A': 0, 'C': 0, 'D': 0, 'E': 1, 'F': 1, 'G': 0, 'H': 1, 'I': 4, 'K': 1, 'L': 0, 'M': 3, 'N': 0, 'P': 0, 'Q': 0, 'R': 0, 'S': 0, 'T': 1, 'V': 1, 'W': 1, 'Y': 0}","{'A': 0, 'C': 0, 'D': 0, 'E': 1, 'F': 1, 'G': 0, 'H': 1, 'I': 4, 'K': 1, 'L': 0, 'M': 3, 'N': 0, 'P': 0, 'Q': 0, 'R': 0, 'S': 1, 'T': 1, 'V': 1, 'W': 1, 'Y': 0}",,,,1.69,1.7,1.69,,,,0.4,0.43,0.37,,,,0.83,0.87,0.8,,,,0.46,0.48,0.44,,,,0.18,0.16,0.2,,,,4.16,2.54,5.78,,,,"0 hours, 0 minutes, 44 seconds",,EGFR_patchF,relaxed_filters,default_4stage_multimer
EGFRpH_F_l33_s147909_mpnn12,4stage,33,147909,-0.3,"A431,A434,A436",MEEEEWKNMTITFDNGMIIKKTSHEIVITMAKP,"B6,B11,B13,B15,B17,B19,B21,B23,B24,B25,B26,B27,B28,B29,B30",1.47,0.35,0.81,0.8,0.81,,,,0.86,0.85,0.87,,,,0.82,0.81,0.83,,,,0.25,0.26,0.24,,,,0.26,0.27,0.25,,,,0.0,0,0,,,,0.0,0,0,,,,0.0,0,0,,,,0.0,0,0,,,,-85.38,-88.59,-82.17,,,,0.45,0.45,0.45,,,,0.7,0.7,0.71,,,,0.61,0.62,0.6,,,,-55.22,-56.6,-53.84,,,,1483.3,1510.73,1455.87,,,,-3.73,-3.75,-3.7,,,,60.94,63.6,58.27,,,,60.55,61.11,60.0,,,,16.5,18,15,,,,6.0,5,7,,,,37.23,27.78,46.67,,,,3.5,4.0,3.0,,,,21.11,22.22,20.0,,,,0.0,0,0,,,,0.0,0,0,,,,0.0,0,0,,,,0.0,0,0,,,,0.0,0,0,,,,0.0,0,0,,,,"{'A': 0.0, 'C': 0.0, 'D': 0.5, 'E': 1.0, 'F': 1.0, 'G': 0.0, 'H': 1.0, 'I': 4.0, 'K': 1.0, 'L': 0.0, 'M': 3.0, 'N': 1.0, 'P': 0.0, 'Q': 0.0, 'R': 0.0, 'S': 1.0, 'T': 1.0, 'V': 1.0, 'W': 1.0, 'Y': 0.0}","{'A': 0, 'C': 0, 'D': 1, 'E': 1, 'F': 1, 'G': 0, 'H': 1, 'I': 4, 'K': 1, 'L': 0, 'M': 4, 'N': 1, 'P': 0, 'Q': 0, 'R': 0, 'S': 1, 'T': 1, 'V': 1, 'W': 1, 'Y': 0}","{'A': 0, 'C': 0, 'D': 0, 'E': 1, 'F': 1, 'G': 0, 'H': 1, 'I': 4, 'K': 1, 'L': 0, 'M': 2, 'N': 1, 'P': 0, 'Q': 0, 'R': 0, 'S': 1, 'T': 1, 'V': 1, 'W': 1, 'Y': 0}",,,,2.67,2.74,2.59,,,,0.4,0.43,0.38,,,,0.83,0.84,0.83,,,,0.46,0.46,0.47,,,,0.22,0.22,0.22,,,,4.0,4.72,3.27,,,,"0 hours, 0 minutes, 45 seconds",,EGFR_patchF,relaxed_filters,default_4stage_multimer
EGFRpH_F_l30_s117692_mpnn1,4stage,30,117692,-0.3,"A431,A434,A436",GMEMKVTLTPDGRSENTYDSVHIEWVPTVP,"B4,B6,B8,B11,B13,B15,B16,B17,B18,B19,B20,B21,B22,B23,B24,B25",1.13,0.53,0.88,0.88,0.87,,,,0.87,0.86,0.88,,,,0.85,0.85,0.85,,,,0.21,0.2,0.22,,,,0.22,0.21,0.23,,,,0.0,0,0,,,,0.0,0,0,,,,0.5,1,0,,,,0.0,0,0,,,,-95.94,-96.35,-95.53,,,,0.48,0.48,0.48,,,,0.67,0.65,0.68,,,,0.67,0.67,0.67,,,,-66.42,-65.94,-66.9,,,,1592.58,1597.11,1588.05,,,,-4.17,-4.13,-4.21,,,,78.28,79.09,77.48,,,,43.75,43.75,43.75,,,,16.0,16,16,,,,12.5,12,13,,,,78.12,75.0,81.25,,,,3.0,3.0,3.0,,,,18.75,18.75,18.75,,,,0.0,0,0,,,,0.0,0,0,,,,0.0,0,0,,,,0.0,0,0,,,,0.0,0,0,,,,0.0,0,0,,,,"{'A': 0.0, 'C': 0.0, 'D': 2.0, 'E': 2.0, 'F': 0.0, 'G': 0.0, 'H': 1.0, 'I': 1.0, 'K': 0.0, 'L': 1.0, 'M': 1.0, 'N': 1.0, 'P': 0.0, 'Q': 0.0, 'R': 1.0, 'S': 1.0, 'T': 1.0, 'V': 2.0, 'W': 1.0, 'Y': 1.0}","{'A': 0, 'C': 0, 'D': 2, 'E': 2, 'F': 0, 'G': 0, 'H': 1, 'I': 1, 'K': 0, 'L': 1, 'M': 1, 'N': 1, 'P': 0, 'Q': 0, 'R': 1, 'S': 1, 'T': 1, 'V': 2, 'W': 1, 'Y': 1}","{'A': 0, 'C': 0, 'D': 2, 'E': 2, 'F': 0, 'G': 0, 'H': 1, 'I': 1, 'K': 0, 'L': 1, 'M': 1, 'N': 1, 'P': 0, 'Q': 0, 'R': 1, 'S': 1, 'T': 1, 'V': 2, 'W': 1, 'Y': 1}",,,,1.17,1.25,1.09,,,,0.36,0.39,0.32,,,,0.8,0.66,0.93,,,,0.33,0.21,0.44,,,,0.24,0.37,0.12,,,,7.27,11.78,2.77,,,,"0 hours, 1 minutes, 17 seconds",,EGFR_patchF,relaxed_filters,default_4stage_multimer
EGFRpH_F_l30_s117692_mpnn2,4stage,30,117692,-0.3,"A431,A434,A436",GMTMKVTLTPDGRSENTYDSVHIEWVPTVP,"B4,B6,B8,B11,B13,B15,B16,B17,B18,B19,B20,B21,B22,B23,B24,B25",1.14,0.53,0.89,0.89,0.88,,,,0.87,0.86,0.88,,,,0.86,0.86,0.86,,,,0.2,0.2,0.2,,,,0.21,0.21,0.22,,,,0.0,0,0,,,,0.0,0,0,,,,0.5,1,0,,,,0.0,0,0,,,,-97.27,-94.5,-100.03,,,,0.48,0.48,0.48,,,,0.69,0.69,0.68,,,,0.69,0.66,0.72,,,,-65.36,-67.47,-63.26,,,,1570.97,1589.93,1552.0,,,,-4.16,-4.24,-4.08,,,,76.34,77.65,75.04,,,,43.75,43.75,43.75,,,,16.0,16,16,,,,12.0,12,12,,,,75.0,75.0,75.0,,,,3.5,3.0,4.0,,,,21.88,18.75,25.0,,,,0.0,0,0,,,,0.0,0,0,,,,0.0,0,0,,,,0.0,0,0,,,,0.0,0,0,,,,0.0,0,0,,,,"{'A': 0.0, 'C': 0.0, 'D': 2.0, 'E': 2.0, 'F': 0.0, 'G': 0.0, 'H': 1.0, 'I': 1.0, 'K': 0.0, 'L': 1.0, 'M': 1.0, 'N': 1.0, 'P': 0.0, 'Q': 0.0, 'R': 1.0, 'S': 1.0, 'T': 1.0, 'V': 2.0, 'W': 1.0, 'Y': 1.0}","{'A': 0, 'C': 0, 'D': 2, 'E': 2, 'F': 0, 'G': 0, 'H': 1, 'I': 1, 'K': 0, 'L': 1, 'M': 1, 'N': 1, 'P': 0, 'Q': 0, 'R': 1, 'S': 1, 'T': 1, 'V': 2, 'W': 1, 'Y': 1}","{'A': 0, 'C': 0, 'D': 2, 'E': 2, 'F': 0, 'G': 0, 'H': 1, 'I': 1, 'K': 0, 'L': 1, 'M': 1, 'N': 1, 'P': 0, 'Q': 0, 'R': 1, 'S': 1, 'T': 1, 'V': 2, 'W': 1, 'Y': 1}",,,,1.06,1.11,1.01,,,,0.36,0.39,0.32,,,,0.81,0.68,0.93,,,,0.34,0.22,0.45,,,,0.23,0.34,0.12,,,,6.79,11.3,2.28,,,,"0 hours, 0 minutes, 41 seconds",,EGFR_patchF,relaxed_filters,default_4stage_multimer
EGFRpH_F_l30_s117692_mpnn3,4stage,30,117692,-0.3,"A431,A434,A436",GKTMKVTLTPDGRSENTYDSVHIEWVDTVP,"B4,B6,B8,B11,B15,B16,B17,B18,B19,B20,B21,B22,B23,B24,B25",1.14,0.4,0.88,0.88,0.87,,,,0.87,0.86,0.88,,,,0.85,0.86,0.85,,,,0.21,0.2,0.22,,,,0.22,0.21,0.23,,,,0.0,0,0,,,,0.0,0,0,,,,0.5,1,0,,,,0.0,0,0,,,,-93.2,-91.05,-95.35,,,,0.41,0.41,0.41,,,,0.7,0.69,0.71,,,,0.62,0.66,0.59,,,,-66.21,-67.92,-64.5,,,,1582.6,1618.37,1546.83,,,,-4.19,-4.2,-4.17,,,,75.17,77.23,73.11,,,,45.21,43.75,46.67,,,,15.5,16,15,,,,11.5,12,11,,,,74.16,75.0,73.33,,,,3.5,3.0,4.0,,,,22.71,18.75,26.67,,,,0.0,0,0,,,,0.0,0,0,,,,0.0,0,0,,,,0.0,0,0,,,,0.0,0,0,,,,0.0,0,0,,,,"{'A': 0.0, 'C': 0.0, 'D': 2.0, 'E': 2.0, 'F': 0.0, 'G': 0.0, 'H': 1.0, 'I': 1.0, 'K': 0.0, 'L': 1.0, 'M': 1.0, 'N': 1.0, 'P': 0.0, 'Q': 0.0, 'R': 0.5, 'S': 1.0, 'T': 1.0, 'V': 2.0, 'W': 1.0, 'Y': 1.0}","{'A': 0, 'C': 0, 'D': 2, 'E': 2, 'F': 0, 'G': 0, 'H': 1, 'I': 1, 'K': 0, 'L': 1, 'M': 1, 'N': 1, 'P': 0, 'Q': 0, 'R': 1, 'S': 1, 'T': 1, 'V': 2, 'W': 1, 'Y': 1}","{'A': 0, 'C': 0, 'D': 2, 'E': 2, 'F': 0, 'G': 0, 'H': 1, 'I': 1, 'K': 0, 'L': 1, 'M': 1, 'N': 1, 'P': 0, 'Q': 0, 'R': 0, 'S': 1, 'T': 1, 'V': 2, 'W': 1, 'Y': 1}",,,,1.21,1.18,1.24,,,,0.35,0.39,0.31,,,,0.79,0.65,0.93,,,,0.34,0.22,0.45,,,,0.24,0.37,0.12,,,,6.62,11.51,1.73,,,,"0 hours, 0 minutes, 40 seconds",,EGFR_patchF,relaxed_filters,default_4stage_multimer
EGFRpH_F_l30_s117692_mpnn4,4stage,30,117692,-0.3,"A431,A434,A436",GMEMKVTLTPDGRSENTYDSVHIEWVPTQP,"B4,B6,B8,B11,B13,B15,B16,B17,B18,B19,B20,B21,B22,B23,B24,B25",1.16,0.6,0.88,0.88,0.88,,,,0.87,0.86,0.88,,,,0.85,0.85,0.86,,,,0.2,0.2,0.2,,,,0.21,0.21,0.21,,,,0.0,0,0,,,,0.0,0,0,,,,0.5,1,0,,,,0.0,0,0,,,,-94.46,-92.07,-96.85,,,,0.45,0.45,0.45,,,,0.68,0.68,0.68,,,,0.65,0.64,0.66,,,,-66.65,-67.23,-66.07,,,,1611.41,1607.98,1614.85,,,,-4.13,-4.18,-4.09,,,,78.85,78.38,79.32,,,,43.75,43.75,43.75,,,,16.0,16,16,,,,12.5,12,13,,,,78.12,75.0,81.25,,,,3.0,3.0,3.0,,,,18.75,18.75,18.75,,,,0.0,0,0,,,,0.0,0,0,,,,0.0,0,0,,,,0.0,0,0,,,,0.0,0,0,,,,0.0,0,0,,,,"{'A': 0.0, 'C': 0.0, 'D': 2.0, 'E': 2.0, 'F': 0.0, 'G': 0.0, 'H': 1.0, 'I': 1.0, 'K': 0.0, 'L': 1.0, 'M': 1.0, 'N': 1.0, 'P': 0.0, 'Q': 0.0, 'R': 1.0, 'S': 1.0, 'T': 1.0, 'V': 2.0, 'W': 1.0, 'Y': 1.0}","{'A': 0, 'C': 0, 'D': 2, 'E': 2, 'F': 0, 'G': 0, 'H': 1, 'I': 1, 'K': 0, 'L': 1, 'M': 1, 'N': 1, 'P': 0, 'Q': 0, 'R': 1, 'S': 1, 'T': 1, 'V': 2, 'W': 1, 'Y': 1}","{'A': 0, 'C': 0, 'D': 2, 'E': 2, 'F': 0, 'G': 0, 'H': 1, 'I': 1, 'K': 0, 'L': 1, 'M': 1, 'N': 1, 'P': 0, 'Q': 0, 'R': 1, 'S': 1, 'T': 1, 'V': 2, 'W': 1, 'Y': 1}",,,,1.18,1.31,1.04,,,,0.36,0.39,0.32,,,,0.79,0.65,0.93,,,,0.31,0.18,0.44,,,,0.24,0.36,0.12,,,,7.42,12.42,2.41,,,,"0 hours, 0 minutes, 42 seconds",,EGFR_patchF,relaxed_filters,default_4stage_multimer
EGFRpH_F_l30_s117692_mpnn5,4stage,30,117692,-0.3,"A431,A434,A436",GMTMKVTLTPDGRSENTYDSVHIEWVPTEP,"B4,B6,B8,B11,B13,B15,B16,B17,B18,B19,B20,B21,B22,B23,B24,B25",1.17,0.53,0.89,0.89,0.89,,,,0.87,0.86,0.88,,,,0.86,0.86,0.86,,,,0.2,0.2,0.2,,,,0.21,0.21,0.21,,,,0.0,0,0,,,,0.0,0,0,,,,0.5,1,0,,,,0.0,0,0,,,,-97.15,-93.57,-100.73,,,,0.45,0.45,0.45,,,,0.69,0.69,0.7,,,,0.65,0.63,0.67,,,,-67.15,-67.7,-66.6,,,,1612.59,1635.83,1589.36,,,,-4.17,-4.14,-4.19,,,,77.5,77.35,77.64,,,,43.75,43.75,43.75,,,,16.0,16,16,,,,11.5,12,11,,,,71.88,75.0,68.75,,,,3.5,3.0,4.0,,,,21.88,18.75,25.0,,,,0.0,0,0,,,,0.0,0,0,,,,0.0,0,0,,,,0.0,0,0,,,,0.0,0,0,,,,0.0,0,0,,,,"{'A': 0.0, 'C': 0.0, 'D': 2.0, 'E': 2.0, 'F': 0.0, 'G': 0.0, 'H': 1.0, 'I': 1.0, 'K': 0.0, 'L': 1.0, 'M': 1.0, 'N': 1.0, 'P': 0.0, 'Q': 0.0, 'R': 1.0, 'S': 1.0, 'T': 1.0, 'V': 2.0, 'W': 1.0, 'Y': 1.0}","{'A': 0, 'C': 0, 'D': 2, 'E': 2, 'F': 0, 'G': 0, 'H': 1, 'I': 1, 'K': 0, 'L': 1, 'M': 1, 'N': 1, 'P': 0, 'Q': 0, 'R': 1, 'S': 1, 'T': 1, 'V': 2, 'W': 1, 'Y': 1}","{'A': 0, 'C': 0, 'D': 2, 'E': 2, 'F': 0, 'G': 0, 'H': 1, 'I': 1, 'K': 0, 'L': 1, 'M': 1, 'N': 1, 'P': 0, 'Q': 0, 'R': 1, 'S': 1, 'T': 1, 'V': 2, 'W': 1, 'Y': 1}",,,,1.14,1.17,1.1,,,,0.36,0.39,0.32,,,,0.81,0.69,0.94,,,,0.33,0.21,0.45,,,,0.23,0.33,0.12,,,,6.99,11.68,2.3,,,,"0 hours, 0 minutes, 40 seconds",,EGFR_patchF,relaxed_filters,default_4stage_multimer
EGFRpH_F_l30_s117692_mpnn7,4stage,30,117692,-0.3,"A431,A434,A436",GMEMKVTLTPDGRSENTYDSVHIEWVPTKP,"B4,B6,B8,B11,B13,B15,B16,B17,B18,B19,B20,B21,B22,B23,B24,B25",1.18,0.53,0.89,0.88,0.89,,,,0.87,0.86,0.88,,,,0.85,0.85,0.86,,,,0.2,0.2,0.2,,,,0.21,0.21,0.21,,,,0.0,0,0,,,,0.0,0,0,,,,0.5,1,0,,,,0.0,0,0,,,,-95.39,-94.94,-95.84,,,,0.45,0.45,0.45,,,,0.69,0.69,0.69,,,,0.67,0.65,0.68,,,,-66.97,-68.43,-65.52,,,,1594.88,1602.26,1587.51,,,,-4.2,-4.27,-4.13,,,,75.24,76.25,74.23,,,,43.75,43.75,43.75,,,,16.0,16,16,,,,12.0,12,12,,,,75.0,75.0,75.0,,,,3.5,3.0,4.0,,,,21.88,18.75,25.0,,,,0.0,0,0,,,,0.0,0,0,,,,0.0,0,0,,,,0.0,0,0,,,,0.0,0,0,,,,0.0,0,0,,,,"{'A': 0.0, 'C': 0.0, 'D': 2.0, 'E': 2.0, 'F': 0.0, 'G': 0.0, 'H': 1.0, 'I': 1.0, 'K': 0.0, 'L': 1.0, 'M': 1.0, 'N': 1.0, 'P': 0.0, 'Q': 0.0, 'R': 1.0, 'S': 1.0, 'T': 1.0, 'V': 2.0, 'W': 1.0, 'Y': 1.0}","{'A': 0, 'C': 0, 'D': 2, 'E': 2, 'F': 0, 'G': 0, 'H': 1, 'I': 1, 'K': 0, 'L': 1, 'M': 1, 'N': 1, 'P': 0, 'Q': 0, 'R': 1, 'S': 1, 'T': 1, 'V': 2, 'W': 1, 'Y': 1}","{'A': 0, 'C': 0, 'D': 2, 'E': 2, 'F': 0, 'G': 0, 'H': 1, 'I': 1, 'K': 0, 'L': 1, 'M': 1, 'N': 1, 'P': 0, 'Q': 0, 'R': 1, 'S': 1, 'T': 1, 'V': 2, 'W': 1, 'Y': 1}",,,,1.25,1.37,1.13,,,,0.36,0.39,0.32,,,,0.78,0.63,0.93,,,,0.32,0.2,0.44,,,,0.25,0.38,0.12,,,,7.53,12.48,2.57,,,,"0 hours, 0 minutes, 40 seconds",,EGFR_patchF,relaxed_filters,default_4stage_multimer
EGFRpH_F_l30_s117692_mpnn8,4stage,30,117692,-0.3,"A431,A434,A436",GMSMKVTLTPDGRSENTYDSVHIEWVPTVP,"B4,B6,B8,B11,B13,B15,B16,B17,B18,B19,B20,B21,B22,B23,B24,B25",1.18,0.53,0.88,0.88,0.87,,,,0.87,0.86,0.88,,,,0.85,0.85,0.85,,,,0.21,0.21,0.21,,,,0.23,0.22,0.23,,,,0.0,0,0,,,,0.0,0,0,,,,0.5,1,0,,,,0.0,0,0,,,,-95.09,-95.2,-94.99,,,,0.48,0.48,0.48,,,,0.69,0.69,0.7,,,,0.7,0.68,0.71,,,,-67.81,-67.19,-68.43,,,,1616.42,1611.83,1621.02,,,,-4.2,-4.17,-4.22,,,,79.83,79.42,80.24,,,,43.75,43.75,43.75,,,,16.0,16,16,,,,12.5,12,13,,,,78.12,75.0,81.25,,,,3.0,3.0,3.0,,,,18.75,18.75,18.75,,,,0.0,0,0,,,,0.0,0,0,,,,0.0,0,0,,,,0.0,0,0,,,,0.0,0,0,,,,0.0,0,0,,,,"{'A': 0.0, 'C': 0.0, 'D': 2.0, 'E': 2.0, 'F': 0.0, 'G': 0.0, 'H': 1.0, 'I': 1.0, 'K': 0.0, 'L': 1.0, 'M': 1.0, 'N': 1.0, 'P': 0.0, 'Q': 0.0, 'R': 1.0, 'S': 1.0, 'T': 1.0, 'V': 2.0, 'W': 1.0, 'Y': 1.0}","{'A': 0, 'C': 0, 'D': 2, 'E': 2, 'F': 0, 'G': 0, 'H': 1, 'I': 1, 'K': 0, 'L': 1, 'M': 1, 'N': 1, 'P': 0, 'Q': 0, 'R': 1, 'S': 1, 'T': 1, 'V': 2, 'W': 1, 'Y': 1}","{'A': 0, 'C': 0, 'D': 2, 'E': 2, 'F': 0, 'G': 0, 'H': 1, 'I': 1, 'K': 0, 'L': 1, 'M': 1, 'N': 1, 'P': 0, 'Q': 0, 'R': 1, 'S': 1, 'T': 1, 'V': 2, 'W': 1, 'Y': 1}",,,,1.08,1.14,1.03,,,,0.36,0.39,0.32,,,,0.8,0.67,0.93,,,,0.33,0.22,0.44,,,,0.24,0.35,0.13,,,,7.02,11.52,2.53,,,,"0 hours, 0 minutes, 41 seconds",,EGFR_patchF,relaxed_filters,default_4stage_multimer
EGFRpH_F_l30_s117692_mpnn9,4stage,30,117692,-0.3,"A431,A434,A436",GKTMKVTLTPDGRSPNTYDSVHIEWVDTEP,"B4,B6,B8,B11,B15,B16,B17,B18,B19,B20,B21,B22,B23,B24,B25",1.2,0.4,0.89,0.89,0.88,,,,0.87,0.86,0.88,,,,0.85,0.86,0.85,,,,0.21,0.2,0.21,,,,0.21,0.21,0.22,,,,0.0,0,0,,,,0.0,0,0,,,,0.5,1,0,,,,0.0,0,0,,,,-90.44,-87.54,-93.35,,,,0.41,0.41,0.41,,,,0.69,0.68,0.69,,,,0.69,0.69,0.68,,,,-62.72,-61.58,-63.86,,,,1527.28,1539.58,1514.99,,,,-4.11,-4.0,-4.21,,,,71.07,71.68,70.46,,,,53.33,53.33,53.33,,,,15.0,15,15,,,,12.0,13,11,,,,80.0,86.67,73.33,,,,2.5,2.0,3.0,,,,16.66,13.33,20.0,,,,0.0,0,0,,,,0.0,0,0,,,,0.0,0,0,,,,0.0,0,0,,,,0.0,0,0,,,,0.0,0,0,,,,"{'A': 0.0, 'C': 0.0, 'D': 2.0, 'E': 1.0, 'F': 0.0, 'G': 0.0, 'H': 1.0, 'I': 1.0, 'K': 0.0, 'L': 1.0, 'M': 1.0, 'N': 1.0, 'P': 1.0, 'Q': 0.0, 'R': 0.0, 'S': 1.0, 'T': 1.0, 'V': 2.0, 'W': 1.0, 'Y': 1.0}","{'A': 0, 'C': 0, 'D': 2, 'E': 1, 'F': 0, 'G': 0, 'H': 1, 'I': 1, 'K': 0, 'L': 1, 'M': 1, 'N': 1, 'P': 1, 'Q': 0, 'R': 0, 'S': 1, 'T': 1, 'V': 2, 'W': 1, 'Y': 1}","{'A': 0, 'C': 0, 'D': 2, 'E': 1, 'F': 0, 'G': 0, 'H': 1, 'I': 1, 'K': 0, 'L': 1, 'M': 1, 'N': 1, 'P': 1, 'Q': 0, 'R': 0, 'S': 1, 'T': 1, 'V': 2, 'W': 1, 'Y': 1}",,,,1.39,1.38,1.4,,,,0.35,0.39,0.31,,,,0.92,0.91,0.93,,,,0.43,0.42,0.44,,,,0.14,0.14,0.13,,,,1.96,1.93,1.99,,,,"0 hours, 0 minutes, 42 seconds",,EGFR_patchF,relaxed_filters,default_4stage_multimer
EGFRpH_F_l30_s117692_mpnn10,4stage,30,117692,-0.3,"A431,A434,A436",GKEMKVTLTPDGRSENTYDSVHIEWVPTKP,"B4,B6,B8,B11,B13,B16,B17,B18,B19,B20,B21,B22,B23,B24,B25",1.2,0.47,0.88,0.88,0.88,,,,0.87,0.86,0.88,,,,0.85,0.85,0.86,,,,0.2,0.2,0.2,,,,0.21,0.21,0.21,,,,0.0,0,0,,,,0.0,0,0,,,,0.5,1,0,,,,0.0,0,0,,,,-94.95,-95.11,-94.8,,,,0.41,0.41,0.41,,,,0.68,0.69,0.66,,,,0.66,0.66,0.66,,,,-66.37,-66.54,-66.2,,,,1623.89,1612.85,1634.93,,,,-4.09,-4.13,-4.05,,,,74.78,75.11,74.45,,,,45.21,43.75,46.67,,,,15.5,16,15,,,,12.5,12,13,,,,80.84,75.0,86.67,,,,3.0,3.0,3.0,,,,19.38,18.75,20.0,,,,0.0,0,0,,,,0.0,0,0,,,,0.0,0,0,,,,0.0,0,0,,,,0.0,0,0,,,,0.0,0,0,,,,"{'A': 0.0, 'C': 0.0, 'D': 2.0, 'E': 1.5, 'F': 0.0, 'G': 0.0, 'H': 1.0, 'I': 1.0, 'K': 0.0, 'L': 1.0, 'M': 1.0, 'N': 1.0, 'P': 0.0, 'Q': 0.0, 'R': 1.0, 'S': 1.0, 'T': 1.0, 'V': 2.0, 'W': 1.0, 'Y': 1.0}","{'A': 0, 'C': 0, 'D': 2, 'E': 2, 'F': 0, 'G': 0, 'H': 1, 'I': 1, 'K': 0, 'L': 1, 'M': 1, 'N': 1, 'P': 0, 'Q': 0, 'R': 1, 'S': 1, 'T': 1, 'V': 2, 'W': 1, 'Y': 1}","{'A': 0, 'C': 0, 'D': 2, 'E': 1, 'F': 0, 'G': 0, 'H': 1, 'I': 1, 'K': 0, 'L': 1, 'M': 1, 'N': 1, 'P': 0, 'Q': 0, 'R': 1, 'S': 1, 'T': 1, 'V': 2, 'W': 1, 'Y': 1}",,,,1.38,1.49,1.26,,,,0.36,0.39,0.33,,,,0.66,0.64,0.67,,,,0.2,0.19,0.21,,,,0.38,0.39,0.36,,,,12.18,12.36,12.01,,,,"0 hours, 0 minutes, 41 seconds",,EGFR_patchF,relaxed_filters,default_4stage_multimer
EGFRpH_F_l30_s117692_mpnn11,4stage,30,117692,-0.3,"A431,A434,A436",GMEMKVTLTSDGRSENTYDSVHIEWVPTEP,"B4,B6,B8,B11,B13,B15,B16,B17,B18,B19,B20,B21,B22,B23,B24,B25",1.2,0.47,0.88,0.88,0.88,,,,0.87,0.86,0.88,,,,0.85,0.85,0.86,,,,0.21,0.21,0.2,,,,0.22,0.22,0.22,,,,0.0,0,0,,,,0.0,0,0,,,,0.5,1,0,,,,0.0,0,0,,,,-90.78,-90.2,-91.35,,,,0.41,0.41,0.41,,,,0.68,0.68,0.68,,,,0.67,0.63,0.71,,,,-66.38,-65.39,-67.38,,,,1583.47,1584.3,1582.64,,,,-4.2,-4.13,-4.26,,,,74.66,74.46,74.86,,,,45.21,46.67,43.75,,,,15.5,15,16,,,,12.5,12,13,,,,80.62,80.0,81.25,,,,3.0,3.0,3.0,,,,19.38,20.0,18.75,,,,0.0,0,0,,,,0.0,0,0,,,,0.0,0,0,,,,0.0,0,0,,,,0.0,0,0,,,,0.0,0,0,,,,"{'A': 0.0, 'C': 0.0, 'D': 2.0, 'E': 1.5, 'F': 0.0, 'G': 0.0, 'H': 1.0, 'I': 1.0, 'K': 0.0, 'L': 1.0, 'M': 1.0, 'N': 1.0, 'P': 0.0, 'Q': 0.0, 'R': 1.0, 'S': 1.0, 'T': 1.0, 'V': 2.0, 'W': 1.0, 'Y': 1.0}","{'A': 0, 'C': 0, 'D': 2, 'E': 1, 'F': 0, 'G': 0, 'H': 1, 'I': 1, 'K': 0, 'L': 1, 'M': 1, 'N': 1, 'P': 0, 'Q': 0, 'R': 1, 'S': 1, 'T': 1, 'V': 2, 'W': 1, 'Y': 1}","{'A': 0, 'C': 0, 'D': 2, 'E': 2, 'F': 0, 'G': 0, 'H': 1, 'I': 1, 'K': 0, 'L': 1, 'M': 1, 'N': 1, 'P': 0, 'Q': 0, 'R': 1, 'S': 1, 'T': 1, 'V': 2, 'W': 1, 'Y': 1}",,,,1.29,1.35,1.23,,,,0.35,0.39,0.31,,,,0.91,0.89,0.92,,,,0.41,0.39,0.43,,,,0.15,0.16,0.13,,,,2.77,2.68,2.85,,,,"0 hours, 0 minutes, 40 seconds",,EGFR_patchF,relaxed_filters,default_4stage_multimer
EGFRpH_F_l36_s657002_mpnn1,4stage,36,657002,-0.3,"A431,A434,A436",PRKRYIVIHTWENGKEVYTYWEMVGNRMKMVKKTVT,"B2,B4,B5,B6,B7,B8,B9,B10,B11,B16,B18,B19,B21,B23,B26,B27,B28,B29,B30",1.13,0.22,0.89,0.89,0.88,,,,0.88,0.87,0.88,,,,0.87,0.87,0.87,,,,0.18,0.18,0.19,,,,0.2,0.19,0.2,,,,0.0,0,0,,,,0.0,0,0,,,,1.0,2,0,,,,0.0,0,0,,,,-102.12,-102.95,-101.29,,,,0.49,0.49,0.49,,,,0.69,0.69,0.7,,,,0.65,0.65,0.64,,,,-53.11,-54.01,-52.21,,,,1734.89,1703.17,1766.61,,,,-3.06,-3.17,-2.96,,,,64.53,63.19,65.88,,,,54.09,55.56,52.63,,,,18.5,18,19,,,,11.5,12,11,,,,62.28,66.67,57.89,,,,7.0,5.0,9.0,,,,37.58,27.78,47.37,,,,0.0,0,0,,,,0.0,0,0,,,,0.0,0,0,,,,0.0,0,0,,,,0.0,0,0,,,,0.0,0,0,,,,"{'A': 0.0, 'C': 0.0, 'D': 0.0, 'E': 0.5, 'F': 0.0, 'G': 0.0, 'H': 1.0, 'I': 2.0, 'K': 1.0, 'L': 0.0, 'M': 3.0, 'N': 1.0, 'P': 0.0, 'Q': 0.0, 'R': 3.0, 'S': 0.0, 'T': 2.0, 'V': 1.0, 'W': 2.0, 'Y': 2.0}","{'A': 0, 'C': 0, 'D': 0, 'E': 0, 'F': 0, 'G': 0, 'H': 1, 'I': 2, 'K': 1, 'L': 0, 'M': 3, 'N': 1, 'P': 0, 'Q': 0, 'R': 3, 'S': 0, 'T': 2, 'V': 1, 'W': 2, 'Y': 2}","{'A': 0, 'C': 0, 'D': 0, 'E': 1, 'F': 0, 'G': 0, 'H': 1, 'I': 2, 'K': 1, 'L': 0, 'M': 3, 'N': 1, 'P': 0, 'Q': 0, 'R': 3, 'S': 0, 'T': 2, 'V': 1, 'W': 2, 'Y': 2}",,,,1.54,1.58,1.5,,,,0.42,0.45,0.38,,,,0.85,0.84,0.86,,,,0.46,0.45,0.48,,,,0.18,0.2,0.16,,,,3.78,4.24,3.32,,,,"0 hours, 1 minutes, 31 seconds",,EGFR_patchF,relaxed_filters,default_4stage_multimer
EGFRpH_F_l36_s657002_mpnn2,4stage,36,657002,-0.3,"A431,A434,A436",ERKRYIVIHTWEDGKEVYTYWRMEGNRMKMEKKVVT,"B4,B5,B6,B7,B8,B9,B10,B11,B16,B18,B21,B23,B26,B27,B28",1.14,0.22,0.86,0.87,0.85,,,,0.87,0.87,0.87,,,,0.84,0.86,0.83,,,,0.21,0.19,0.22,,,,0.22,0.21,0.24,,,,0.0,0,0,,,,0.0,0,0,,,,2.0,2,2,,,,0.0,0,0,,,,-100.53,-101.71,-99.34,,,,0.44,0.44,0.44,,,,0.67,0.72,0.62,,,,0.69,0.66,0.71,,,,-46.47,-45.93,-47.0,,,,1578.53,1645.56,1511.51,,,,-2.95,-2.79,-3.11,,,,54.98,57.64,52.33,,,,59.41,58.82,60.0,,,,16.0,17,15,,,,11.0,11,11,,,,69.02,64.71,73.33,,,,4.5,6.0,3.0,,,,27.64,35.29,20.0,,,,0.0,0,0,,,,0.0,0,0,,,,0.0,0,0,,,,0.0,0,0,,,,0.0,0,0,,,,0.0,0,0,,,,"{'A': 0.0, 'C': 0.0, 'D': 0.0, 'E': 0.5, 'F': 0.0, 'G': 0.0, 'H': 1.0, 'I': 2.0, 'K': 0.5, 'L': 0.0, 'M': 2.5, 'N': 1.0, 'P': 0.0, 'Q': 0.0, 'R': 2.0, 'S': 0.0, 'T': 1.5, 'V': 1.0, 'W': 2.0, 'Y': 2.0}","{'A': 0, 'C': 0, 'D': 0, 'E': 0, 'F': 0, 'G': 0, 'H': 1, 'I': 2, 'K': 1, 'L': 0, 'M': 3, 'N': 1, 'P': 0, 'Q': 0, 'R': 2, 'S': 0, 'T': 2, 'V': 1, 'W': 2, 'Y': 2}","{'A': 0, 'C': 0, 'D': 0, 'E': 1, 'F': 0, 'G': 0, 'H': 1, 'I': 2, 'K': 0, 'L': 0, 'M': 2, 'N': 1, 'P': 0, 'Q': 0, 'R': 2, 'S': 0, 'T': 1, 'V': 1, 'W': 2, 'Y': 2}",,,,2.62,2.56,2.68,,,,0.38,0.42,0.33,,,,0.9,0.89,0.9,,,,0.53,0.52,0.53,,,,0.15,0.15,0.14,,,,2.16,2.16,2.16,,,,"0 hours, 0 minutes, 49 seconds",,EGFR_patchF,relaxed_filters,default_4stage_multimer
EGFRpH_F_l36_s657002_mpnn3,4stage,36,657002,-0.3,"A431,A434,A436",PRKRYIVIHTWENGKEVYTYWRMVGNRMKMEKVVVK,"B2,B4,B5,B6,B7,B8,B9,B10,B11,B18,B21,B23,B26,B27,B28,B30",1.17,0.17,0.86,0.87,0.85,,,,0.87,0.87,0.87,,,,0.83,0.85,0.82,,,,0.21,0.19,0.22,,,,0.22,0.21,0.24,,,,0.0,0,0,,,,0.0,0,0,,,,1.0,2,0,,,,0.0,0,0,,,,-102.02,-99.25,-104.79,,,,0.52,0.51,0.53,,,,0.67,0.64,0.7,,,,0.65,0.64,0.65,,,,-46.2,-44.29,-48.1,,,,1589.62,1529.12,1650.13,,,,-2.91,-2.9,-2.91,,,,54.56,53.59,55.53,,,,59.38,56.25,62.5,,,,16.0,16,16,,,,11.0,11,11,,,,68.75,68.75,68.75,,,,5.0,6.0,4.0,,,,31.25,37.5,25.0,,,,0.0,0,0,,,,0.0,0,0,,,,0.0,0,0,,,,0.0,0,0,,,,0.0,0,0,,,,0.0,0,0,,,,"{'A': 0.0, 'C': 0.0, 'D': 0.0, 'E': 0.5, 'F': 0.0, 'G': 0.0, 'H': 1.0, 'I': 2.0, 'K': 0.0, 'L': 0.0, 'M': 2.5, 'N': 1.0, 'P': 0.0, 'Q': 0.0, 'R': 3.0, 'S': 0.0, 'T': 1.0, 'V': 1.0, 'W': 2.0, 'Y': 2.0}","{'A': 0, 'C': 0, 'D': 0, 'E': 1, 'F': 0, 'G': 0, 'H': 1, 'I': 2, 'K': 0, 'L': 0, 'M': 2, 'N': 1, 'P': 0, 'Q': 0, 'R': 3, 'S': 0, 'T': 1, 'V': 1, 'W': 2, 'Y': 2}","{'A': 0, 'C': 0, 'D': 0, 'E': 0, 'F': 0, 'G': 0, 'H': 1, 'I': 2, 'K': 0, 'L': 0, 'M': 3, 'N': 1, 'P': 0, 'Q': 0, 'R': 3, 'S': 0, 'T': 1, 'V': 1, 'W': 2, 'Y': 2}",,,,2.76,2.76,2.77,,,,0.36,0.41,0.31,,,,0.84,0.83,0.86,,,,0.45,0.43,0.48,,,,0.19,0.21,0.17,,,,3.26,3.34,3.18,,,,"0 hours, 0 minutes, 48 seconds",,EGFR_patchF,relaxed_filters,default_4stage_multimer
EGFRpH_F_l36_s657002_mpnn4,4stage,36,657002,-0.3,"A431,A434,A436",PRKRYIVIHTWEDGKEVYTYWRMEGNRMKMEKKIVT,"B2,B4,B5,B6,B7,B8,B9,B10,B11,B16,B18,B21,B23,B27,B28,B30",1.18,0.22,0.86,0.87,0.85,,,,0.87,0.87,0.87,,,,0.84,0.86,0.83,,,,0.21,0.2,0.22,,,,0.22,0.21,0.24,,,,0.0,0,0,,,,0.0,0,0,,,,1.0,2,0,,,,0.0,0,0,,,,-100.84,-100.95,-100.73,,,,0.47,0.47,0.47,,,,0.68,0.7,0.66,,,,0.67,0.69,0.65,,,,-48.71,-47.05,-50.37,,,,1618.84,1659.93,1577.75,,,,-3.01,-2.83,-3.19,,,,57.98,59.13,56.84,,,,62.5,62.5,62.5,,,,16.0,16,16,,,,12.0,12,12,,,,75.0,75.0,75.0,,,,5.5,6.0,5.0,,,,34.38,37.5,31.25,,,,0.0,0,0,,,,0.0,0,0,,,,0.0,0,0,,,,0.0,0,0,,,,0.0,0,0,,,,0.0,0,0,,,,"{'A': 0.0, 'C': 0.0, 'D': 0.0, 'E': 0.5, 'F': 0.0, 'G': 0.0, 'H': 1.0, 'I': 2.0, 'K': 0.0, 'L': 0.0, 'M': 3.0, 'N': 0.5, 'P': 0.0, 'Q': 0.0, 'R': 2.5, 'S': 0.0, 'T': 1.5, 'V': 1.0, 'W': 2.0, 'Y': 2.0}","{'A': 0, 'C': 0, 'D': 0, 'E': 0, 'F': 0, 'G': 0, 'H': 1, 'I': 2, 'K': 0, 'L': 0, 'M': 3, 'N': 1, 'P': 0, 'Q': 0, 'R': 2, 'S': 0, 'T': 2, 'V': 1, 'W': 2, 'Y': 2}","{'A': 0, 'C': 0, 'D': 0, 'E': 1, 'F': 0, 'G': 0, 'H': 1, 'I': 2, 'K': 0, 'L': 0, 'M': 3, 'N': 0, 'P': 0, 'Q': 0, 'R': 3, 'S': 0, 'T': 1, 'V': 1, 'W': 2, 'Y': 2}",,,,2.64,2.59,2.69,,,,0.38,0.42,0.33,,,,0.86,0.86,0.87,,,,0.49,0.48,0.51,,,,0.16,0.18,0.15,,,,2.29,2.31,2.27,,,,"0 hours, 0 minutes, 49 seconds",,EGFR_patchF,relaxed_filters,default_4stage_multimer
EGFRpH_F_l36_s657002_mpnn5,4stage,36,657002,-0.3,"A431,A434,A436",ERKRYIVIHTWEDGKEVYTYWEMEGNRMKMVKKVVK,"B2,B4,B5,B6,B7,B8,B9,B10,B11,B14,B16,B18,B21,B23,B25,B26,B27,B28",1.18,0.28,0.89,0.89,0.88,,,,0.88,0.87,0.88,,,,0.88,0.88,0.87,,,,0.18,0.18,0.18,,,,0.2,0.19,0.2,,,,0.0,0,0,,,,0.0,0,0,,,,1.0,2,0,,,,0.0,0,0,,,,-100.57,-99.58,-101.56,,,,0.46,0.46,0.47,,,,0.7,0.68,0.71,,,,0.66,0.65,0.66,,,,-55.6,-52.09,-59.11,,,,1748.87,1738.33,1759.4,,,,-3.18,-3.0,-3.36,,,,64.16,62.75,65.56,,,,52.78,55.56,50.0,,,,18.0,18,18,,,,11.0,7,15,,,,61.11,38.89,83.33,,,,9.0,10.0,8.0,,,,50.0,55.56,44.44,,,,0.0,0,0,,,,0.0,0,0,,,,0.0,0,0,,,,0.0,0,0,,,,0.0,0,0,,,,0.0,0,0,,,,"{'A': 0.0, 'C': 0.0, 'D': 0.0, 'E': 1.0, 'F': 0.0, 'G': 1.5, 'H': 1.0, 'I': 2.0, 'K': 0.5, 'L': 0.0, 'M': 2.5, 'N': 0.5, 'P': 0.0, 'Q': 0.0, 'R': 2.5, 'S': 0.0, 'T': 1.5, 'V': 1.0, 'W': 2.0, 'Y': 2.0}","{'A': 0, 'C': 0, 'D': 0, 'E': 1, 'F': 0, 'G': 1, 'H': 1, 'I': 2, 'K': 1, 'L': 0, 'M': 3, 'N': 0, 'P': 0, 'Q': 0, 'R': 2, 'S': 0, 'T': 2, 'V': 1, 'W': 2, 'Y': 2}","{'A': 0, 'C': 0, 'D': 0, 'E': 1, 'F': 0, 'G': 2, 'H': 1, 'I': 2, 'K': 0, 'L': 0, 'M': 2, 'N': 1, 'P': 0, 'Q': 0, 'R': 3, 'S': 0, 'T': 1, 'V': 1, 'W': 2, 'Y': 2}",,,,1.51,1.46,1.56,,,,0.48,0.5,0.46,,,,0.89,0.87,0.9,,,,0.5,0.48,0.52,,,,0.16,0.18,0.14,,,,2.75,3.68,1.83,,,,"0 hours, 0 minutes, 50 seconds",,EGFR_patchF,relaxed_filters,default_4stage_multimer
EGFRpH_F_l36_s657002_mpnn6,4stage,36,657002,-0.3,"A431,A434,A436",PRKRYIVIHTWEDGKEVYTYWEMVGNRMKMEKVTVK,"B2,B4,B5,B6,B7,B8,B9,B10,B11,B16,B18,B21,B23,B25,B26,B27,B28",1.19,0.28,0.88,0.88,0.87,,,,0.88,0.87,0.88,,,,0.85,0.86,0.85,,,,0.2,0.19,0.2,,,,0.21,0.2,0.21,,,,0.0,0,0,,,,0.0,0,0,,,,1.0,2,0,,,,0.0,0,0,,,,-101.17,-102.35,-100.0,,,,0.49,0.5,0.49,,,,0.7,0.71,0.68,,,,0.68,0.69,0.67,,,,-52.67,-55.79,-49.56,,,,1669.16,1735.44,1602.89,,,,-3.15,-3.21,-3.09,,,,59.0,61.54,56.45,,,,52.78,52.63,52.94,,,,18.0,19,17,,,,12.0,13,11,,,,66.56,68.42,64.71,,,,6.5,8.0,5.0,,,,35.76,42.11,29.41,,,,0.0,0,0,,,,0.0,0,0,,,,0.0,0,0,,,,0.0,0,0,,,,0.0,0,0,,,,0.0,0,0,,,,"{'A': 0.0, 'C': 0.0, 'D': 0.0, 'E': 1.0, 'F': 0.0, 'G': 1.0, 'H': 1.0, 'I': 2.0, 'K': 0.0, 'L': 0.0, 'M': 2.5, 'N': 1.0, 'P': 0.0, 'Q': 0.0, 'R': 3.0, 'S': 0.0, 'T': 1.5, 'V': 1.0, 'W': 2.0, 'Y': 2.0}","{'A': 0, 'C': 0, 'D': 0, 'E': 1, 'F': 0, 'G': 1, 'H': 1, 'I': 2, 'K': 0, 'L': 0, 'M': 3, 'N': 1, 'P': 0, 'Q': 0, 'R': 3, 'S': 0, 'T': 2, 'V': 1, 'W': 2, 'Y': 2}","{'A': 0, 'C': 0, 'D': 0, 'E': 1, 'F': 0, 'G': 1, 'H': 1, 'I': 2, 'K': 0, 'L': 0, 'M': 2, 'N': 1, 'P': 0, 'Q': 0, 'R': 3, 'S': 0, 'T': 1, 'V': 1, 'W': 2, 'Y': 2}",,,,2.71,2.68,2.75,,,,0.36,0.41,0.32,,,,0.88,0.86,0.89,,,,0.49,0.48,0.51,,,,0.16,0.17,0.14,,,,2.64,2.53,2.76,,,,"0 hours, 0 minutes, 48 seconds",,EGFR_patchF,relaxed_filters,default_4stage_multimer
EGFRpH_F_l36_s657002_mpnn7,4stage,36,657002,-0.3,"A431,A434,A436",ERKRYIVIHTWENGKEVYTYWRMVGNRMKMEKVIVR,"B4,B5,B6,B7,B8,B9,B10,B11,B18,B21,B23,B26,B27,B28,B30",1.19,0.17,0.85,0.87,0.83,,,,0.87,0.87,0.87,,,,0.83,0.86,0.81,,,,0.22,0.2,0.24,,,,0.23,0.21,0.26,,,,0.0,0,0,,,,0.0,0,0,,,,1.0,2,0,,,,0.0,0,0,,,,-96.38,-97.78,-94.97,,,,0.49,0.49,0.5,,,,0.68,0.68,0.67,,,,0.66,0.66,0.65,,,,-47.61,-49.8,-45.43,,,,1625.34,1591.11,1659.56,,,,-2.94,-3.13,-2.74,,,,54.82,54.78,54.86,,,,66.67,66.67,66.67,,,,15.0,15,15,,,,12.5,15,10,,,,83.34,100.0,66.67,,,,5.5,5.0,6.0,,,,36.66,33.33,40.0,,,,0.0,0,0,,,,0.0,0,0,,,,0.0,0,0,,,,0.0,0,0,,,,0.0,0,0,,,,0.0,0,0,,,,"{'A': 0.0, 'C': 0.0, 'D': 0.0, 'E': 0.0, 'F': 0.0, 'G': 0.0, 'H': 1.0, 'I': 2.0, 'K': 0.0, 'L': 0.0, 'M': 3.0, 'N': 1.0, 'P': 0.0, 'Q': 0.0, 'R': 2.0, 'S': 0.0, 'T': 1.0, 'V': 1.0, 'W': 2.0, 'Y': 2.0}","{'A': 0, 'C': 0, 'D': 0, 'E': 0, 'F': 0, 'G': 0, 'H': 1, 'I': 2, 'K': 0, 'L': 0, 'M': 3, 'N': 1, 'P': 0, 'Q': 0, 'R': 2, 'S': 0, 'T': 1, 'V': 1, 'W': 2, 'Y': 2}","{'A': 0, 'C': 0, 'D': 0, 'E': 0, 'F': 0, 'G': 0, 'H': 1, 'I': 2, 'K': 0, 'L': 0, 'M': 3, 'N': 1, 'P': 0, 'Q': 0, 'R': 2, 'S': 0, 'T': 1, 'V': 1, 'W': 2, 'Y': 2}",,,,2.66,2.63,2.69,,,,0.36,0.41,0.3,,,,0.86,0.84,0.88,,,,0.49,0.46,0.53,,,,0.17,0.19,0.15,,,,2.76,3.07,2.46,,,,"0 hours, 0 minutes, 48 seconds",,EGFR_patchF,relaxed_filters,default_4stage_multimer
EGFRpH_F_l36_s657002_mpnn8,4stage,36,657002,-0.3,"A431,A434,A436",PRERYIVIHTWENGKEVYTYWRMEGNRMKMVRRTVT,"B2,B4,B5,B6,B7,B8,B9,B10,B11,B16,B18,B19,B21,B23,B26,B27,B28,B29,B30",1.2,0.17,0.88,0.89,0.87,,,,0.88,0.87,0.88,,,,0.87,0.88,0.86,,,,0.18,0.18,0.19,,,,0.2,0.19,0.21,,,,0.0,0,0,,,,0.0,0,0,,,,1.5,3,0,,,,0.0,0,0,,,,-105.65,-105.8,-105.5,,,,0.47,0.47,0.47,,,,0.69,0.7,0.69,,,,0.71,0.68,0.73,,,,-54.58,-52.62,-56.53,,,,1754.78,1699.73,1809.83,,,,-3.11,-3.1,-3.12,,,,66.87,64.42,69.32,,,,51.31,50.0,52.63,,,,19.5,20,19,,,,11.5,11,12,,,,59.08,55.0,63.16,,,,7.0,7.0,7.0,,,,35.92,35.0,36.84,,,,0.0,0,0,,,,0.0,0,0,,,,0.0,0,0,,,,0.0,0,0,,,,0.0,0,0,,,,0.0,0,0,,,,"{'A': 0.0, 'C': 0.0, 'D': 0.0, 'E': 1.0, 'F': 0.0, 'G': 0.0, 'H': 1.0, 'I': 2.0, 'K': 1.0, 'L': 0.0, 'M': 3.0, 'N': 1.0, 'P': 0.0, 'Q': 0.0, 'R': 3.5, 'S': 0.0, 'T': 2.0, 'V': 1.0, 'W': 2.0, 'Y': 2.0}","{'A': 0, 'C': 0, 'D': 0, 'E': 1, 'F': 0, 'G': 0, 'H': 1, 'I': 2, 'K': 1, 'L': 0, 'M': 3, 'N': 1, 'P': 0, 'Q': 0, 'R': 4, 'S': 0, 'T': 2, 'V': 1, 'W': 2, 'Y': 2}","{'A': 0, 'C': 0, 'D': 0, 'E': 1, 'F': 0, 'G': 0, 'H': 1, 'I': 2, 'K': 1, 'L': 0, 'M': 3, 'N': 1, 'P': 0, 'Q': 0, 'R': 3, 'S': 0, 'T': 2, 'V': 1, 'W': 2, 'Y': 2}",,,,1.48,1.48,1.48,,,,0.43,0.47,0.39,,,,0.87,0.86,0.88,,,,0.51,0.48,0.53,,,,0.16,0.18,0.15,,,,3.43,3.67,3.19,,,,"0 hours, 0 minutes, 50 seconds",,EGFR_patchF,relaxed_filters,default_4stage_multimer
EGFRpH_F_l36_s657002_mpnn9,4stage,36,657002,-0.3,"A431,A434,A436",PRKRYIVIHTWENGKKVYTYWRMEGNRMKMEKVVVT,"B2,B4,B5,B6,B7,B8,B9,B10,B11,B16,B18,B21,B23,B26,B27,B28,B30",1.2,0.17,0.84,0.86,0.82,,,,0.86,0.87,0.86,,,,0.8,0.85,0.76,,,,0.24,0.2,0.28,,,,0.27,0.22,0.31,,,,0.0,0,0,,,,0.0,0,0,,,,1.0,1,1,,,,0.0,0,0,,,,-99.0,-97.64,-100.37,,,,0.49,0.49,0.5,,,,0.65,0.66,0.64,,,,0.68,0.68,0.67,,,,-45.58,-44.91,-46.26,,,,1604.03,1632.27,1575.8,,,,-2.84,-2.75,-2.94,,,,56.98,58.83,55.14,,,,58.82,58.82,58.82,,,,17.0,17,17,,,,11.5,12,11,,,,67.65,70.59,64.71,,,,4.5,5.0,4.0,,,,26.47,29.41,23.53,,,,0.0,0,0,,,,0.0,0,0,,,,0.0,0,0,,,,0.0,0,0,,,,0.0,0,0,,,,0.0,0,0,,,,"{'A': 0.0, 'C': 0.0, 'D': 0.0, 'E': 0.0, 'F': 0.0, 'G': 0.0, 'H': 1.0, 'I': 2.0, 'K': 1.0, 'L': 0.0, 'M': 3.0, 'N': 1.0, 'P': 0.0, 'Q': 0.0, 'R': 3.0, 'S': 0.0, 'T': 1.0, 'V': 1.0, 'W': 2.0, 'Y': 2.0}","{'A': 0, 'C': 0, 'D': 0, 'E': 0, 'F': 0, 'G': 0, 'H': 1, 'I': 2, 'K': 1, 'L': 0, 'M': 3, 'N': 1, 'P': 0, 'Q': 0, 'R': 3, 'S': 0, 'T': 1, 'V': 1, 'W': 2, 'Y': 2}","{'A': 0, 'C': 0, 'D': 0, 'E': 0, 'F': 0, 'G': 0, 'H': 1, 'I': 2, 'K': 1, 'L': 0, 'M': 3, 'N': 1, 'P': 0, 'Q': 0, 'R': 3, 'S': 0, 'T': 1, 'V': 1, 'W': 2, 'Y': 2}",,,,2.65,2.64,2.65,,,,0.36,0.41,0.3,,,,0.84,0.82,0.87,,,,0.46,0.43,0.5,,,,0.18,0.21,0.15,,,,2.63,2.74,2.52,,,,"0 hours, 0 minutes, 44 seconds",,EGFR_patchF,relaxed_filters,default_4stage_multimer
EGFRpH_F_l36_s657002_mpnn10,4stage,36,657002,-0.3,"A431,A434,A436",PRKRYIVIHTWEDGKEVYTYWEMVGNRMKMVKKTVK,"B2,B4,B5,B6,B7,B8,B9,B10,B11,B18,B19,B21,B23,B26,B27,B28,B29,B30",1.21,0.28,0.89,0.89,0.88,,,,0.88,0.87,0.88,,,,0.86,0.87,0.86,,,,0.18,0.18,0.19,,,,0.2,0.2,0.2,,,,0.0,0,0,,,,0.0,0,0,,,,1.0,2,0,,,,0.0,0,0,,,,-103.36,-103.48,-103.24,,,,0.49,0.49,0.49,,,,0.69,0.69,0.7,,,,0.68,0.71,0.65,,,,-52.62,-53.86,-51.39,,,,1738.03,1668.54,1807.51,,,,-3.04,-3.23,-2.84,,,,64.78,60.62,68.93,,,,55.56,55.56,55.56,,,,18.0,18,18,,,,11.0,11,11,,,,61.11,61.11,61.11,,,,8.0,9.0,7.0,,,,44.45,50.0,38.89,,,,0.0,0,0,,,,0.0,0,0,,,,0.0,0,0,,,,0.0,0,0,,,,0.0,0,0,,,,0.0,0,0,,,,"{'A': 0.0, 'C': 0.0, 'D': 0.0, 'E': 0.0, 'F': 0.0, 'G': 0.0, 'H': 1.0, 'I': 2.0, 'K': 1.0, 'L': 0.0, 'M': 3.0, 'N': 1.0, 'P': 0.0, 'Q': 0.0, 'R': 3.0, 'S': 0.0, 'T': 2.0, 'V': 1.0, 'W': 2.0, 'Y': 2.0}","{'A': 0, 'C': 0, 'D': 0, 'E': 0, 'F': 0, 'G': 0, 'H': 1, 'I': 2, 'K': 1, 'L': 0, 'M': 3, 'N': 1, 'P': 0, 'Q': 0, 'R': 3, 'S': 0, 'T': 2, 'V': 1, 'W': 2, 'Y': 2}","{'A': 0, 'C': 0, 'D': 0, 'E': 0, 'F': 0, 'G': 0, 'H': 1, 'I': 2, 'K': 1, 'L': 0, 'M': 3, 'N': 1, 'P': 0, 'Q': 0, 'R': 3, 'S': 0, 'T': 2, 'V': 1, 'W': 2, 'Y': 2}",,,,1.53,1.6,1.46,,,,0.41,0.45,0.37,,,,0.84,0.83,0.85,,,,0.45,0.44,0.45,,,,0.2,0.21,0.18,,,,4.16,4.58,3.74,,,,"0 hours, 0 minutes, 47 seconds",,EGFR_patchF,relaxed_filters,default_4stage_multimer
EGFRpH_F_l36_s657002_mpnn11,4stage,36,657002,-0.3,"A431,A434,A436",MRERYIVIHTWENGKNVYTYWKMEGNRMKMEKVIVE,"B4,B5,B6,B7,B8,B9,B10,B11,B16,B18,B21,B23,B26,B27,B28,B30",1.23,0.17,0.85,0.87,0.83,,,,0.87,0.87,0.87,,,,0.83,0.86,0.81,,,,0.22,0.2,0.23,,,,0.23,0.21,0.26,,,,0.0,0,0,,,,0.0,0,0,,,,3.0,4,2,,,,0.0,0,0,,,,-96.44,-94.7,-98.19,,,,0.5,0.5,0.5,,,,0.7,0.71,0.68,,,,0.66,0.67,0.64,,,,-52.62,-53.21,-52.04,,,,1632.64,1650.58,1614.7,,,,-3.22,-3.22,-3.22,,,,58.19,61.59,54.79,,,,59.03,55.56,62.5,,,,17.0,18,16,,,,11.0,13,9,,,,64.23,72.22,56.25,,,,5.5,5.0,6.0,,,,32.64,27.78,37.5,,,,0.0,0,0,,,,0.0,0,0,,,,0.0,0,0,,,,0.0,0,0,,,,0.0,0,0,,,,0.0,0,0,,,,"{'A': 0.0, 'C': 0.0, 'D': 0.0, 'E': 0.0, 'F': 0.0, 'G': 0.0, 'H': 1.0, 'I': 2.0, 'K': 0.0, 'L': 0.0, 'M': 3.0, 'N': 2.0, 'P': 0.0, 'Q': 0.0, 'R': 2.5, 'S': 0.0, 'T': 1.5, 'V': 1.0, 'W': 2.0, 'Y': 2.0}","{'A': 0, 'C': 0, 'D': 0, 'E': 0, 'F': 0, 'G': 0, 'H': 1, 'I': 2, 'K': 0, 'L': 0, 'M': 3, 'N': 2, 'P': 0, 'Q': 0, 'R': 3, 'S': 0, 'T': 2, 'V': 1, 'W': 2, 'Y': 2}","{'A': 0, 'C': 0, 'D': 0, 'E': 0, 'F': 0, 'G': 0, 'H': 1, 'I': 2, 'K': 0, 'L': 0, 'M': 3, 'N': 2, 'P': 0, 'Q': 0, 'R': 2, 'S': 0, 'T': 1, 'V': 1, 'W': 2, 'Y': 2}",,,,2.65,2.61,2.69,,,,0.36,0.42,0.31,,,,0.9,0.88,0.91,,,,0.54,0.52,0.55,,,,0.14,0.15,0.13,,,,2.38,2.34,2.41,,,,"0 hours, 0 minutes, 47 seconds",,EGFR_patchF,relaxed_filters,default_4stage_multimer
EGFRpH_F_l36_s657002_mpnn12,4stage,36,657002,-0.3,"A431,A434,A436",PRERYIVIHTWVDGKEVYTYWRMVGNRMKMEKVVVT,"B2,B4,B5,B6,B7,B8,B9,B10,B11,B16,B18,B21,B26,B27,B28,B29",1.23,0.28,0.86,0.9,0.82,,,,0.88,0.87,0.88,,,,0.85,0.88,0.83,,,,0.2,0.17,0.23,,,,0.21,0.18,0.24,,,,0.0,0,0,,,,0.0,0,0,,,,2.0,3,1,,,,0.0,0,0,,,,-108.53,-112.63,-104.42,,,,0.56,0.57,0.56,,,,0.68,0.71,0.64,,,,0.67,0.67,0.66,,,,-50.0,-55.66,-44.35,,,,1731.16,1741.86,1720.46,,,,-2.89,-3.2,-2.58,,,,65.05,66.79,63.3,,,,52.78,55.56,50.0,,,,17.0,18,16,,,,11.0,12,10,,,,64.59,66.67,62.5,,,,8.0,8.0,8.0,,,,47.22,44.44,50.0,,,,0.0,0,0,,,,0.0,0,0,,,,0.0,0,0,,,,0.0,0,0,,,,0.0,0,0,,,,0.0,0,0,,,,"{'A': 0.0, 'C': 0.0, 'D': 0.0, 'E': 0.5, 'F': 0.0, 'G': 0.5, 'H': 1.0, 'I': 2.0, 'K': 1.0, 'L': 0.0, 'M': 2.0, 'N': 1.0, 'P': 0.0, 'Q': 0.0, 'R': 2.5, 'S': 0.0, 'T': 1.5, 'V': 1.0, 'W': 2.0, 'Y': 2.0}","{'A': 0, 'C': 0, 'D': 0, 'E': 0, 'F': 0, 'G': 1, 'H': 1, 'I': 2, 'K': 1, 'L': 0, 'M': 3, 'N': 1, 'P': 0, 'Q': 0, 'R': 2, 'S': 0, 'T': 2, 'V': 1, 'W': 2, 'Y': 2}","{'A': 0, 'C': 0, 'D': 0, 'E': 1, 'F': 0, 'G': 0, 'H': 1, 'I': 2, 'K': 1, 'L': 0, 'M': 1, 'N': 1, 'P': 0, 'Q': 0, 'R': 3, 'S': 0, 'T': 1, 'V': 1, 'W': 2, 'Y': 2}",,,,1.6,1.58,1.61,,,,0.4,0.47,0.33,,,,0.89,0.85,0.93,,,,0.52,0.46,0.58,,,,0.14,0.17,0.11,,,,2.21,2.77,1.66,,,,"0 hours, 0 minutes, 48 seconds",,EGFR_patchF,relaxed_filters,default_4stage_multimer
EGFRpH_F_l36_s657002_mpnn13,4stage,36,657002,-0.3,"A431,A434,A436",PRERYIVIHTWEDGKEVYTYWKMEGNRMKMVKKIVT,"B2,B4,B5,B6,B7,B8,B9,B10,B11,B18,B19,B21,B23,B26,B27,B28,B29,B30",1.23,0.22,0.9,0.9,0.9,,,,0.88,0.87,0.88,,,,0.88,0.88,0.87,,,,0.18,0.18,0.18,,,,0.19,0.19,0.19,,,,0.0,0,0,,,,0.0,0,0,,,,1.5,3,0,,,,0.0,0,0,,,,-103.38,-103.3,-103.47,,,,0.49,0.49,0.49,,,,0.7,0.71,0.7,,,,0.69,0.67,0.7,,,,-53.28,-53.73,-52.83,,,,1737.78,1770.31,1705.24,,,,-3.06,-3.03,-3.1,,,,65.78,67.75,63.8,,,,55.56,55.56,55.56,,,,18.0,18,18,,,,11.0,11,11,,,,61.11,61.11,61.11,,,,9.0,12.0,6.0,,,,50.0,66.67,33.33,,,,0.0,0,0,,,,0.0,0,0,,,,0.0,0,0,,,,0.0,0,0,,,,0.0,0,0,,,,0.0,0,0,,,,"{'A': 0.0, 'C': 0.0, 'D': 0.0, 'E': 0.0, 'F': 0.0, 'G': 0.0, 'H': 1.0, 'I': 2.0, 'K': 1.0, 'L': 0.0, 'M': 3.0, 'N': 1.0, 'P': 0.0, 'Q': 0.0, 'R': 3.0, 'S': 0.0, 'T': 2.0, 'V': 1.0, 'W': 2.0, 'Y': 2.0}","{'A': 0, 'C': 0, 'D': 0, 'E': 0, 'F': 0, 'G': 0, 'H': 1, 'I': 2, 'K': 1, 'L': 0, 'M': 3, 'N': 1, 'P': 0, 'Q': 0, 'R': 3, 'S': 0, 'T': 2, 'V': 1, 'W': 2, 'Y': 2}","{'A': 0, 'C': 0, 'D': 0, 'E': 0, 'F': 0, 'G': 0, 'H': 1, 'I': 2, 'K': 1, 'L': 0, 'M': 3, 'N': 1, 'P': 0, 'Q': 0, 'R': 3, 'S': 0, 'T': 2, 'V': 1, 'W': 2, 'Y': 2}",,,,1.48,1.49,1.47,,,,0.43,0.47,0.39,,,,0.89,0.85,0.93,,,,0.53,0.47,0.6,,,,0.15,0.19,0.11,,,,2.33,3.25,1.42,,,,"0 hours, 0 minutes, 49 seconds",,EGFR_patchF,relaxed_filters,default_4stage_multimer
EGFRpH_F_l36_s657002_mpnn14,4stage,36,657002,-0.3,"A431,A434,A436",PRKRYIVIHTWVDGKEVYTYWRMEGNRMKMEKVTVT,"B2,B4,B5,B6,B7,B8,B9,B10,B11,B14,B18,B19,B21,B23,B26,B27,B28,B29,B30",1.24,0.28,0.86,0.89,0.84,,,,0.88,0.87,0.88,,,,0.86,0.88,0.84,,,,0.2,0.18,0.22,,,,0.21,0.19,0.24,,,,0.0,0,0,,,,0.0,0,0,,,,1.0,2,0,,,,0.0,0,0,,,,-100.7,-100.71,-100.69,,,,0.51,0.51,0.5,,,,0.7,0.69,0.72,,,,0.64,0.64,0.64,,,,-54.71,-53.03,-56.39,,,,1770.25,1736.87,1803.63,,,,-3.09,-3.05,-3.13,,,,66.5,64.44,68.57,,,,52.63,52.63,52.63,,,,19.0,19,19,,,,12.5,13,12,,,,65.79,68.42,63.16,,,,8.0,7.0,9.0,,,,42.11,36.84,47.37,,,,0.0,0,0,,,,0.0,0,0,,,,0.0,0,0,,,,0.0,0,0,,,,0.0,0,0,,,,0.0,0,0,,,,"{'A': 0.0, 'C': 0.0, 'D': 0.0, 'E': 0.5, 'F': 0.0, 'G': 0.5, 'H': 1.0, 'I': 2.0, 'K': 1.0, 'L': 0.0, 'M': 3.0, 'N': 1.0, 'P': 0.0, 'Q': 0.0, 'R': 3.0, 'S': 0.0, 'T': 2.0, 'V': 1.0, 'W': 2.0, 'Y': 2.0}","{'A': 0, 'C': 0, 'D': 0, 'E': 1, 'F': 0, 'G': 0, 'H': 1, 'I': 2, 'K': 1, 'L': 0, 'M': 3, 'N': 1, 'P': 0, 'Q': 0, 'R': 3, 'S': 0, 'T': 2, 'V': 1, 'W': 2, 'Y': 2}","{'A': 0, 'C': 0, 'D': 0, 'E': 0, 'F': 0, 'G': 1, 'H': 1, 'I': 2, 'K': 1, 'L': 0, 'M': 3, 'N': 1, 'P': 0, 'Q': 0, 'R': 3, 'S': 0, 'T': 2, 'V': 1, 'W': 2, 'Y': 2}",,,,1.52,1.58,1.46,,,,0.42,0.48,0.37,,,,0.85,0.77,0.93,,,,0.48,0.39,0.58,,,,0.17,0.23,0.11,,,,1.88,2.13,1.63,,,,"0 hours, 0 minutes, 48 seconds",,EGFR_patchF,relaxed_filters,default_4stage_multimer
EGFRpH_F_l36_s657002_mpnn15,4stage,36,657002,-0.3,"A431,A434,A436",MRRRYIVIHTWEDGKEVYTYWEMEGNRMKMVKRVVT,"B4,B5,B6,B7,B8,B9,B10,B11,B16,B18,B19,B21,B23,B26,B27,B28,B29,B30",1.25,0.28,0.89,0.89,0.89,,,,0.88,0.87,0.88,,,,0.88,0.87,0.88,,,,0.17,0.18,0.17,,,,0.2,0.2,0.19,,,,0.0,0,0,,,,0.0,0,0,,,,1.0,2,0,,,,0.0,0,0,,,,-95.22,-97.17,-93.28,,,,0.48,0.47,0.5,,,,0.7,0.71,0.68,,,,0.7,0.7,0.7,,,,-55.61,-58.68,-52.53,,,,1730.42,1750.6,1710.24,,,,-3.21,-3.35,-3.07,,,,65.59,67.19,63.99,,,,52.78,50.0,55.56,,,,19.0,20,18,,,,10.0,10,10,,,,52.78,50.0,55.56,,,,8.5,8.0,9.0,,,,45.0,40.0,50.0,,,,0.0,0,0,,,,0.0,0,0,,,,0.0,0,0,,,,0.0,0,0,,,,0.0,0,0,,,,0.0,0,0,,,,"{'A': 0.0, 'C': 0.0, 'D': 0.0, 'E': 1.0, 'F': 0.0, 'G': 0.5, 'H': 1.0, 'I': 2.0, 'K': 1.0, 'L': 0.0, 'M': 3.0, 'N': 1.0, 'P': 0.0, 'Q': 0.0, 'R': 2.5, 'S': 0.0, 'T': 2.0, 'V': 1.0, 'W': 2.0, 'Y': 2.0}","{'A': 0, 'C': 0, 'D': 0, 'E': 1, 'F': 0, 'G': 1, 'H': 1, 'I': 2, 'K': 1, 'L': 0, 'M': 3, 'N': 1, 'P': 0, 'Q': 0, 'R': 3, 'S': 0, 'T': 2, 'V': 1, 'W': 2, 'Y': 2}","{'A': 0, 'C': 0, 'D': 0, 'E': 1, 'F': 0, 'G': 0, 'H': 1, 'I': 2, 'K': 1, 'L': 0, 'M': 3, 'N': 1, 'P': 0, 'Q': 0, 'R': 2, 'S': 0, 'T': 2, 'V': 1, 'W': 2, 'Y': 2}",,,,1.48,1.54,1.42,,,,0.48,0.51,0.45,,,,0.91,0.88,0.94,,,,0.55,0.5,0.61,,,,0.14,0.16,0.11,,,,2.95,3.83,2.06,,,,"0 hours, 0 minutes, 50 seconds",,EGFR_patchF,relaxed_filters,default_4stage_multimer
EGFRpH_F_l36_s657002_mpnn16,4stage,36,657002,-0.3,"A431,A434,A436",ERERYIVIHTWVDGKEVYTYWRMVGNRMKMERVTVT,"B2,B4,B5,B6,B7,B8,B9,B10,B11,B16,B18,B21,B23,B26,B27,B28,B29",1.26,0.28,0.84,0.88,0.81,,,,0.88,0.87,0.88,,,,0.85,0.87,0.83,,,,0.21,0.19,0.24,,,,0.23,0.2,0.26,,,,0.0,0,0,,,,0.0,0,0,,,,2.0,3,1,,,,0.0,0,0,,,,-101.33,-105.53,-97.12,,,,0.51,0.51,0.5,,,,0.69,0.72,0.66,,,,0.68,0.7,0.65,,,,-50.48,-54.7,-46.26,,,,1697.6,1724.78,1670.41,,,,-2.97,-3.17,-2.77,,,,63.24,64.63,61.85,,,,54.25,55.56,52.94,,,,17.5,18,17,,,,10.0,10,10,,,,57.19,55.56,58.82,,,,8.0,9.0,7.0,,,,45.59,50.0,41.18,,,,0.0,0,0,,,,0.0,0,0,,,,0.0,0,0,,,,0.0,0,0,,,,0.0,0,0,,,,0.0,0,0,,,,"{'A': 0.0, 'C': 0.0, 'D': 0.0, 'E': 0.5, 'F': 0.0, 'G': 0.5, 'H': 1.0, 'I': 2.0, 'K': 1.0, 'L': 0.0, 'M': 2.5, 'N': 1.0, 'P': 0.0, 'Q': 0.0, 'R': 2.5, 'S': 0.0, 'T': 1.5, 'V': 1.0, 'W': 2.0, 'Y': 2.0}","{'A': 0, 'C': 0, 'D': 0, 'E': 0, 'F': 0, 'G': 1, 'H': 1, 'I': 2, 'K': 1, 'L': 0, 'M': 3, 'N': 1, 'P': 0, 'Q': 0, 'R': 2, 'S': 0, 'T': 2, 'V': 1, 'W': 2, 'Y': 2}","{'A': 0, 'C': 0, 'D': 0, 'E': 1, 'F': 0, 'G': 0, 'H': 1, 'I': 2, 'K': 1, 'L': 0, 'M': 2, 'N': 1, 'P': 0, 'Q': 0, 'R': 3, 'S': 0, 'T': 1, 'V': 1, 'W': 2, 'Y': 2}",,,,1.62,1.71,1.53,,,,0.38,0.43,0.34,,,,0.85,0.78,0.92,,,,0.48,0.4,0.55,,,,0.16,0.2,0.12,,,,2.02,2.28,1.77,,,,"0 hours, 0 minutes, 48 seconds",,EGFR_patchF,relaxed_filters,default_4stage_multimer
EGFRpH_F_l36_s657002_mpnn17,4stage,36,657002,-0.3,"A431,A434,A436",MRERYIVIHTWEDGKNVYTIWRMEGNRMKMEKVIVT,"B4,B5,B6,B7,B8,B9,B10,B11,B16,B18,B19,B21,B23,B26,B27,B28,B29,B30",1.27,0.17,0.84,0.86,0.82,,,,0.88,0.87,0.88,,,,0.84,0.85,0.84,,,,0.22,0.21,0.23,,,,0.23,0.22,0.25,,,,0.0,0,0,,,,0.0,0,0,,,,2.0,2,2,,,,0.0,0,0,,,,-95.74,-93.25,-98.23,,,,0.5,0.49,0.51,,,,0.68,0.71,0.65,,,,0.7,0.71,0.7,,,,-53.82,-53.57,-54.07,,,,1726.88,1720.64,1733.11,,,,-3.12,-3.11,-3.12,,,,64.94,64.07,65.8,,,,55.56,55.56,55.56,,,,18.0,18,18,,,,10.0,10,10,,,,55.56,55.56,55.56,,,,8.0,6.0,10.0,,,,44.45,33.33,55.56,,,,0.0,0,0,,,,0.0,0,0,,,,0.0,0,0,,,,0.0,0,0,,,,0.0,0,0,,,,0.0,0,0,,,,"{'A': 0.0, 'C': 0.0, 'D': 0.0, 'E': 0.0, 'F': 0.0, 'G': 0.0, 'H': 1.0, 'I': 2.0, 'K': 0.5, 'L': 0.0, 'M': 3.0, 'N': 2.0, 'P': 0.0, 'Q': 0.0, 'R': 2.5, 'S': 0.0, 'T': 2.0, 'V': 1.0, 'W': 2.0, 'Y': 2.0}","{'A': 0, 'C': 0, 'D': 0, 'E': 0, 'F': 0, 'G': 0, 'H': 1, 'I': 2, 'K': 0, 'L': 0, 'M': 3, 'N': 2, 'P': 0, 'Q': 0, 'R': 3, 'S': 0, 'T': 2, 'V': 1, 'W': 2, 'Y': 2}","{'A': 0, 'C': 0, 'D': 0, 'E': 0, 'F': 0, 'G': 0, 'H': 1, 'I': 2, 'K': 1, 'L': 0, 'M': 3, 'N': 2, 'P': 0, 'Q': 0, 'R': 2, 'S': 0, 'T': 2, 'V': 1, 'W': 2, 'Y': 2}",,,,2.03,2.59,1.47,,,,0.38,0.41,0.36,,,,0.93,0.91,0.94,,,,0.57,0.55,0.59,,,,0.12,0.13,0.11,,,,2.0,2.4,1.61,,,,"0 hours, 0 minutes, 46 seconds",,EGFR_patchF,relaxed_filters,default_4stage_multimer
EGFRpH_F_l36_s657002_mpnn19,4stage,36,657002,-0.3,"A431,A434,A436",ERKRYIVIHTWVDGKEVYTIWEMEGNRMKMVKTIVK,"B4,B5,B6,B7,B8,B9,B10,B11,B16,B18,B21,B23,B25,B26,B27,B28",1.3,0.33,0.88,0.89,0.87,,,,0.88,0.87,0.88,,,,0.87,0.88,0.86,,,,0.19,0.18,0.2,,,,0.2,0.19,0.21,,,,0.0,0,0,,,,0.0,0,0,,,,1.5,2,1,,,,0.0,0,0,,,,-98.92,-100.41,-97.44,,,,0.5,0.5,0.5,,,,0.68,0.69,0.66,,,,0.7,0.67,0.72,,,,-50.5,-52.47,-48.54,,,,1719.55,1780.28,1658.81,,,,-2.94,-2.95,-2.93,,,,62.41,65.21,59.61,,,,55.91,55.56,56.25,,,,17.0,18,16,,,,10.0,8,12,,,,59.72,44.44,75.0,,,,9.0,10.0,8.0,,,,52.78,55.56,50.0,,,,0.0,0,0,,,,0.0,0,0,,,,0.0,0,0,,,,0.0,0,0,,,,0.0,0,0,,,,0.0,0,0,,,,"{'A': 0.0, 'C': 0.0, 'D': 0.0, 'E': 0.5, 'F': 0.0, 'G': 1.0, 'H': 1.0, 'I': 2.0, 'K': 0.5, 'L': 0.0, 'M': 2.5, 'N': 1.0, 'P': 0.0, 'Q': 0.0, 'R': 2.0, 'S': 0.0, 'T': 1.5, 'V': 1.0, 'W': 2.0, 'Y': 2.0}","{'A': 0, 'C': 0, 'D': 0, 'E': 0, 'F': 0, 'G': 1, 'H': 1, 'I': 2, 'K': 1, 'L': 0, 'M': 3, 'N': 1, 'P': 0, 'Q': 0, 'R': 2, 'S': 0, 'T': 2, 'V': 1, 'W': 2, 'Y': 2}","{'A': 0, 'C': 0, 'D': 0, 'E': 1, 'F': 0, 'G': 1, 'H': 1, 'I': 2, 'K': 0, 'L': 0, 'M': 2, 'N': 1, 'P': 0, 'Q': 0, 'R': 2, 'S': 0, 'T': 1, 'V': 1, 'W': 2, 'Y': 2}",,,,1.45,1.35,1.54,,,,0.45,0.48,0.42,,,,0.94,0.93,0.95,,,,0.6,0.58,0.62,,,,0.11,0.11,0.1,,,,2.04,2.04,2.03,,,,"0 hours, 0 minutes, 48 seconds",,EGFR_patchF,relaxed_filters,default_4stage_multimer
EGFRpH_F_l36_s657002_mpnn20,4stage,36,657002,-0.3,"A431,A434,A436",PRKRYIVIHTWVDGKERYTIWRMEGNRMKMERVIVT,"B2,B4,B5,B6,B7,B8,B9,B10,B11,B18,B19,B21,B23,B26,B27,B28,B29,B30",1.31,0.22,0.87,0.88,0.86,,,,0.88,0.87,0.88,,,,0.86,0.87,0.86,,,,0.2,0.19,0.2,,,,0.21,0.2,0.22,,,,0.0,0,0,,,,0.0,0,0,,,,1.0,2,0,,,,0.0,0,0,,,,-105.6,-105.56,-105.64,,,,0.51,0.51,0.51,,,,0.7,0.69,0.71,,,,0.68,0.66,0.7,,,,-52.41,-53.2,-51.62,,,,1742.32,1746.12,1738.51,,,,-3.01,-3.05,-2.97,,,,66.41,66.17,66.66,,,,54.09,52.63,55.56,,,,18.5,19,18,,,,10.5,10,11,,,,56.87,52.63,61.11,,,,7.0,7.0,7.0,,,,37.87,36.84,38.89,,,,0.0,0,0,,,,0.0,0,0,,,,0.0,0,0,,,,0.0,0,0,,,,0.0,0,0,,,,0.0,0,0,,,,"{'A': 0.0, 'C': 0.0, 'D': 0.0, 'E': 0.5, 'F': 0.0, 'G': 0.0, 'H': 1.0, 'I': 2.0, 'K': 1.0, 'L': 0.0, 'M': 3.0, 'N': 1.0, 'P': 0.0, 'Q': 0.0, 'R': 3.0, 'S': 0.0, 'T': 2.0, 'V': 1.0, 'W': 2.0, 'Y': 2.0}","{'A': 0, 'C': 0, 'D': 0, 'E': 1, 'F': 0, 'G': 0, 'H': 1, 'I': 2, 'K': 1, 'L': 0, 'M': 3, 'N': 1, 'P': 0, 'Q': 0, 'R': 3, 'S': 0, 'T': 2, 'V': 1, 'W': 2, 'Y': 2}","{'A': 0, 'C': 0, 'D': 0, 'E': 0, 'F': 0, 'G': 0, 'H': 1, 'I': 2, 'K': 1, 'L': 0, 'M': 3, 'N': 1, 'P': 0, 'Q': 0, 'R': 3, 'S': 0, 'T': 2, 'V': 1, 'W': 2, 'Y': 2}",,,,1.4,1.41,1.4,,,,0.42,0.47,0.38,,,,0.92,0.9,0.94,,,,0.56,0.53,0.59,,,,0.12,0.14,0.11,,,,1.58,1.67,1.5,,,,"0 hours, 0 minutes, 48 seconds",,EGFR_patchF,relaxed_filters,default_4stage_multimer
EGFRpH_F_l33_s898753_mpnn1,4stage,33,898753,-0.3,"A431,A434,A436",SPWSVRREMVGDELRIVVTQHENGVERHVVAAM,"B1,B2,B3,B4,B5,B7,B12,B13,B15,B16,B18,B20,B27,B28,B29,B30,B31,B32,B33",1.04,0.8,0.86,0.89,0.84,,,,0.87,0.87,0.87,,,,0.82,0.86,0.79,,,,0.21,0.18,0.24,,,,0.23,0.2,0.26,,,,0.0,0,0,,,,0.0,0,0,,,,0.0,0,0,,,,0.0,0,0,,,,-92.0,-90.53,-93.48,,,,0.52,0.52,0.52,,,,0.71,0.72,0.7,,,,0.66,0.63,0.68,,,,-65.31,-66.7,-63.93,,,,1656.2,1693.8,1618.6,,,,-3.95,-3.94,-3.95,,,,80.95,82.57,79.33,,,,52.63,52.63,52.63,,,,19.0,19,19,,,,9.0,11,7,,,,47.37,57.89,36.84,,,,5.5,6.0,5.0,,,,28.95,31.58,26.32,,,,0.0,0,0,,,,0.0,0,0,,,,0.0,0,0,,,,0.0,0,0,,,,0.0,0,0,,,,0.0,0,0,,,,"{'A': 2.0, 'C': 0.0, 'D': 1.0, 'E': 1.0, 'F': 0.0, 'G': 0.0, 'H': 1.0, 'I': 1.0, 'K': 0.0, 'L': 0.0, 'M': 1.0, 'N': 0.0, 'P': 1.0, 'Q': 1.0, 'R': 3.0, 'S': 2.0, 'T': 0.0, 'V': 4.0, 'W': 1.0, 'Y': 0.0}","{'A': 2, 'C': 0, 'D': 1, 'E': 1, 'F': 0, 'G': 0, 'H': 1, 'I': 1, 'K': 0, 'L': 0, 'M': 1, 'N': 0, 'P': 1, 'Q': 1, 'R': 3, 'S': 2, 'T': 0, 'V': 4, 'W': 1, 'Y': 0}","{'A': 2, 'C': 0, 'D': 1, 'E': 1, 'F': 0, 'G': 0, 'H': 1, 'I': 1, 'K': 0, 'L': 0, 'M': 1, 'N': 0, 'P': 1, 'Q': 1, 'R': 3, 'S': 2, 'T': 0, 'V': 4, 'W': 1, 'Y': 0}",,,,0.74,0.66,0.81,,,,0.36,0.41,0.32,,,,0.93,0.93,0.93,,,,0.55,0.54,0.55,,,,0.1,0.1,0.1,,,,1.76,1.6,1.92,,,,"0 hours, 1 minutes, 29 seconds",,EGFR_patchF,relaxed_filters,default_4stage_multimer
EGFRpH_F_l33_s898753_mpnn2,4stage,33,898753,-0.3,"A431,A434,A436",SPWSVRREMVGDEERIVVTQHENGVERHVVAAM,"B1,B2,B3,B4,B5,B7,B12,B13,B15,B16,B18,B20,B27,B28,B29,B30,B31,B32,B33",1.07,0.87,0.86,0.88,0.85,,,,0.86,0.86,0.87,,,,0.82,0.85,0.79,,,,0.22,0.2,0.24,,,,0.24,0.22,0.27,,,,0.0,0,0,,,,0.0,0,0,,,,0.5,1,0,,,,0.0,0,0,,,,-93.49,-93.89,-93.09,,,,0.48,0.48,0.48,,,,0.7,0.7,0.71,,,,0.66,0.67,0.65,,,,-65.52,-68.15,-62.88,,,,1651.22,1643.63,1658.8,,,,-3.97,-4.15,-3.79,,,,83.78,84.62,82.95,,,,52.63,52.63,52.63,,,,19.0,19,19,,,,10.5,14,7,,,,55.26,73.68,36.84,,,,6.0,6.0,6.0,,,,31.58,31.58,31.58,,,,0.0,0,0,,,,0.0,0,0,,,,0.0,0,0,,,,0.0,0,0,,,,0.0,0,0,,,,0.0,0,0,,,,"{'A': 2.0, 'C': 0.0, 'D': 1.0, 'E': 1.0, 'F': 0.0, 'G': 0.0, 'H': 1.0, 'I': 1.0, 'K': 0.0, 'L': 0.0, 'M': 1.0, 'N': 0.0, 'P': 1.0, 'Q': 1.0, 'R': 3.0, 'S': 2.0, 'T': 0.0, 'V': 4.0, 'W': 1.0, 'Y': 0.0}","{'A': 2, 'C': 0, 'D': 1, 'E': 1, 'F': 0, 'G': 0, 'H': 1, 'I': 1, 'K': 0, 'L': 0, 'M': 1, 'N': 0, 'P': 1, 'Q': 1, 'R': 3, 'S': 2, 'T': 0, 'V': 4, 'W': 1, 'Y': 0}","{'A': 2, 'C': 0, 'D': 1, 'E': 1, 'F': 0, 'G': 0, 'H': 1, 'I': 1, 'K': 0, 'L': 0, 'M': 1, 'N': 0, 'P': 1, 'Q': 1, 'R': 3, 'S': 2, 'T': 0, 'V': 4, 'W': 1, 'Y': 0}",,,,0.71,0.77,0.65,,,,0.37,0.41,0.33,,,,0.93,0.92,0.93,,,,0.54,0.53,0.55,,,,0.11,0.11,0.1,,,,1.4,1.34,1.45,,,,"0 hours, 0 minutes, 46 seconds",,EGFR_patchF,relaxed_filters,default_4stage_multimer
EGFRpH_F_l33_s898753_mpnn3,4stage,33,898753,-0.3,"A431,A434,A436",SPWSVERVMVGDEERIVVTQHENGVERHVVAAM,"B1,B2,B3,B4,B5,B7,B12,B13,B15,B16,B18,B20,B27,B28,B29,B30,B31,B32,B33",1.08,0.73,0.85,0.88,0.83,,,,0.86,0.86,0.86,,,,0.81,0.85,0.77,,,,0.23,0.2,0.26,,,,0.26,0.22,0.29,,,,0.0,0,0,,,,0.0,0,0,,,,0.5,1,0,,,,0.0,0,0,,,,-90.72,-92.57,-88.86,,,,0.52,0.52,0.52,,,,0.73,0.72,0.74,,,,0.67,0.65,0.68,,,,-65.08,-66.55,-63.6,,,,1643.99,1675.11,1612.88,,,,-3.96,-3.97,-3.94,,,,81.54,84.6,78.49,,,,52.63,52.63,52.63,,,,19.0,19,19,,,,10.5,13,8,,,,55.27,68.42,42.11,,,,5.5,6.0,5.0,,,,28.95,31.58,26.32,,,,0.0,0,0,,,,0.0,0,0,,,,0.0,0,0,,,,0.0,0,0,,,,0.0,0,0,,,,0.0,0,0,,,,"{'A': 2.0, 'C': 0.0, 'D': 1.0, 'E': 1.0, 'F': 0.0, 'G': 0.0, 'H': 1.0, 'I': 1.0, 'K': 0.0, 'L': 0.0, 'M': 1.0, 'N': 0.0, 'P': 1.0, 'Q': 1.0, 'R': 3.0, 'S': 2.0, 'T': 0.0, 'V': 4.0, 'W': 1.0, 'Y': 0.0}","{'A': 2, 'C': 0, 'D': 1, 'E': 1, 'F': 0, 'G': 0, 'H': 1, 'I': 1, 'K': 0, 'L': 0, 'M': 1, 'N': 0, 'P': 1, 'Q': 1, 'R': 3, 'S': 2, 'T': 0, 'V': 4, 'W': 1, 'Y': 0}","{'A': 2, 'C': 0, 'D': 1, 'E': 1, 'F': 0, 'G': 0, 'H': 1, 'I': 1, 'K': 0, 'L': 0, 'M': 1, 'N': 0, 'P': 1, 'Q': 1, 'R': 3, 'S': 2, 'T': 0, 'V': 4, 'W': 1, 'Y': 0}",,,,0.85,0.91,0.79,,,,0.36,0.41,0.31,,,,0.92,0.92,0.92,,,,0.55,0.54,0.55,,,,0.11,0.11,0.11,,,,1.48,1.43,1.53,,,,"0 hours, 0 minutes, 44 seconds",,EGFR_patchF,relaxed_filters,default_4stage_multimer
EGFRpH_F_l33_s898753_mpnn5,4stage,33,898753,-0.3,"A431,A434,A436",SPWSVRREMVGDELRIVVTQHVDGEERHVVAAM,"B1,B2,B3,B4,B5,B7,B12,B13,B15,B16,B18,B20,B27,B28,B29,B30,B31,B32,B33",1.09,0.67,0.83,0.83,0.84,,,,0.86,0.85,0.87,,,,0.79,0.79,0.79,,,,0.24,0.25,0.24,,,,0.27,0.27,0.26,,,,0.0,0,0,,,,0.0,0,0,,,,0.0,0,0,,,,0.0,0,0,,,,-91.93,-90.11,-93.75,,,,0.52,0.52,0.52,,,,0.69,0.7,0.68,,,,0.66,0.62,0.69,,,,-60.35,-62.06,-58.64,,,,1678.51,1759.44,1597.58,,,,-3.6,-3.53,-3.67,,,,81.49,85.19,77.79,,,,54.09,55.56,52.63,,,,18.5,18,19,,,,8.5,10,7,,,,46.2,55.56,36.84,,,,6.0,7.0,5.0,,,,32.61,38.89,26.32,,,,0.0,0,0,,,,0.0,0,0,,,,0.0,0,0,,,,0.0,0,0,,,,0.0,0,0,,,,0.0,0,0,,,,"{'A': 2.0, 'C': 0.0, 'D': 1.0, 'E': 1.0, 'F': 0.0, 'G': 0.0, 'H': 1.0, 'I': 1.0, 'K': 0.0, 'L': 0.0, 'M': 1.0, 'N': 0.0, 'P': 1.0, 'Q': 1.0, 'R': 2.5, 'S': 2.0, 'T': 0.0, 'V': 4.0, 'W': 1.0, 'Y': 0.0}","{'A': 2, 'C': 0, 'D': 1, 'E': 1, 'F': 0, 'G': 0, 'H': 1, 'I': 1, 'K': 0, 'L': 0, 'M': 1, 'N': 0, 'P': 1, 'Q': 1, 'R': 2, 'S': 2, 'T': 0, 'V': 4, 'W': 1, 'Y': 0}","{'A': 2, 'C': 0, 'D': 1, 'E': 1, 'F': 0, 'G': 0, 'H': 1, 'I': 1, 'K': 0, 'L': 0, 'M': 1, 'N': 0, 'P': 1, 'Q': 1, 'R': 3, 'S': 2, 'T': 0, 'V': 4, 'W': 1, 'Y': 0}",,,,0.76,0.7,0.81,,,,0.36,0.41,0.32,,,,0.93,0.92,0.94,,,,0.55,0.53,0.56,,,,0.11,0.11,0.1,,,,1.75,1.69,1.82,,,,"0 hours, 0 minutes, 45 seconds",,EGFR_patchF,relaxed_filters,default_4stage_multimer
EGFRpH_F_l33_s898753_mpnn9,4stage,33,898753,-0.3,"A431,A434,A436",SPWSVERVMVGDELRIVVTQHENGVERHVVAAM,"B1,B2,B3,B4,B5,B12,B13,B15,B16,B18,B20,B27,B28,B29,B30,B31,B32,B33",1.11,0.67,0.88,0.9,0.86,,,,0.87,0.87,0.87,,,,0.84,0.87,0.82,,,,0.2,0.17,0.22,,,,0.21,0.19,0.24,,,,0.0,0,0,,,,0.0,0,0,,,,0.0,0,0,,,,0.0,0,0,,,,-93.16,-92.81,-93.5,,,,0.55,0.55,0.55,,,,0.72,0.72,0.72,,,,0.65,0.65,0.65,,,,-64.19,-64.38,-64.0,,,,1618.95,1616.97,1620.93,,,,-3.96,-3.98,-3.95,,,,79.55,78.95,80.15,,,,54.09,52.63,55.56,,,,18.5,19,18,,,,9.5,10,9,,,,51.31,52.63,50.0,,,,5.5,6.0,5.0,,,,29.68,31.58,27.78,,,,0.0,0,0,,,,0.0,0,0,,,,0.0,0,0,,,,0.0,0,0,,,,0.0,0,0,,,,0.0,0,0,,,,"{'A': 2.0, 'C': 0.0, 'D': 1.0, 'E': 1.0, 'F': 0.0, 'G': 0.0, 'H': 1.0, 'I': 1.0, 'K': 0.0, 'L': 0.0, 'M': 1.0, 'N': 0.0, 'P': 1.0, 'Q': 1.0, 'R': 2.5, 'S': 2.0, 'T': 0.0, 'V': 4.0, 'W': 1.0, 'Y': 0.0}","{'A': 2, 'C': 0, 'D': 1, 'E': 1, 'F': 0, 'G': 0, 'H': 1, 'I': 1, 'K': 0, 'L': 0, 'M': 1, 'N': 0, 'P': 1, 'Q': 1, 'R': 3, 'S': 2, 'T': 0, 'V': 4, 'W': 1, 'Y': 0}","{'A': 2, 'C': 0, 'D': 1, 'E': 1, 'F': 0, 'G': 0, 'H': 1, 'I': 1, 'K': 0, 'L': 0, 'M': 1, 'N': 0, 'P': 1, 'Q': 1, 'R': 2, 'S': 2, 'T': 0, 'V': 4, 'W': 1, 'Y': 0}",,,,0.7,0.75,0.65,,,,0.37,0.41,0.33,,,,0.93,0.93,0.93,,,,0.55,0.54,0.55,,,,0.11,0.11,0.11,,,,1.49,1.45,1.53,,,,"0 hours, 0 minutes, 46 seconds",,EGFR_patchF,relaxed_filters,default_4stage_multimer
EGFRpH_F_l33_s898753_mpnn15,4stage,33,898753,-0.3,"A431,A434,A436",SPWSVERVMVGDEERIVVTQHKDGEVRHVVAAM,"B1,B2,B3,B4,B5,B13,B15,B16,B18,B20,B22,B27,B28,B29,B30,B31,B32,B33",1.16,0.53,0.82,0.83,0.82,,,,0.86,0.86,0.86,,,,0.79,0.8,0.77,,,,0.25,0.24,0.26,,,,0.28,0.26,0.29,,,,0.0,0,0,,,,0.0,0,0,,,,0.5,1,0,,,,0.0,0,0,,,,-96.86,-99.52,-94.21,,,,0.52,0.52,0.52,,,,0.72,0.7,0.74,,,,0.69,0.7,0.68,,,,-65.74,-68.08,-63.4,,,,1682.31,1719.72,1644.89,,,,-3.91,-3.96,-3.85,,,,79.47,81.28,77.66,,,,54.09,52.63,55.56,,,,18.5,19,18,,,,10.0,13,7,,,,53.66,68.42,38.89,,,,5.5,5.0,6.0,,,,29.82,26.32,33.33,,,,0.0,0,0,,,,0.0,0,0,,,,0.0,0,0,,,,0.0,0,0,,,,0.0,0,0,,,,0.0,0,0,,,,"{'A': 2.0, 'C': 0.0, 'D': 0.5, 'E': 1.0, 'F': 0.0, 'G': 0.0, 'H': 1.0, 'I': 1.0, 'K': 1.0, 'L': 0.0, 'M': 1.0, 'N': 0.0, 'P': 1.0, 'Q': 1.0, 'R': 2.0, 'S': 2.0, 'T': 0.0, 'V': 4.0, 'W': 1.0, 'Y': 0.0}","{'A': 2, 'C': 0, 'D': 1, 'E': 1, 'F': 0, 'G': 0, 'H': 1, 'I': 1, 'K': 1, 'L': 0, 'M': 1, 'N': 0, 'P': 1, 'Q': 1, 'R': 2, 'S': 2, 'T': 0, 'V': 4, 'W': 1, 'Y': 0}","{'A': 2, 'C': 0, 'D': 0, 'E': 1, 'F': 0, 'G': 0, 'H': 1, 'I': 1, 'K': 1, 'L': 0, 'M': 1, 'N': 0, 'P': 1, 'Q': 1, 'R': 2, 'S': 2, 'T': 0, 'V': 4, 'W': 1, 'Y': 0}",,,,0.95,1.08,0.81,,,,0.37,0.42,0.32,,,,0.93,0.92,0.93,,,,0.55,0.53,0.56,,,,0.11,0.11,0.1,,,,1.47,1.6,1.33,,,,"0 hours, 0 minutes, 43 seconds",,EGFR_patchF,relaxed_filters,default_4stage_multimer
EGFRpH_F_l33_s898753_mpnn17,4stage,33,898753,-0.3,"A431,A434,A436",SPWSVERLMVGDEERIVVSQHRDGEVRHVVAAM,"B1,B2,B3,B4,B5,B12,B13,B15,B16,B18,B20,B27,B28,B29,B30,B31,B32,B33",1.16,0.47,0.81,0.82,0.81,,,,0.85,0.85,0.86,,,,0.77,0.77,0.76,,,,0.27,0.26,0.27,,,,0.29,0.29,0.3,,,,0.0,0,0,,,,0.0,0,0,,,,0.5,1,0,,,,0.0,0,0,,,,-94.77,-95.06,-94.47,,,,0.5,0.5,0.5,,,,0.72,0.72,0.72,,,,0.67,0.64,0.69,,,,-68.55,-70.01,-67.09,,,,1696.07,1716.26,1675.88,,,,-4.04,-4.08,-4.0,,,,80.0,81.99,78.01,,,,54.09,52.63,55.56,,,,18.5,19,18,,,,10.5,12,9,,,,56.58,63.16,50.0,,,,4.5,5.0,4.0,,,,24.27,26.32,22.22,,,,0.0,0,0,,,,0.0,0,0,,,,0.0,0,0,,,,0.0,0,0,,,,0.0,0,0,,,,0.0,0,0,,,,"{'A': 2.0, 'C': 0.0, 'D': 1.0, 'E': 1.0, 'F': 0.0, 'G': 0.0, 'H': 1.0, 'I': 1.0, 'K': 0.0, 'L': 0.0, 'M': 1.0, 'N': 0.0, 'P': 1.0, 'Q': 1.0, 'R': 2.5, 'S': 2.0, 'T': 0.0, 'V': 4.0, 'W': 1.0, 'Y': 0.0}","{'A': 2, 'C': 0, 'D': 1, 'E': 1, 'F': 0, 'G': 0, 'H': 1, 'I': 1, 'K': 0, 'L': 0, 'M': 1, 'N': 0, 'P': 1, 'Q': 1, 'R': 3, 'S': 2, 'T': 0, 'V': 4, 'W': 1, 'Y': 0}","{'A': 2, 'C': 0, 'D': 1, 'E': 1, 'F': 0, 'G': 0, 'H': 1, 'I': 1, 'K': 0, 'L': 0, 'M': 1, 'N': 0, 'P': 1, 'Q': 1, 'R': 2, 'S': 2, 'T': 0, 'V': 4, 'W': 1, 'Y': 0}",,,,0.92,1.08,0.76,,,,0.36,0.41,0.32,,,,0.94,0.93,0.94,,,,0.56,0.55,0.56,,,,0.1,0.1,0.1,,,,1.25,1.27,1.24,,,,"0 hours, 0 minutes, 47 seconds",,EGFR_patchF,relaxed_filters,default_4stage_multimer
EGFRpH_F_l37_s28175_mpnn1,4stage,37,28175,-0.3,"A431,A434,A436",PVEEMVVEMENGKKMLVRMTYLPDGRIHEVHIVPLEE,"B5,B6,B7,B8,B9,B10,B11,B15,B17,B19,B22,B26,B27,B28,B29,B30,B31,B32,B33,B34",1.05,0.22,0.93,0.92,0.93,,,,0.88,0.87,0.89,,,,0.9,0.89,0.9,,,,0.15,0.16,0.14,,,,0.16,0.17,0.15,,,,0.0,0,0,,,,0.0,0,0,,,,0.0,0,0,,,,0.0,0,0,,,,-134.64,-136.82,-132.47,,,,0.56,0.56,0.56,,,,0.73,0.71,0.76,,,,0.66,0.67,0.65,,,,-69.25,-68.9,-69.6,,,,1802.05,1856.18,1747.92,,,,-3.84,-3.71,-3.98,,,,72.64,75.19,70.1,,,,63.45,61.9,65.0,,,,20.5,21,20,,,,9.0,8,10,,,,44.05,38.1,50.0,,,,6.0,7.0,5.0,,,,29.16,33.33,25.0,,,,0.0,0,0,,,,0.0,0,0,,,,0.0,0,0,,,,0.0,0,0,,,,0.0,0,0,,,,0.0,0,0,,,,"{'A': 0.0, 'C': 0.0, 'D': 0.0, 'E': 3.0, 'F': 0.0, 'G': 0.0, 'H': 2.0, 'I': 2.0, 'K': 0.5, 'L': 1.0, 'M': 4.0, 'N': 1.0, 'P': 1.0, 'Q': 0.0, 'R': 1.0, 'S': 0.0, 'T': 0.0, 'V': 5.0, 'W': 0.0, 'Y': 0.0}","{'A': 0, 'C': 0, 'D': 0, 'E': 3, 'F': 0, 'G': 0, 'H': 2, 'I': 2, 'K': 1, 'L': 1, 'M': 4, 'N': 1, 'P': 1, 'Q': 0, 'R': 1, 'S': 0, 'T': 0, 'V': 5, 'W': 0, 'Y': 0}","{'A': 0, 'C': 0, 'D': 0, 'E': 3, 'F': 0, 'G': 0, 'H': 2, 'I': 2, 'K': 0, 'L': 1, 'M': 4, 'N': 1, 'P': 1, 'Q': 0, 'R': 1, 'S': 0, 'T': 0, 'V': 5, 'W': 0, 'Y': 0}",,,,1.25,1.25,1.24,,,,0.36,0.41,0.32,,,,0.94,0.93,0.94,,,,0.58,0.57,0.59,,,,0.11,0.11,0.1,,,,2.18,2.13,2.23,,,,"0 hours, 1 minutes, 33 seconds",,EGFR_patchF,relaxed_filters,default_4stage_multimer
EGFRpH_F_l37_s28175_mpnn2,4stage,37,28175,-0.3,"A431,A434,A436",MTEEMIVEMENGKKMLVTMKYLPDGRIHEVHIVPYEE,"B5,B7,B8,B9,B10,B11,B13,B15,B17,B19,B22,B26,B27,B28,B29,B30,B31,B32,B33,B34",1.07,0.28,0.94,0.93,0.94,,,,0.88,0.87,0.89,,,,0.9,0.89,0.91,,,,0.15,0.15,0.14,,,,0.15,0.16,0.15,,,,0.0,0,0,,,,0.0,0,0,,,,0.0,0,0,,,,0.0,0,0,,,,-132.57,-133.12,-132.03,,,,0.53,0.53,0.53,,,,0.73,0.75,0.72,,,,0.68,0.67,0.69,,,,-69.46,-71.99,-66.93,,,,1887.89,1941.33,1834.46,,,,-3.68,-3.71,-3.65,,,,78.84,80.55,77.14,,,,60.44,60.87,60.0,,,,21.5,23,20,,,,9.5,10,9,,,,44.24,43.48,45.0,,,,4.5,3.0,6.0,,,,21.52,13.04,30.0,,,,0.0,0,0,,,,0.0,0,0,,,,0.0,0,0,,,,0.0,0,0,,,,0.0,0,0,,,,0.0,0,0,,,,"{'A': 0.0, 'C': 0.0, 'D': 0.0, 'E': 3.5, 'F': 0.0, 'G': 0.0, 'H': 2.0, 'I': 2.5, 'K': 1.0, 'L': 1.0, 'M': 4.0, 'N': 1.0, 'P': 1.0, 'Q': 0.0, 'R': 1.0, 'S': 0.0, 'T': 0.0, 'V': 4.0, 'W': 0.0, 'Y': 0.5}","{'A': 0, 'C': 0, 'D': 0, 'E': 4, 'F': 0, 'G': 0, 'H': 2, 'I': 3, 'K': 1, 'L': 1, 'M': 4, 'N': 1, 'P': 1, 'Q': 0, 'R': 1, 'S': 0, 'T': 0, 'V': 4, 'W': 0, 'Y': 1}","{'A': 0, 'C': 0, 'D': 0, 'E': 3, 'F': 0, 'G': 0, 'H': 2, 'I': 2, 'K': 1, 'L': 1, 'M': 4, 'N': 1, 'P': 1, 'Q': 0, 'R': 1, 'S': 0, 'T': 0, 'V': 4, 'W': 0, 'Y': 0}",,,,1.13,1.13,1.14,,,,0.4,0.46,0.34,,,,0.94,0.94,0.95,,,,0.6,0.59,0.61,,,,0.1,0.1,0.09,,,,2.08,2.04,2.13,,,,"0 hours, 0 minutes, 49 seconds",,EGFR_patchF,relaxed_filters,default_4stage_multimer
EGFRpH_F_l37_s28175_mpnn3,4stage,37,28175,-0.3,"A431,A434,A436",MTEEMVVEMENGKKMLVRMKYLPDGRIHEVHIVPLEE,"B5,B7,B8,B9,B10,B11,B15,B17,B19,B22,B26,B27,B28,B29,B30,B31,B32,B33,B34",1.07,0.28,0.93,0.92,0.93,,,,0.88,0.87,0.89,,,,0.9,0.89,0.9,,,,0.15,0.16,0.15,,,,0.17,0.17,0.16,,,,0.0,0,0,,,,0.0,0,0,,,,0.0,0,0,,,,0.0,0,0,,,,-131.3,-133.01,-129.59,,,,0.53,0.53,0.53,,,,0.73,0.73,0.74,,,,0.65,0.61,0.68,,,,-71.38,-72.35,-70.4,,,,1877.17,1946.96,1807.38,,,,-3.81,-3.72,-3.9,,,,74.8,77.39,72.2,,,,63.4,63.64,63.16,,,,20.5,22,19,,,,10.5,11,10,,,,51.31,50.0,52.63,,,,4.5,4.0,5.0,,,,22.25,18.18,26.32,,,,0.0,0,0,,,,0.0,0,0,,,,0.0,0,0,,,,0.0,0,0,,,,0.0,0,0,,,,0.0,0,0,,,,"{'A': 0.0, 'C': 0.0, 'D': 0.0, 'E': 3.0, 'F': 0.0, 'G': 0.0, 'H': 2.0, 'I': 2.0, 'K': 0.5, 'L': 1.0, 'M': 4.0, 'N': 1.0, 'P': 1.0, 'Q': 0.0, 'R': 1.0, 'S': 0.0, 'T': 0.0, 'V': 4.5, 'W': 0.0, 'Y': 0.5}","{'A': 0, 'C': 0, 'D': 0, 'E': 3, 'F': 0, 'G': 0, 'H': 2, 'I': 2, 'K': 1, 'L': 1, 'M': 4, 'N': 1, 'P': 1, 'Q': 0, 'R': 1, 'S': 0, 'T': 0, 'V': 5, 'W': 0, 'Y': 1}","{'A': 0, 'C': 0, 'D': 0, 'E': 3, 'F': 0, 'G': 0, 'H': 2, 'I': 2, 'K': 0, 'L': 1, 'M': 4, 'N': 1, 'P': 1, 'Q': 0, 'R': 1, 'S': 0, 'T': 0, 'V': 4, 'W': 0, 'Y': 0}",,,,1.26,1.28,1.24,,,,0.4,0.46,0.33,,,,0.94,0.93,0.94,,,,0.57,0.56,0.59,,,,0.11,0.11,0.1,,,,2.21,2.18,2.25,,,,"0 hours, 0 minutes, 49 seconds",,EGFR_patchF,relaxed_filters,default_4stage_multimer
EGFRpH_F_l37_s28175_mpnn4,4stage,37,28175,-0.3,"A431,A434,A436",MVEEMVVEMENGKKMLVRMKYLPDGRIHEVHIVPLEE,"B5,B7,B8,B9,B10,B11,B15,B17,B19,B22,B26,B27,B28,B29,B30,B31,B32,B33,B34",1.08,0.28,0.93,0.92,0.93,,,,0.88,0.87,0.89,,,,0.9,0.89,0.9,,,,0.15,0.16,0.14,,,,0.17,0.17,0.16,,,,0.0,0,0,,,,0.0,0,0,,,,0.0,0,0,,,,0.0,0,0,,,,-132.28,-133.21,-131.34,,,,0.56,0.56,0.56,,,,0.74,0.74,0.75,,,,0.65,0.63,0.67,,,,-69.88,-70.2,-69.56,,,,1807.76,1828.34,1787.19,,,,-3.87,-3.84,-3.89,,,,71.59,73.17,70.01,,,,62.53,61.9,63.16,,,,20.0,21,19,,,,10.0,10,10,,,,50.12,47.62,52.63,,,,4.0,4.0,4.0,,,,20.05,19.05,21.05,,,,0.0,0,0,,,,0.0,0,0,,,,0.0,0,0,,,,0.0,0,0,,,,0.0,0,0,,,,0.0,0,0,,,,"{'A': 0.0, 'C': 0.0, 'D': 0.0, 'E': 3.0, 'F': 0.0, 'G': 0.0, 'H': 2.0, 'I': 2.0, 'K': 0.5, 'L': 1.0, 'M': 4.0, 'N': 1.0, 'P': 1.0, 'Q': 0.0, 'R': 1.0, 'S': 0.0, 'T': 0.0, 'V': 4.5, 'W': 0.0, 'Y': 0.0}","{'A': 0, 'C': 0, 'D': 0, 'E': 3, 'F': 0, 'G': 0, 'H': 2, 'I': 2, 'K': 1, 'L': 1, 'M': 4, 'N': 1, 'P': 1, 'Q': 0, 'R': 1, 'S': 0, 'T': 0, 'V': 5, 'W': 0, 'Y': 0}","{'A': 0, 'C': 0, 'D': 0, 'E': 3, 'F': 0, 'G': 0, 'H': 2, 'I': 2, 'K': 0, 'L': 1, 'M': 4, 'N': 1, 'P': 1, 'Q': 0, 'R': 1, 'S': 0, 'T': 0, 'V': 4, 'W': 0, 'Y': 0}",,,,1.27,1.29,1.24,,,,0.39,0.45,0.33,,,,0.94,0.93,0.94,,,,0.58,0.57,0.59,,,,0.11,0.11,0.1,,,,2.17,2.13,2.22,,,,"0 hours, 0 minutes, 47 seconds",,EGFR_patchF,relaxed_filters,default_4stage_multimer
EGFRpH_F_l37_s28175_mpnn5,4stage,37,28175,-0.3,"A431,A434,A436",MTEKMVVEMENGKKMLVTMKYLPDGRIHEVHIVPLEE,"B5,B6,B7,B8,B9,B10,B11,B13,B15,B17,B19,B22,B26,B27,B28,B29,B30,B31,B32,B33,B34",1.08,0.22,0.93,0.92,0.93,,,,0.88,0.87,0.89,,,,0.9,0.89,0.9,,,,0.15,0.16,0.15,,,,0.17,0.17,0.16,,,,0.0,0,0,,,,0.0,0,0,,,,0.0,0,0,,,,0.0,0,0,,,,-127.25,-131.52,-122.98,,,,0.53,0.53,0.53,,,,0.73,0.73,0.73,,,,0.62,0.61,0.64,,,,-67.84,-71.82,-63.86,,,,1846.03,1917.18,1774.87,,,,-3.67,-3.75,-3.6,,,,74.41,77.8,71.01,,,,61.9,61.9,61.9,,,,21.0,21,21,,,,10.5,12,9,,,,50.0,57.14,42.86,,,,4.5,3.0,6.0,,,,21.43,14.29,28.57,,,,0.0,0,0,,,,0.0,0,0,,,,0.0,0,0,,,,0.0,0,0,,,,0.0,0,0,,,,0.0,0,0,,,,"{'A': 0.0, 'C': 0.0, 'D': 0.0, 'E': 3.0, 'F': 0.0, 'G': 0.0, 'H': 2.0, 'I': 2.0, 'K': 1.0, 'L': 1.0, 'M': 4.0, 'N': 1.0, 'P': 1.0, 'Q': 0.0, 'R': 1.0, 'S': 0.0, 'T': 0.0, 'V': 5.0, 'W': 0.0, 'Y': 0.0}","{'A': 0, 'C': 0, 'D': 0, 'E': 3, 'F': 0, 'G': 0, 'H': 2, 'I': 2, 'K': 1, 'L': 1, 'M': 4, 'N': 1, 'P': 1, 'Q': 0, 'R': 1, 'S': 0, 'T': 0, 'V': 5, 'W': 0, 'Y': 0}","{'A': 0, 'C': 0, 'D': 0, 'E': 3, 'F': 0, 'G': 0, 'H': 2, 'I': 2, 'K': 1, 'L': 1, 'M': 4, 'N': 1, 'P': 1, 'Q': 0, 'R': 1, 'S': 0, 'T': 0, 'V': 5, 'W': 0, 'Y': 0}",,,,1.17,1.18,1.15,,,,0.4,0.46,0.33,,,,0.94,0.93,0.94,,,,0.58,0.57,0.59,,,,0.11,0.11,0.1,,,,2.35,2.25,2.46,,,,"0 hours, 0 minutes, 48 seconds",,EGFR_patchF,relaxed_filters,default_4stage_multimer
EGFRpH_F_l37_s28175_mpnn6,4stage,37,28175,-0.3,"A431,A434,A436",PTIEMVVEMENGKKMLVRMKLLPDGRIHEVHIVPLEE,"B5,B7,B8,B9,B10,B11,B13,B15,B17,B19,B22,B26,B27,B28,B29,B30,B31,B32,B33,B34",1.11,0.28,0.92,0.91,0.92,,,,0.88,0.87,0.89,,,,0.89,0.88,0.89,,,,0.15,0.16,0.15,,,,0.17,0.17,0.16,,,,0.0,0,0,,,,0.0,0,0,,,,0.0,0,0,,,,0.0,0,0,,,,-134.67,-136.28,-133.06,,,,0.56,0.56,0.56,,,,0.73,0.75,0.71,,,,0.61,0.59,0.64,,,,-67.8,-68.7,-66.9,,,,1817.84,1809.36,1826.31,,,,-3.73,-3.8,-3.66,,,,73.75,72.82,74.67,,,,60.95,61.9,60.0,,,,20.5,21,20,,,,9.5,10,9,,,,46.31,47.62,45.0,,,,6.5,6.0,7.0,,,,31.79,28.57,35.0,,,,0.0,0,0,,,,0.0,0,0,,,,0.0,0,0,,,,0.0,0,0,,,,0.0,0,0,,,,0.0,0,0,,,,"{'A': 0.0, 'C': 0.0, 'D': 0.0, 'E': 3.0, 'F': 0.0, 'G': 0.0, 'H': 2.0, 'I': 2.0, 'K': 1.0, 'L': 1.0, 'M': 4.0, 'N': 1.0, 'P': 1.0, 'Q': 0.0, 'R': 1.0, 'S': 0.0, 'T': 0.0, 'V': 4.5, 'W': 0.0, 'Y': 0.0}","{'A': 0, 'C': 0, 'D': 0, 'E': 3, 'F': 0, 'G': 0, 'H': 2, 'I': 2, 'K': 1, 'L': 1, 'M': 4, 'N': 1, 'P': 1, 'Q': 0, 'R': 1, 'S': 0, 'T': 0, 'V': 5, 'W': 0, 'Y': 0}","{'A': 0, 'C': 0, 'D': 0, 'E': 3, 'F': 0, 'G': 0, 'H': 2, 'I': 2, 'K': 1, 'L': 1, 'M': 4, 'N': 1, 'P': 1, 'Q': 0, 'R': 1, 'S': 0, 'T': 0, 'V': 4, 'W': 0, 'Y': 0}",,,,1.31,1.31,1.3,,,,0.35,0.4,0.3,,,,0.94,0.93,0.94,,,,0.58,0.57,0.59,,,,0.11,0.11,0.1,,,,2.37,2.24,2.49,,,,"0 hours, 0 minutes, 48 seconds","Absorption value is 0.0, consider adding tryptophane to design.",EGFR_patchF,relaxed_filters,default_4stage_multimer
EGFRpH_F_l37_s28175_mpnn7,4stage,37,28175,-0.3,"A431,A434,A436",MTEEMIVEMENGKKMLVKMKYLPDGRIHEVHIVPLKE,"B5,B6,B7,B8,B9,B10,B11,B13,B15,B17,B19,B22,B26,B27,B28,B29,B30,B31,B32,B33,B34",1.11,0.28,0.93,0.92,0.93,,,,0.88,0.87,0.89,,,,0.89,0.88,0.9,,,,0.15,0.16,0.14,,,,0.17,0.17,0.16,,,,0.0,0,0,,,,0.0,0,0,,,,0.0,0,0,,,,0.0,0,0,,,,-131.89,-132.6,-131.18,,,,0.53,0.53,0.53,,,,0.74,0.74,0.75,,,,0.62,0.62,0.63,,,,-71.34,-72.27,-70.4,,,,1842.06,1903.17,1780.94,,,,-3.88,-3.8,-3.95,,,,72.86,75.49,70.24,,,,61.9,61.9,61.9,,,,21.0,21,21,,,,10.5,12,9,,,,50.0,57.14,42.86,,,,5.0,4.0,6.0,,,,23.81,19.05,28.57,,,,0.0,0,0,,,,0.0,0,0,,,,0.0,0,0,,,,0.0,0,0,,,,0.0,0,0,,,,0.0,0,0,,,,"{'A': 0.0, 'C': 0.0, 'D': 0.0, 'E': 3.0, 'F': 0.0, 'G': 0.0, 'H': 2.0, 'I': 3.0, 'K': 1.0, 'L': 1.0, 'M': 4.0, 'N': 1.0, 'P': 1.0, 'Q': 0.0, 'R': 1.0, 'S': 0.0, 'T': 0.0, 'V': 4.0, 'W': 0.0, 'Y': 0.0}","{'A': 0, 'C': 0, 'D': 0, 'E': 3, 'F': 0, 'G': 0, 'H': 2, 'I': 3, 'K': 1, 'L': 1, 'M': 4, 'N': 1, 'P': 1, 'Q': 0, 'R': 1, 'S': 0, 'T': 0, 'V': 4, 'W': 0, 'Y': 0}","{'A': 0, 'C': 0, 'D': 0, 'E': 3, 'F': 0, 'G': 0, 'H': 2, 'I': 3, 'K': 1, 'L': 1, 'M': 4, 'N': 1, 'P': 1, 'Q': 0, 'R': 1, 'S': 0, 'T': 0, 'V': 4, 'W': 0, 'Y': 0}",,,,1.15,1.15,1.14,,,,0.39,0.45,0.33,,,,0.93,0.92,0.94,,,,0.57,0.55,0.59,,,,0.11,0.12,0.1,,,,2.15,2.07,2.22,,,,"0 hours, 0 minutes, 48 seconds",,EGFR_patchF,relaxed_filters,default_4stage_multimer
EGFRpH_F_l37_s28175_mpnn8,4stage,37,28175,-0.3,"A431,A434,A436",MTEEMVVEMENGKKMLVTMKYLPDGRIHEVHIVPLEE,"B5,B7,B8,B9,B10,B11,B15,B17,B19,B22,B26,B27,B28,B29,B30,B31,B32,B33,B34",1.12,0.22,0.93,0.92,0.93,,,,0.88,0.87,0.89,,,,0.9,0.89,0.9,,,,0.15,0.16,0.15,,,,0.17,0.17,0.16,,,,0.0,0,0,,,,0.0,0,0,,,,0.0,0,0,,,,0.0,0,0,,,,-129.55,-131.02,-128.07,,,,0.53,0.53,0.53,,,,0.74,0.73,0.76,,,,0.61,0.58,0.65,,,,-71.61,-73.01,-70.2,,,,1888.26,1939.1,1837.42,,,,-3.79,-3.77,-3.82,,,,75.47,78.79,72.14,,,,63.4,63.64,63.16,,,,20.5,22,19,,,,11.5,12,11,,,,56.22,54.55,57.89,,,,3.5,3.0,4.0,,,,17.34,13.64,21.05,,,,0.0,0,0,,,,0.0,0,0,,,,0.0,0,0,,,,0.0,0,0,,,,0.0,0,0,,,,0.0,0,0,,,,"{'A': 0.0, 'C': 0.0, 'D': 0.0, 'E': 3.0, 'F': 0.0, 'G': 0.0, 'H': 2.0, 'I': 2.0, 'K': 0.5, 'L': 1.0, 'M': 4.0, 'N': 1.0, 'P': 1.0, 'Q': 0.0, 'R': 1.0, 'S': 0.0, 'T': 0.0, 'V': 4.5, 'W': 0.0, 'Y': 0.5}","{'A': 0, 'C': 0, 'D': 0, 'E': 3, 'F': 0, 'G': 0, 'H': 2, 'I': 2, 'K': 1, 'L': 1, 'M': 4, 'N': 1, 'P': 1, 'Q': 0, 'R': 1, 'S': 0, 'T': 0, 'V': 5, 'W': 0, 'Y': 1}","{'A': 0, 'C': 0, 'D': 0, 'E': 3, 'F': 0, 'G': 0, 'H': 2, 'I': 2, 'K': 0, 'L': 1, 'M': 4, 'N': 1, 'P': 1, 'Q': 0, 'R': 1, 'S': 0, 'T': 0, 'V': 4, 'W': 0, 'Y': 0}",,,,1.19,1.21,1.16,,,,0.4,0.46,0.33,,,,0.94,0.93,0.94,,,,0.58,0.57,0.59,,,,0.11,0.11,0.1,,,,2.22,2.17,2.28,,,,"0 hours, 0 minutes, 48 seconds",,EGFR_patchF,relaxed_filters,default_4stage_multimer
EGFRpH_F_l37_s28175_mpnn9,4stage,37,28175,-0.3,"A431,A434,A436",MTEEMIVEMENGKKMLVRMKYLPDGRIHEVHIVPYEE,"B5,B7,B8,B9,B10,B11,B13,B15,B17,B19,B22,B26,B27,B28,B29,B30,B31,B32,B33,B34",1.13,0.33,0.94,0.93,0.94,,,,0.88,0.87,0.89,,,,0.9,0.89,0.91,,,,0.15,0.15,0.14,,,,0.15,0.16,0.15,,,,0.0,0,0,,,,0.0,0,0,,,,0.0,0,0,,,,0.0,0,0,,,,-133.57,-134.99,-132.16,,,,0.53,0.53,0.53,,,,0.73,0.73,0.73,,,,0.62,0.61,0.63,,,,-68.96,-69.87,-68.05,,,,1842.65,1859.8,1825.5,,,,-3.75,-3.76,-3.73,,,,76.22,77.19,75.24,,,,60.95,61.9,60.0,,,,20.5,21,20,,,,10.5,11,10,,,,51.19,52.38,50.0,,,,4.0,3.0,5.0,,,,19.64,14.29,25.0,,,,0.0,0,0,,,,0.0,0,0,,,,0.0,0,0,,,,0.0,0,0,,,,0.0,0,0,,,,0.0,0,0,,,,"{'A': 0.0, 'C': 0.0, 'D': 0.0, 'E': 3.0, 'F': 0.0, 'G': 0.0, 'H': 2.0, 'I': 2.5, 'K': 1.0, 'L': 1.0, 'M': 4.0, 'N': 1.0, 'P': 1.0, 'Q': 0.0, 'R': 1.0, 'S': 0.0, 'T': 0.0, 'V': 4.0, 'W': 0.0, 'Y': 0.0}","{'A': 0, 'C': 0, 'D': 0, 'E': 3, 'F': 0, 'G': 0, 'H': 2, 'I': 3, 'K': 1, 'L': 1, 'M': 4, 'N': 1, 'P': 1, 'Q': 0, 'R': 1, 'S': 0, 'T': 0, 'V': 4, 'W': 0, 'Y': 0}","{'A': 0, 'C': 0, 'D': 0, 'E': 3, 'F': 0, 'G': 0, 'H': 2, 'I': 2, 'K': 1, 'L': 1, 'M': 4, 'N': 1, 'P': 1, 'Q': 0, 'R': 1, 'S': 0, 'T': 0, 'V': 4, 'W': 0, 'Y': 0}",,,,1.21,1.21,1.22,,,,0.4,0.46,0.34,,,,0.94,0.94,0.95,,,,0.59,0.58,0.6,,,,0.1,0.1,0.09,,,,2.06,2.01,2.11,,,,"0 hours, 0 minutes, 49 seconds",,EGFR_patchF,relaxed_filters,default_4stage_multimer
EGFRpH_F_l37_s28175_mpnn10,4stage,37,28175,-0.3,"A431,A434,A436",MTEEMIVEMENGKQMKVTMKYLPDGRIHEVHIVPLEK,"B5,B7,B8,B9,B10,B11,B15,B17,B19,B22,B26,B27,B28,B29,B30,B31,B32,B33,B34",1.14,0.33,0.92,0.91,0.92,,,,0.88,0.87,0.89,,,,0.89,0.88,0.9,,,,0.16,0.17,0.15,,,,0.17,0.18,0.16,,,,0.0,0,0,,,,0.0,0,0,,,,0.0,0,0,,,,0.0,0,0,,,,-131.37,-132.02,-130.71,,,,0.5,0.5,0.5,,,,0.75,0.75,0.75,,,,0.66,0.63,0.69,,,,-72.59,-73.92,-71.26,,,,1855.55,1928.87,1782.23,,,,-3.92,-3.83,-4.0,,,,73.33,76.6,70.06,,,,63.4,63.64,63.16,,,,20.5,22,19,,,,11.5,12,11,,,,56.22,54.55,57.89,,,,5.5,4.0,7.0,,,,27.51,18.18,36.84,,,,0.0,0,0,,,,0.0,0,0,,,,0.0,0,0,,,,0.0,0,0,,,,0.0,0,0,,,,0.0,0,0,,,,"{'A': 0.0, 'C': 0.0, 'D': 0.0, 'E': 3.0, 'F': 0.0, 'G': 0.0, 'H': 2.0, 'I': 2.5, 'K': 0.5, 'L': 1.0, 'M': 4.0, 'N': 1.0, 'P': 1.0, 'Q': 0.0, 'R': 1.0, 'S': 0.0, 'T': 0.0, 'V': 4.0, 'W': 0.0, 'Y': 0.5}","{'A': 0, 'C': 0, 'D': 0, 'E': 3, 'F': 0, 'G': 0, 'H': 2, 'I': 3, 'K': 1, 'L': 1, 'M': 4, 'N': 1, 'P': 1, 'Q': 0, 'R': 1, 'S': 0, 'T': 0, 'V': 4, 'W': 0, 'Y': 1}","{'A': 0, 'C': 0, 'D': 0, 'E': 3, 'F': 0, 'G': 0, 'H': 2, 'I': 2, 'K': 0, 'L': 1, 'M': 4, 'N': 1, 'P': 1, 'Q': 0, 'R': 1, 'S': 0, 'T': 0, 'V': 4, 'W': 0, 'Y': 0}",,,,1.19,1.23,1.14,,,,0.4,0.47,0.34,,,,0.94,0.93,0.94,,,,0.57,0.56,0.59,,,,0.11,0.12,0.11,,,,2.15,2.05,2.25,,,,"0 hours, 0 minutes, 49 seconds",,EGFR_patchF,relaxed_filters,default_4stage_multimer
EGFRpH_F_l37_s28175_mpnn11,4stage,37,28175,-0.3,"A431,A434,A436",MIEKMVVEMENGKQMLVTMKYLPDGRIHEVHIVPLEK,"B5,B7,B8,B9,B10,B11,B15,B17,B19,B22,B26,B27,B28,B29,B30,B31,B32,B33,B34",1.15,0.28,0.92,0.91,0.92,,,,0.88,0.87,0.89,,,,0.89,0.88,0.9,,,,0.15,0.16,0.15,,,,0.17,0.18,0.16,,,,0.0,0,0,,,,0.0,0,0,,,,0.0,0,0,,,,0.0,0,0,,,,-128.96,-131.55,-126.37,,,,0.56,0.56,0.56,,,,0.73,0.73,0.74,,,,0.64,0.65,0.62,,,,-69.24,-71.01,-67.47,,,,1825.5,1862.42,1788.58,,,,-3.79,-3.81,-3.77,,,,70.89,72.05,69.74,,,,62.53,61.9,63.16,,,,20.0,21,19,,,,10.5,10,11,,,,52.75,47.62,57.89,,,,4.5,4.0,5.0,,,,22.69,19.05,26.32,,,,0.0,0,0,,,,0.0,0,0,,,,0.0,0,0,,,,0.0,0,0,,,,0.0,0,0,,,,0.0,0,0,,,,"{'A': 0.0, 'C': 0.0, 'D': 0.0, 'E': 3.0, 'F': 0.0, 'G': 0.0, 'H': 2.0, 'I': 2.0, 'K': 0.5, 'L': 1.0, 'M': 4.0, 'N': 1.0, 'P': 1.0, 'Q': 0.0, 'R': 1.0, 'S': 0.0, 'T': 0.0, 'V': 4.5, 'W': 0.0, 'Y': 0.0}","{'A': 0, 'C': 0, 'D': 0, 'E': 3, 'F': 0, 'G': 0, 'H': 2, 'I': 2, 'K': 1, 'L': 1, 'M': 4, 'N': 1, 'P': 1, 'Q': 0, 'R': 1, 'S': 0, 'T': 0, 'V': 5, 'W': 0, 'Y': 0}","{'A': 0, 'C': 0, 'D': 0, 'E': 3, 'F': 0, 'G': 0, 'H': 2, 'I': 2, 'K': 0, 'L': 1, 'M': 4, 'N': 1, 'P': 1, 'Q': 0, 'R': 1, 'S': 0, 'T': 0, 'V': 4, 'W': 0, 'Y': 0}",,,,1.23,1.28,1.19,,,,0.41,0.47,0.35,,,,0.94,0.94,0.95,,,,0.59,0.59,0.6,,,,0.11,0.11,0.1,,,,2.29,2.22,2.37,,,,"0 hours, 0 minutes, 47 seconds",,EGFR_patchF,relaxed_filters,default_4stage_multimer
EGFRpH_F_l37_s28175_mpnn12,4stage,37,28175,-0.3,"A431,A434,A436",MTEEMVVEMENGKQMLVTMKYLPDGRIHEVHIVPLKK,"B5,B7,B8,B9,B10,B11,B15,B17,B19,B22,B26,B27,B28,B29,B30,B31,B32,B33,B34",1.15,0.28,0.92,0.91,0.92,,,,0.88,0.87,0.89,,,,0.89,0.88,0.9,,,,0.16,0.17,0.15,,,,0.17,0.18,0.16,,,,0.0,0,0,,,,0.0,0,0,,,,0.0,0,0,,,,0.0,0,0,,,,-129.73,-130.36,-129.1,,,,0.53,0.53,0.53,,,,0.74,0.74,0.75,,,,0.67,0.66,0.68,,,,-71.72,-72.67,-70.77,,,,1856.74,1913.59,1799.88,,,,-3.87,-3.8,-3.93,,,,72.7,75.07,70.33,,,,63.4,63.64,63.16,,,,20.5,22,19,,,,11.0,11,11,,,,53.95,50.0,57.89,,,,5.0,4.0,6.0,,,,24.88,18.18,31.58,,,,0.0,0,0,,,,0.0,0,0,,,,0.0,0,0,,,,0.0,0,0,,,,0.0,0,0,,,,0.0,0,0,,,,"{'A': 0.0, 'C': 0.0, 'D': 0.0, 'E': 3.0, 'F': 0.0, 'G': 0.0, 'H': 2.0, 'I': 2.0, 'K': 0.5, 'L': 1.0, 'M': 4.0, 'N': 1.0, 'P': 1.0, 'Q': 0.0, 'R': 1.0, 'S': 0.0, 'T': 0.0, 'V': 4.5, 'W': 0.0, 'Y': 0.5}","{'A': 0, 'C': 0, 'D': 0, 'E': 3, 'F': 0, 'G': 0, 'H': 2, 'I': 2, 'K': 1, 'L': 1, 'M': 4, 'N': 1, 'P': 1, 'Q': 0, 'R': 1, 'S': 0, 'T': 0, 'V': 5, 'W': 0, 'Y': 1}","{'A': 0, 'C': 0, 'D': 0, 'E': 3, 'F': 0, 'G': 0, 'H': 2, 'I': 2, 'K': 0, 'L': 1, 'M': 4, 'N': 1, 'P': 1, 'Q': 0, 'R': 1, 'S': 0, 'T': 0, 'V': 4, 'W': 0, 'Y': 0}",,,,1.19,1.24,1.14,,,,0.4,0.46,0.35,,,,0.94,0.93,0.94,,,,0.58,0.57,0.59,,,,0.11,0.11,0.11,,,,2.17,2.08,2.25,,,,"0 hours, 0 minutes, 48 seconds",,EGFR_patchF,relaxed_filters,default_4stage_multimer
EGFRpH_F_l37_s28175_mpnn13,4stage,37,28175,-0.3,"A431,A434,A436",PTEVMIVEMENGKKMKVTMKYLPDGRIHEVHIVPYEE,"B5,B7,B8,B9,B10,B11,B15,B17,B19,B22,B26,B27,B28,B29,B30,B31,B32,B33,B34",1.15,0.28,0.93,0.92,0.93,,,,0.88,0.87,0.89,,,,0.9,0.89,0.9,,,,0.15,0.15,0.14,,,,0.16,0.17,0.15,,,,0.0,0,0,,,,0.0,0,0,,,,0.0,0,0,,,,0.0,0,0,,,,-132.29,-130.91,-133.67,,,,0.53,0.53,0.53,,,,0.72,0.69,0.76,,,,0.66,0.67,0.65,,,,-67.97,-66.16,-69.77,,,,1829.97,1875.53,1784.42,,,,-3.72,-3.53,-3.91,,,,76.89,78.97,74.81,,,,61.58,60.0,63.16,,,,19.5,20,19,,,,10.0,10,10,,,,51.31,50.0,52.63,,,,5.0,5.0,5.0,,,,25.66,25.0,26.32,,,,0.0,0,0,,,,0.0,0,0,,,,0.0,0,0,,,,0.0,0,0,,,,0.0,0,0,,,,0.0,0,0,,,,"{'A': 0.0, 'C': 0.0, 'D': 0.0, 'E': 3.0, 'F': 0.0, 'G': 0.0, 'H': 2.0, 'I': 2.0, 'K': 0.5, 'L': 1.0, 'M': 4.0, 'N': 1.0, 'P': 1.0, 'Q': 0.0, 'R': 1.0, 'S': 0.0, 'T': 0.0, 'V': 4.0, 'W': 0.0, 'Y': 0.0}","{'A': 0, 'C': 0, 'D': 0, 'E': 3, 'F': 0, 'G': 0, 'H': 2, 'I': 2, 'K': 1, 'L': 1, 'M': 4, 'N': 1, 'P': 1, 'Q': 0, 'R': 1, 'S': 0, 'T': 0, 'V': 4, 'W': 0, 'Y': 0}","{'A': 0, 'C': 0, 'D': 0, 'E': 3, 'F': 0, 'G': 0, 'H': 2, 'I': 2, 'K': 0, 'L': 1, 'M': 4, 'N': 1, 'P': 1, 'Q': 0, 'R': 1, 'S': 0, 'T': 0, 'V': 4, 'W': 0, 'Y': 0}",,,,1.13,1.14,1.13,,,,0.37,0.41,0.33,,,,0.94,0.93,0.94,,,,0.57,0.57,0.58,,,,0.1,0.1,0.1,,,,2.13,2.09,2.18,,,,"0 hours, 0 minutes, 45 seconds",,EGFR_patchF,relaxed_filters,default_4stage_multimer
EGFRpH_F_l37_s28175_mpnn14,4stage,37,28175,-0.3,"A431,A434,A436",MVEEMIVEMENGKKMLVTMRYLPDGRIHEVHIVPYKE,"B5,B7,B8,B9,B10,B11,B13,B15,B17,B19,B22,B26,B27,B28,B29,B30,B31,B32,B33,B34",1.15,0.22,0.93,0.93,0.93,,,,0.88,0.87,0.89,,,,0.9,0.89,0.91,,,,0.15,0.15,0.14,,,,0.15,0.16,0.15,,,,0.0,0,0,,,,0.0,0,0,,,,0.0,0,0,,,,0.0,0,0,,,,-133.11,-134.93,-131.29,,,,0.56,0.56,0.56,,,,0.72,0.72,0.73,,,,0.67,0.65,0.69,,,,-71.15,-73.6,-68.7,,,,1875.92,1970.65,1781.19,,,,-3.79,-3.73,-3.86,,,,76.68,80.87,72.48,,,,60.44,60.87,60.0,,,,21.5,23,20,,,,11.0,12,10,,,,51.09,52.17,50.0,,,,4.0,3.0,5.0,,,,19.02,13.04,25.0,,,,0.0,0,0,,,,0.0,0,0,,,,0.0,0,0,,,,0.0,0,0,,,,0.0,0,0,,,,0.0,0,0,,,,"{'A': 0.0, 'C': 0.0, 'D': 0.0, 'E': 3.5, 'F': 0.0, 'G': 0.0, 'H': 2.0, 'I': 2.5, 'K': 1.0, 'L': 1.0, 'M': 4.0, 'N': 1.0, 'P': 1.0, 'Q': 0.0, 'R': 1.0, 'S': 0.0, 'T': 0.0, 'V': 4.0, 'W': 0.0, 'Y': 0.5}","{'A': 0, 'C': 0, 'D': 0, 'E': 4, 'F': 0, 'G': 0, 'H': 2, 'I': 3, 'K': 1, 'L': 1, 'M': 4, 'N': 1, 'P': 1, 'Q': 0, 'R': 1, 'S': 0, 'T': 0, 'V': 4, 'W': 0, 'Y': 1}","{'A': 0, 'C': 0, 'D': 0, 'E': 3, 'F': 0, 'G': 0, 'H': 2, 'I': 2, 'K': 1, 'L': 1, 'M': 4, 'N': 1, 'P': 1, 'Q': 0, 'R': 1, 'S': 0, 'T': 0, 'V': 4, 'W': 0, 'Y': 0}",,,,1.08,1.07,1.09,,,,0.4,0.46,0.34,,,,0.95,0.95,0.95,,,,0.6,0.59,0.61,,,,0.1,0.1,0.09,,,,2.08,2.05,2.12,,,,"0 hours, 0 minutes, 49 seconds",,EGFR_patchF,relaxed_filters,default_4stage_multimer
EGFRpH_F_l37_s28175_mpnn15,4stage,37,28175,-0.3,"A431,A434,A436",PVIEMVVEMENGKQMLVRMTLLPDGRIHEVHIVPLKK,"B5,B6,B7,B8,B9,B10,B11,B15,B17,B19,B22,B26,B27,B28,B29,B30,B31,B32,B33,B34",1.18,0.28,0.91,0.9,0.92,,,,0.88,0.87,0.89,,,,0.89,0.88,0.9,,,,0.16,0.17,0.15,,,,0.17,0.18,0.16,,,,0.0,0,0,,,,0.0,0,0,,,,0.0,0,0,,,,0.0,0,0,,,,-134.05,-133.39,-134.71,,,,0.58,0.58,0.58,,,,0.76,0.75,0.76,,,,0.65,0.66,0.64,,,,-70.23,-70.62,-69.84,,,,1838.7,1883.48,1793.91,,,,-3.82,-3.75,-3.89,,,,72.9,75.09,70.7,,,,63.45,61.9,65.0,,,,20.5,21,20,,,,11.0,12,10,,,,53.57,57.14,50.0,,,,5.0,5.0,5.0,,,,24.41,23.81,25.0,,,,0.0,0,0,,,,0.0,0,0,,,,0.0,0,0,,,,0.0,0,0,,,,0.0,0,0,,,,0.0,0,0,,,,"{'A': 0.0, 'C': 0.0, 'D': 0.0, 'E': 3.0, 'F': 0.0, 'G': 0.0, 'H': 2.0, 'I': 2.0, 'K': 0.5, 'L': 1.0, 'M': 4.0, 'N': 1.0, 'P': 1.0, 'Q': 0.0, 'R': 1.0, 'S': 0.0, 'T': 0.0, 'V': 5.0, 'W': 0.0, 'Y': 0.0}","{'A': 0, 'C': 0, 'D': 0, 'E': 3, 'F': 0, 'G': 0, 'H': 2, 'I': 2, 'K': 1, 'L': 1, 'M': 4, 'N': 1, 'P': 1, 'Q': 0, 'R': 1, 'S': 0, 'T': 0, 'V': 5, 'W': 0, 'Y': 0}","{'A': 0, 'C': 0, 'D': 0, 'E': 3, 'F': 0, 'G': 0, 'H': 2, 'I': 2, 'K': 0, 'L': 1, 'M': 4, 'N': 1, 'P': 1, 'Q': 0, 'R': 1, 'S': 0, 'T': 0, 'V': 5, 'W': 0, 'Y': 0}",,,,1.34,1.37,1.31,,,,0.36,0.41,0.32,,,,0.94,0.93,0.94,,,,0.57,0.57,0.58,,,,0.11,0.11,0.1,,,,2.41,2.2,2.61,,,,"0 hours, 0 minutes, 43 seconds","Absorption value is 0.0, consider adding tryptophane to design.",EGFR_patchF,relaxed_filters,default_4stage_multimer
EGFRpH_F_l37_s28175_mpnn16,4stage,37,28175,-0.3,"A431,A434,A436",MVEEMIVEMENGKQMLVRMTYLPDGRIHEVHIVPLEK,"B5,B6,B7,B8,B9,B10,B11,B15,B17,B19,B22,B26,B27,B28,B29,B30,B31,B32,B33,B34",1.18,0.33,0.92,0.91,0.92,,,,0.88,0.87,0.89,,,,0.9,0.89,0.9,,,,0.15,0.16,0.15,,,,0.17,0.17,0.16,,,,0.0,0,0,,,,0.0,0,0,,,,0.0,0,0,,,,0.0,0,0,,,,-133.78,-134.09,-133.47,,,,0.56,0.56,0.56,,,,0.74,0.73,0.75,,,,0.66,0.62,0.69,,,,-71.03,-70.58,-71.49,,,,1852.26,1908.99,1795.52,,,,-3.84,-3.7,-3.98,,,,74.78,78.35,71.21,,,,65.0,65.0,65.0,,,,20.0,20,20,,,,9.5,8,11,,,,47.5,40.0,55.0,,,,6.0,5.0,7.0,,,,30.0,25.0,35.0,,,,0.0,0,0,,,,0.0,0,0,,,,0.0,0,0,,,,0.0,0,0,,,,0.0,0,0,,,,0.0,0,0,,,,"{'A': 0.0, 'C': 0.0, 'D': 0.0, 'E': 3.0, 'F': 0.0, 'G': 0.0, 'H': 2.0, 'I': 3.0, 'K': 0.0, 'L': 1.0, 'M': 4.0, 'N': 1.0, 'P': 1.0, 'Q': 0.0, 'R': 1.0, 'S': 0.0, 'T': 0.0, 'V': 4.0, 'W': 0.0, 'Y': 0.0}","{'A': 0, 'C': 0, 'D': 0, 'E': 3, 'F': 0, 'G': 0, 'H': 2, 'I': 3, 'K': 0, 'L': 1, 'M': 4, 'N': 1, 'P': 1, 'Q': 0, 'R': 1, 'S': 0, 'T': 0, 'V': 4, 'W': 0, 'Y': 0}","{'A': 0, 'C': 0, 'D': 0, 'E': 3, 'F': 0, 'G': 0, 'H': 2, 'I': 3, 'K': 0, 'L': 1, 'M': 4, 'N': 1, 'P': 1, 'Q': 0, 'R': 1, 'S': 0, 'T': 0, 'V': 4, 'W': 0, 'Y': 0}",,,,1.23,1.27,1.2,,,,0.4,0.46,0.35,,,,0.94,0.94,0.95,,,,0.59,0.58,0.6,,,,0.11,0.11,0.1,,,,2.09,2.06,2.12,,,,"0 hours, 0 minutes, 49 seconds",,EGFR_patchF,relaxed_filters,default_4stage_multimer
EGFRpH_F_l37_s28175_mpnn17,4stage,37,28175,-0.3,"A431,A434,A436",MVERMIVEMENGKQMLVEMKYLPDGRIHEVHIVPLEK,"B5,B6,B7,B8,B9,B10,B11,B15,B17,B19,B22,B26,B27,B28,B29,B30,B31,B32,B33,B34",1.19,0.33,0.93,0.92,0.93,,,,0.88,0.87,0.89,,,,0.89,0.88,0.9,,,,0.15,0.16,0.15,,,,0.17,0.17,0.16,,,,0.0,0,0,,,,0.0,0,0,,,,0.0,0,0,,,,0.0,0,0,,,,-133.53,-132.93,-134.14,,,,0.56,0.56,0.56,,,,0.74,0.74,0.74,,,,0.67,0.62,0.71,,,,-72.65,-72.29,-73.0,,,,1894.57,1922.99,1866.14,,,,-3.83,-3.76,-3.91,,,,74.31,75.3,73.33,,,,63.45,61.9,65.0,,,,20.5,21,20,,,,10.5,11,10,,,,51.19,52.38,50.0,,,,4.5,3.0,6.0,,,,22.14,14.29,30.0,,,,0.0,0,0,,,,0.0,0,0,,,,0.0,0,0,,,,0.0,0,0,,,,0.0,0,0,,,,0.0,0,0,,,,"{'A': 0.0, 'C': 0.0, 'D': 0.0, 'E': 3.0, 'F': 0.0, 'G': 0.0, 'H': 2.0, 'I': 3.0, 'K': 0.5, 'L': 1.0, 'M': 4.0, 'N': 1.0, 'P': 1.0, 'Q': 0.0, 'R': 1.0, 'S': 0.0, 'T': 0.0, 'V': 4.0, 'W': 0.0, 'Y': 0.0}","{'A': 0, 'C': 0, 'D': 0, 'E': 3, 'F': 0, 'G': 0, 'H': 2, 'I': 3, 'K': 1, 'L': 1, 'M': 4, 'N': 1, 'P': 1, 'Q': 0, 'R': 1, 'S': 0, 'T': 0, 'V': 4, 'W': 0, 'Y': 0}","{'A': 0, 'C': 0, 'D': 0, 'E': 3, 'F': 0, 'G': 0, 'H': 2, 'I': 3, 'K': 0, 'L': 1, 'M': 4, 'N': 1, 'P': 1, 'Q': 0, 'R': 1, 'S': 0, 'T': 0, 'V': 4, 'W': 0, 'Y': 0}",,,,1.18,1.21,1.15,,,,0.4,0.46,0.34,,,,0.94,0.94,0.94,,,,0.59,0.58,0.6,,,,0.11,0.11,0.1,,,,2.09,2.07,2.12,,,,"0 hours, 0 minutes, 49 seconds",,EGFR_patchF,relaxed_filters,default_4stage_multimer
EGFRpH_F_l37_s28175_mpnn18,4stage,37,28175,-0.3,"A431,A434,A436",PVEEMIVEMENGKQMLVTMKYLPDGRIHEVHIVPLEK,"B5,B6,B7,B8,B9,B10,B11,B15,B17,B19,B22,B26,B27,B28,B29,B30,B31,B32,B33,B34",1.21,0.33,0.92,0.91,0.92,,,,0.88,0.87,0.89,,,,0.9,0.89,0.9,,,,0.15,0.16,0.15,,,,0.17,0.17,0.16,,,,0.0,0,0,,,,0.0,0,0,,,,0.5,0,1,,,,0.0,0,0,,,,-136.32,-136.14,-136.5,,,,0.56,0.56,0.56,,,,0.76,0.77,0.75,,,,0.65,0.62,0.68,,,,-71.73,-73.82,-69.64,,,,1855.86,1915.12,1796.59,,,,-3.87,-3.85,-3.88,,,,73.25,76.96,69.54,,,,62.94,60.87,65.0,,,,21.5,23,20,,,,9.5,10,9,,,,44.24,43.48,45.0,,,,5.0,5.0,5.0,,,,23.37,21.74,25.0,,,,0.0,0,0,,,,0.0,0,0,,,,0.0,0,0,,,,0.0,0,0,,,,0.0,0,0,,,,0.0,0,0,,,,"{'A': 0.0, 'C': 0.0, 'D': 0.0, 'E': 3.5, 'F': 0.0, 'G': 0.0, 'H': 2.0, 'I': 3.0, 'K': 0.5, 'L': 1.0, 'M': 4.0, 'N': 1.0, 'P': 1.0, 'Q': 0.0, 'R': 1.0, 'S': 0.0, 'T': 0.0, 'V': 4.0, 'W': 0.0, 'Y': 0.5}","{'A': 0, 'C': 0, 'D': 0, 'E': 4, 'F': 0, 'G': 0, 'H': 2, 'I': 3, 'K': 1, 'L': 1, 'M': 4, 'N': 1, 'P': 1, 'Q': 0, 'R': 1, 'S': 0, 'T': 0, 'V': 4, 'W': 0, 'Y': 1}","{'A': 0, 'C': 0, 'D': 0, 'E': 3, 'F': 0, 'G': 0, 'H': 2, 'I': 3, 'K': 0, 'L': 1, 'M': 4, 'N': 1, 'P': 1, 'Q': 0, 'R': 1, 'S': 0, 'T': 0, 'V': 4, 'W': 0, 'Y': 0}",,,,1.21,1.24,1.19,,,,0.38,0.44,0.33,,,,0.94,0.93,0.94,,,,0.58,0.58,0.59,,,,0.11,0.11,0.1,,,,2.23,2.21,2.26,,,,"0 hours, 0 minutes, 50 seconds",,EGFR_patchF,relaxed_filters,default_4stage_multimer
EGFRpH_F_l37_s959113_mpnn1,4stage,37,959113,-0.3,"A431,A434,A436",AEAKPMVVPYDNGKHVLTVYPDAENNEIDSVVIKRAP,"B6,B8,B9,B10,B11,B14,B15,B17,B19,B22,B25,B27,B28,B29,B30,B31,B32,B33,B34,B35",1.14,0.5,0.89,0.88,0.89,,,,0.88,0.87,0.89,,,,0.87,0.86,0.88,,,,0.18,0.19,0.17,,,,0.2,0.2,0.19,,,,0.0,0,0,,,,0.0,0,0,,,,0.5,1,0,,,,0.0,0,0,,,,-113.15,-111.94,-114.36,,,,0.54,0.54,0.53,,,,0.69,0.68,0.69,,,,0.68,0.67,0.69,,,,-63.89,-62.6,-65.17,,,,1633.29,1656.11,1610.47,,,,-3.92,-3.78,-4.05,,,,62.42,63.26,61.59,,,,50.0,50.0,50.0,,,,20.0,20,20,,,,10.5,10,11,,,,52.5,50.0,55.0,,,,4.0,4.0,4.0,,,,20.0,20.0,20.0,,,,0.0,0,0,,,,0.0,0,0,,,,0.0,0,0,,,,0.0,0,0,,,,0.0,0,0,,,,0.0,0,0,,,,"{'A': 0.0, 'C': 0.0, 'D': 3.0, 'E': 1.0, 'F': 0.0, 'G': 0.0, 'H': 1.0, 'I': 2.0, 'K': 2.0, 'L': 1.0, 'M': 1.0, 'N': 1.0, 'P': 1.0, 'Q': 0.0, 'R': 1.0, 'S': 1.0, 'T': 0.0, 'V': 4.0, 'W': 0.0, 'Y': 1.0}","{'A': 0, 'C': 0, 'D': 3, 'E': 1, 'F': 0, 'G': 0, 'H': 1, 'I': 2, 'K': 2, 'L': 1, 'M': 1, 'N': 1, 'P': 1, 'Q': 0, 'R': 1, 'S': 1, 'T': 0, 'V': 4, 'W': 0, 'Y': 1}","{'A': 0, 'C': 0, 'D': 3, 'E': 1, 'F': 0, 'G': 0, 'H': 1, 'I': 2, 'K': 2, 'L': 1, 'M': 1, 'N': 1, 'P': 1, 'Q': 0, 'R': 1, 'S': 1, 'T': 0, 'V': 4, 'W': 0, 'Y': 1}",,,,1.23,1.2,1.25,,,,0.36,0.41,0.32,,,,0.9,0.9,0.9,,,,0.58,0.57,0.59,,,,0.12,0.12,0.12,,,,1.72,1.62,1.82,,,,"0 hours, 1 minutes, 32 seconds",,EGFR_patchF,relaxed_filters,default_4stage_multimer
EGFRpH_F_l37_s959113_mpnn2,4stage,37,959113,-0.3,"A431,A434,A436",AVAKPMVVPYDNGKHVLTVYPDAENNEIDSVVIKRAE,"B6,B8,B9,B10,B11,B14,B15,B17,B19,B22,B25,B27,B28,B29,B30,B31,B32,B33,B34,B35",1.16,0.5,0.88,0.87,0.88,,,,0.88,0.87,0.88,,,,0.86,0.86,0.87,,,,0.18,0.19,0.18,,,,0.2,0.2,0.19,,,,0.0,0,0,,,,0.0,0,0,,,,0.5,1,0,,,,0.0,0,0,,,,-110.56,-112.31,-108.8,,,,0.53,0.53,0.53,,,,0.69,0.69,0.69,,,,0.66,0.65,0.67,,,,-63.29,-63.33,-63.25,,,,1608.57,1594.06,1623.07,,,,-3.94,-3.97,-3.9,,,,60.35,60.39,60.31,,,,50.0,50.0,50.0,,,,20.0,20,20,,,,10.5,11,10,,,,52.5,55.0,50.0,,,,4.0,4.0,4.0,,,,20.0,20.0,20.0,,,,0.0,0,0,,,,0.0,0,0,,,,0.0,0,0,,,,0.0,0,0,,,,0.0,0,0,,,,0.0,0,0,,,,"{'A': 0.0, 'C': 0.0, 'D': 3.0, 'E': 1.0, 'F': 0.0, 'G': 0.0, 'H': 1.0, 'I': 2.0, 'K': 2.0, 'L': 1.0, 'M': 1.0, 'N': 1.0, 'P': 1.0, 'Q': 0.0, 'R': 1.0, 'S': 1.0, 'T': 0.0, 'V': 4.0, 'W': 0.0, 'Y': 1.0}","{'A': 0, 'C': 0, 'D': 3, 'E': 1, 'F': 0, 'G': 0, 'H': 1, 'I': 2, 'K': 2, 'L': 1, 'M': 1, 'N': 1, 'P': 1, 'Q': 0, 'R': 1, 'S': 1, 'T': 0, 'V': 4, 'W': 0, 'Y': 1}","{'A': 0, 'C': 0, 'D': 3, 'E': 1, 'F': 0, 'G': 0, 'H': 1, 'I': 2, 'K': 2, 'L': 1, 'M': 1, 'N': 1, 'P': 1, 'Q': 0, 'R': 1, 'S': 1, 'T': 0, 'V': 4, 'W': 0, 'Y': 1}",,,,1.15,1.13,1.18,,,,0.38,0.41,0.34,,,,0.9,0.9,0.9,,,,0.58,0.58,0.59,,,,0.12,0.12,0.12,,,,1.59,1.5,1.68,,,,"0 hours, 0 minutes, 48 seconds",,EGFR_patchF,relaxed_filters,default_4stage_multimer
EGFRpH_F_l37_s959113_mpnn3,4stage,37,959113,-0.3,"A431,A434,A436",MVAKPMVVPYDNGKHVLTVYPDAENNEIDSVVIKRAE,"B6,B8,B9,B10,B11,B14,B15,B17,B19,B22,B25,B27,B28,B29,B30,B31,B32,B33,B34,B35",1.16,0.45,0.88,0.87,0.88,,,,0.87,0.86,0.88,,,,0.86,0.86,0.87,,,,0.19,0.2,0.18,,,,0.21,0.21,0.2,,,,0.0,0,0,,,,0.0,0,0,,,,0.5,1,0,,,,0.0,0,0,,,,-112.59,-112.49,-112.7,,,,0.53,0.53,0.53,,,,0.69,0.7,0.68,,,,0.68,0.68,0.67,,,,-63.82,-64.1,-63.54,,,,1644.67,1664.8,1624.55,,,,-3.88,-3.85,-3.91,,,,61.82,62.97,60.67,,,,50.0,50.0,50.0,,,,20.0,20,20,,,,11.0,11,11,,,,55.0,55.0,55.0,,,,4.0,4.0,4.0,,,,20.0,20.0,20.0,,,,0.0,0,0,,,,0.0,0,0,,,,0.0,0,0,,,,0.0,0,0,,,,0.0,0,0,,,,0.0,0,0,,,,"{'A': 0.0, 'C': 0.0, 'D': 3.0, 'E': 1.0, 'F': 0.0, 'G': 0.0, 'H': 1.0, 'I': 2.0, 'K': 2.0, 'L': 1.0, 'M': 1.0, 'N': 1.0, 'P': 1.0, 'Q': 0.0, 'R': 1.0, 'S': 1.0, 'T': 0.0, 'V': 4.0, 'W': 0.0, 'Y': 1.0}","{'A': 0, 'C': 0, 'D': 3, 'E': 1, 'F': 0, 'G': 0, 'H': 1, 'I': 2, 'K': 2, 'L': 1, 'M': 1, 'N': 1, 'P': 1, 'Q': 0, 'R': 1, 'S': 1, 'T': 0, 'V': 4, 'W': 0, 'Y': 1}","{'A': 0, 'C': 0, 'D': 3, 'E': 1, 'F': 0, 'G': 0, 'H': 1, 'I': 2, 'K': 2, 'L': 1, 'M': 1, 'N': 1, 'P': 1, 'Q': 0, 'R': 1, 'S': 1, 'T': 0, 'V': 4, 'W': 0, 'Y': 1}",,,,1.14,1.1,1.17,,,,0.39,0.42,0.36,,,,0.9,0.9,0.9,,,,0.57,0.57,0.57,,,,0.12,0.12,0.12,,,,1.7,1.55,1.85,,,,"0 hours, 0 minutes, 49 seconds",,EGFR_patchF,relaxed_filters,default_4stage_multimer
EGFRpH_F_l37_s959113_mpnn4,4stage,37,959113,-0.3,"A431,A434,A436",AVAKPMIVPYDNGKHELIVYPDAENNEIDSVVIKRAE,"B6,B8,B9,B10,B11,B14,B15,B17,B19,B22,B25,B27,B28,B29,B30,B31,B32,B33,B34,B35",1.17,0.45,0.88,0.87,0.88,,,,0.88,0.87,0.88,,,,0.86,0.86,0.87,,,,0.18,0.19,0.18,,,,0.2,0.2,0.19,,,,0.0,0,0,,,,0.0,0,0,,,,0.5,1,0,,,,0.0,0,0,,,,-116.06,-116.45,-115.68,,,,0.54,0.53,0.55,,,,0.69,0.7,0.68,,,,0.69,0.68,0.69,,,,-61.96,-62.18,-61.74,,,,1632.63,1662.25,1603.02,,,,-3.79,-3.74,-3.85,,,,65.05,66.58,63.52,,,,50.0,50.0,50.0,,,,20.0,20,20,,,,11.5,12,11,,,,57.5,60.0,55.0,,,,4.0,4.0,4.0,,,,20.0,20.0,20.0,,,,0.0,0,0,,,,0.0,0,0,,,,0.0,0,0,,,,0.0,0,0,,,,0.0,0,0,,,,0.0,0,0,,,,"{'A': 0.0, 'C': 0.0, 'D': 3.0, 'E': 1.0, 'F': 0.0, 'G': 0.0, 'H': 1.0, 'I': 2.0, 'K': 2.0, 'L': 1.0, 'M': 1.0, 'N': 1.0, 'P': 1.0, 'Q': 0.0, 'R': 1.0, 'S': 1.0, 'T': 0.0, 'V': 4.0, 'W': 0.0, 'Y': 1.0}","{'A': 0, 'C': 0, 'D': 3, 'E': 1, 'F': 0, 'G': 0, 'H': 1, 'I': 2, 'K': 2, 'L': 1, 'M': 1, 'N': 1, 'P': 1, 'Q': 0, 'R': 1, 'S': 1, 'T': 0, 'V': 4, 'W': 0, 'Y': 1}","{'A': 0, 'C': 0, 'D': 3, 'E': 1, 'F': 0, 'G': 0, 'H': 1, 'I': 2, 'K': 2, 'L': 1, 'M': 1, 'N': 1, 'P': 1, 'Q': 0, 'R': 1, 'S': 1, 'T': 0, 'V': 4, 'W': 0, 'Y': 1}",,,,1.36,1.33,1.39,,,,0.37,0.41,0.33,,,,0.9,0.9,0.9,,,,0.58,0.58,0.59,,,,0.12,0.12,0.12,,,,1.75,1.7,1.79,,,,"0 hours, 0 minutes, 49 seconds",,EGFR_patchF,relaxed_filters,default_4stage_multimer
EGFRpH_F_l37_s959113_mpnn5,4stage,37,959113,-0.3,"A431,A434,A436",AEAKPMIVPYDNGKHVLTVYPSAENNEIDSVVIKRAE,"B6,B8,B9,B10,B11,B14,B15,B17,B19,B22,B24,B25,B27,B28,B29,B30,B31,B32,B33,B34,B35",1.17,0.45,0.88,0.87,0.88,,,,0.88,0.87,0.89,,,,0.87,0.86,0.88,,,,0.18,0.19,0.18,,,,0.2,0.21,0.19,,,,0.0,0,0,,,,0.0,0,0,,,,0.0,0,0,,,,0.0,0,0,,,,-103.04,-103.46,-102.63,,,,0.51,0.51,0.51,,,,0.68,0.69,0.66,,,,0.64,0.66,0.62,,,,-56.13,-58.38,-53.88,,,,1651.47,1625.87,1677.08,,,,-3.4,-3.59,-3.21,,,,62.7,60.86,64.53,,,,50.12,52.63,47.62,,,,20.0,19,21,,,,9.0,9,9,,,,45.11,47.37,42.86,,,,4.0,4.0,4.0,,,,20.05,21.05,19.05,,,,0.0,0,0,,,,0.0,0,0,,,,0.0,0,0,,,,0.0,0,0,,,,0.0,0,0,,,,0.0,0,0,,,,"{'A': 0.0, 'C': 0.0, 'D': 2.0, 'E': 1.5, 'F': 0.0, 'G': 0.0, 'H': 1.0, 'I': 2.0, 'K': 2.0, 'L': 1.0, 'M': 1.0, 'N': 0.5, 'P': 1.0, 'Q': 0.0, 'R': 1.0, 'S': 2.0, 'T': 0.0, 'V': 4.0, 'W': 0.0, 'Y': 1.0}","{'A': 0, 'C': 0, 'D': 2, 'E': 1, 'F': 0, 'G': 0, 'H': 1, 'I': 2, 'K': 2, 'L': 1, 'M': 1, 'N': 0, 'P': 1, 'Q': 0, 'R': 1, 'S': 2, 'T': 0, 'V': 4, 'W': 0, 'Y': 1}","{'A': 0, 'C': 0, 'D': 2, 'E': 2, 'F': 0, 'G': 0, 'H': 1, 'I': 2, 'K': 2, 'L': 1, 'M': 1, 'N': 1, 'P': 1, 'Q': 0, 'R': 1, 'S': 2, 'T': 0, 'V': 4, 'W': 0, 'Y': 1}",,,,1.22,1.15,1.29,,,,0.37,0.41,0.33,,,,0.9,0.9,0.9,,,,0.58,0.57,0.59,,,,0.12,0.12,0.12,,,,1.72,1.66,1.78,,,,"0 hours, 0 minutes, 48 seconds",,EGFR_patchF,relaxed_filters,default_4stage_multimer
EGFRpH_F_l37_s959113_mpnn6,4stage,37,959113,-0.3,"A431,A434,A436",MEAKPMIVPYDGGKHLLIVYPDAENNEIDSVVIKRAE,"B6,B8,B9,B10,B11,B14,B15,B17,B19,B22,B25,B27,B28,B29,B30,B31,B32,B33,B34,B35",1.17,0.35,0.89,0.88,0.89,,,,0.88,0.87,0.89,,,,0.87,0.86,0.88,,,,0.18,0.19,0.18,,,,0.2,0.2,0.19,,,,0.0,0,0,,,,0.0,0,0,,,,0.5,1,0,,,,0.0,0,0,,,,-115.37,-115.24,-115.5,,,,0.57,0.56,0.58,,,,0.69,0.68,0.69,,,,0.65,0.66,0.64,,,,-61.75,-62.31,-61.18,,,,1564.57,1581.34,1547.8,,,,-3.95,-3.94,-3.95,,,,62.61,63.76,61.47,,,,50.0,50.0,50.0,,,,20.0,20,20,,,,11.0,12,10,,,,55.0,60.0,50.0,,,,4.0,4.0,4.0,,,,20.0,20.0,20.0,,,,0.0,0,0,,,,0.0,0,0,,,,0.0,0,0,,,,0.0,0,0,,,,0.0,0,0,,,,0.0,0,0,,,,"{'A': 0.0, 'C': 0.0, 'D': 3.0, 'E': 1.0, 'F': 0.0, 'G': 0.0, 'H': 1.0, 'I': 2.0, 'K': 2.0, 'L': 1.0, 'M': 1.0, 'N': 1.0, 'P': 1.0, 'Q': 0.0, 'R': 1.0, 'S': 1.0, 'T': 0.0, 'V': 4.0, 'W': 0.0, 'Y': 1.0}","{'A': 0, 'C': 0, 'D': 3, 'E': 1, 'F': 0, 'G': 0, 'H': 1, 'I': 2, 'K': 2, 'L': 1, 'M': 1, 'N': 1, 'P': 1, 'Q': 0, 'R': 1, 'S': 1, 'T': 0, 'V': 4, 'W': 0, 'Y': 1}","{'A': 0, 'C': 0, 'D': 3, 'E': 1, 'F': 0, 'G': 0, 'H': 1, 'I': 2, 'K': 2, 'L': 1, 'M': 1, 'N': 1, 'P': 1, 'Q': 0, 'R': 1, 'S': 1, 'T': 0, 'V': 4, 'W': 0, 'Y': 1}",,,,1.4,1.42,1.37,,,,0.38,0.42,0.34,,,,0.92,0.92,0.91,,,,0.6,0.6,0.6,,,,0.11,0.11,0.11,,,,1.77,1.7,1.84,,,,"0 hours, 0 minutes, 48 seconds",,EGFR_patchF,relaxed_filters,default_4stage_multimer
EGFRpH_F_l37_s959113_mpnn7,4stage,37,959113,-0.3,"A431,A434,A436",MEAKPMIVPYDNGKHLLIVYPAAENNEIDSVVIKRSE,"B6,B8,B9,B10,B11,B14,B15,B17,B19,B22,B27,B28,B29,B30,B31,B32,B33,B34,B35",1.18,0.4,0.87,0.86,0.88,,,,0.88,0.87,0.88,,,,0.86,0.85,0.87,,,,0.19,0.2,0.18,,,,0.21,0.22,0.19,,,,0.0,0,0,,,,0.0,0,0,,,,0.0,0,0,,,,0.0,0,0,,,,-108.59,-104.1,-113.09,,,,0.57,0.57,0.57,,,,0.71,0.71,0.71,,,,0.71,0.73,0.68,,,,-58.6,-59.98,-57.22,,,,1589.14,1629.65,1548.63,,,,-3.69,-3.68,-3.7,,,,60.56,61.2,59.93,,,,57.89,57.89,57.89,,,,19.0,19,19,,,,10.0,10,10,,,,52.63,52.63,52.63,,,,4.0,4.0,4.0,,,,21.05,21.05,21.05,,,,0.0,0,0,,,,0.0,0,0,,,,0.0,0,0,,,,0.0,0,0,,,,0.0,0,0,,,,0.0,0,0,,,,"{'A': 1.0, 'C': 0.0, 'D': 2.0, 'E': 1.0, 'F': 0.0, 'G': 0.0, 'H': 1.0, 'I': 2.0, 'K': 2.0, 'L': 1.0, 'M': 1.0, 'N': 0.0, 'P': 1.0, 'Q': 0.0, 'R': 1.0, 'S': 1.0, 'T': 0.0, 'V': 4.0, 'W': 0.0, 'Y': 1.0}","{'A': 1, 'C': 0, 'D': 2, 'E': 1, 'F': 0, 'G': 0, 'H': 1, 'I': 2, 'K': 2, 'L': 1, 'M': 1, 'N': 0, 'P': 1, 'Q': 0, 'R': 1, 'S': 1, 'T': 0, 'V': 4, 'W': 0, 'Y': 1}","{'A': 1, 'C': 0, 'D': 2, 'E': 1, 'F': 0, 'G': 0, 'H': 1, 'I': 2, 'K': 2, 'L': 1, 'M': 1, 'N': 0, 'P': 1, 'Q': 0, 'R': 1, 'S': 1, 'T': 0, 'V': 4, 'W': 0, 'Y': 1}",,,,1.13,1.08,1.18,,,,0.39,0.43,0.35,,,,0.89,0.89,0.89,,,,0.58,0.57,0.59,,,,0.13,0.13,0.13,,,,2.12,2.3,1.94,,,,"0 hours, 0 minutes, 48 seconds",,EGFR_patchF,relaxed_filters,default_4stage_multimer
EGFRpH_F_l37_s959113_mpnn8,4stage,37,959113,-0.3,"A431,A434,A436",AVAEPMVVPYDNGKHVLTVYPSAEGNEIDSVVIKRAE,"B6,B8,B9,B10,B11,B14,B15,B17,B19,B22,B24,B27,B28,B29,B30,B31,B32,B33,B34,B35",1.18,0.5,0.89,0.88,0.89,,,,0.88,0.87,0.89,,,,0.88,0.87,0.88,,,,0.18,0.19,0.17,,,,0.19,0.2,0.18,,,,0.0,0,0,,,,0.0,0,0,,,,0.0,0,0,,,,0.0,0,0,,,,-109.28,-107.6,-110.96,,,,0.56,0.56,0.56,,,,0.66,0.63,0.68,,,,0.64,0.65,0.63,,,,-53.75,-51.01,-56.49,,,,1619.99,1600.63,1639.34,,,,-3.32,-3.19,-3.45,,,,64.0,62.04,65.97,,,,51.31,52.63,50.0,,,,19.5,19,20,,,,9.0,9,9,,,,46.19,47.37,45.0,,,,4.0,4.0,4.0,,,,20.52,21.05,20.0,,,,0.0,0,0,,,,0.0,0,0,,,,0.0,0,0,,,,0.0,0,0,,,,0.0,0,0,,,,0.0,0,0,,,,"{'A': 0.0, 'C': 0.0, 'D': 2.0, 'E': 1.5, 'F': 0.0, 'G': 0.0, 'H': 1.0, 'I': 2.0, 'K': 2.0, 'L': 1.0, 'M': 1.0, 'N': 0.0, 'P': 1.0, 'Q': 0.0, 'R': 1.0, 'S': 2.0, 'T': 0.0, 'V': 4.0, 'W': 0.0, 'Y': 1.0}","{'A': 0, 'C': 0, 'D': 2, 'E': 1, 'F': 0, 'G': 0, 'H': 1, 'I': 2, 'K': 2, 'L': 1, 'M': 1, 'N': 0, 'P': 1, 'Q': 0, 'R': 1, 'S': 2, 'T': 0, 'V': 4, 'W': 0, 'Y': 1}","{'A': 0, 'C': 0, 'D': 2, 'E': 2, 'F': 0, 'G': 0, 'H': 1, 'I': 2, 'K': 2, 'L': 1, 'M': 1, 'N': 0, 'P': 1, 'Q': 0, 'R': 1, 'S': 2, 'T': 0, 'V': 4, 'W': 0, 'Y': 1}",,,,1.21,1.15,1.26,,,,0.37,0.4,0.34,,,,0.92,0.92,0.92,,,,0.6,0.59,0.61,,,,0.11,0.11,0.11,,,,1.85,1.79,1.91,,,,"0 hours, 0 minutes, 46 seconds",,EGFR_patchF,relaxed_filters,default_4stage_multimer
EGFRpH_F_l37_s959113_mpnn9,4stage,37,959113,-0.3,"A431,A434,A436",AVAEPMVVPYDNGKHQLIVYPDAENNEIDSVVIKRAE,"B6,B8,B9,B10,B11,B14,B15,B17,B19,B22,B25,B27,B28,B29,B30,B31,B32,B33,B34,B35",1.19,0.55,0.88,0.87,0.88,,,,0.88,0.87,0.88,,,,0.86,0.86,0.87,,,,0.18,0.19,0.18,,,,0.2,0.2,0.19,,,,0.0,0,0,,,,0.0,0,0,,,,0.5,1,0,,,,0.0,0,0,,,,-112.97,-112.76,-113.18,,,,0.54,0.53,0.55,,,,0.69,0.69,0.7,,,,0.65,0.62,0.67,,,,-61.75,-62.3,-61.2,,,,1598.26,1617.95,1578.58,,,,-3.87,-3.85,-3.88,,,,63.32,62.61,64.03,,,,50.0,50.0,50.0,,,,20.0,20,20,,,,10.5,11,10,,,,52.5,55.0,50.0,,,,4.0,4.0,4.0,,,,20.0,20.0,20.0,,,,0.0,0,0,,,,0.0,0,0,,,,0.0,0,0,,,,0.0,0,0,,,,0.0,0,0,,,,0.0,0,0,,,,"{'A': 0.0, 'C': 0.0, 'D': 3.0, 'E': 1.0, 'F': 0.0, 'G': 0.0, 'H': 1.0, 'I': 2.0, 'K': 2.0, 'L': 1.0, 'M': 1.0, 'N': 1.0, 'P': 1.0, 'Q': 0.0, 'R': 1.0, 'S': 1.0, 'T': 0.0, 'V': 4.0, 'W': 0.0, 'Y': 1.0}","{'A': 0, 'C': 0, 'D': 3, 'E': 1, 'F': 0, 'G': 0, 'H': 1, 'I': 2, 'K': 2, 'L': 1, 'M': 1, 'N': 1, 'P': 1, 'Q': 0, 'R': 1, 'S': 1, 'T': 0, 'V': 4, 'W': 0, 'Y': 1}","{'A': 0, 'C': 0, 'D': 3, 'E': 1, 'F': 0, 'G': 0, 'H': 1, 'I': 2, 'K': 2, 'L': 1, 'M': 1, 'N': 1, 'P': 1, 'Q': 0, 'R': 1, 'S': 1, 'T': 0, 'V': 4, 'W': 0, 'Y': 1}",,,,1.37,1.33,1.41,,,,0.38,0.41,0.34,,,,0.91,0.91,0.91,,,,0.6,0.59,0.61,,,,0.11,0.11,0.11,,,,1.83,1.84,1.82,,,,"0 hours, 0 minutes, 46 seconds",,EGFR_patchF,relaxed_filters,default_4stage_multimer
EGFRpH_F_l37_s959113_mpnn10,4stage,37,959113,-0.3,"A431,A434,A436",AVAKPMVVPYDNGKHTLTVYPAAEGNEIDSVVIKRSE,"B6,B8,B9,B10,B11,B14,B15,B17,B19,B22,B27,B28,B29,B30,B31,B32,B33,B34,B35",1.19,0.45,0.86,0.86,0.87,,,,0.88,0.87,0.88,,,,0.85,0.85,0.86,,,,0.2,0.2,0.19,,,,0.21,0.22,0.2,,,,0.0,0,0,,,,0.0,0,0,,,,0.0,0,0,,,,0.0,0,0,,,,-105.41,-107.36,-103.45,,,,0.56,0.56,0.57,,,,0.69,0.67,0.7,,,,0.68,0.65,0.7,,,,-55.53,-56.35,-54.71,,,,1638.33,1639.62,1637.04,,,,-3.39,-3.44,-3.34,,,,60.97,61.65,60.28,,,,56.73,55.56,57.89,,,,18.5,18,19,,,,9.0,9,9,,,,48.69,50.0,47.37,,,,4.5,4.0,5.0,,,,24.27,22.22,26.32,,,,0.0,0,0,,,,0.0,0,0,,,,0.0,0,0,,,,0.0,0,0,,,,0.0,0,0,,,,0.0,0,0,,,,"{'A': 0.5, 'C': 0.0, 'D': 2.0, 'E': 1.0, 'F': 0.0, 'G': 0.0, 'H': 1.0, 'I': 2.0, 'K': 2.0, 'L': 1.0, 'M': 1.0, 'N': 0.0, 'P': 1.0, 'Q': 0.0, 'R': 1.0, 'S': 1.0, 'T': 0.0, 'V': 4.0, 'W': 0.0, 'Y': 1.0}","{'A': 0, 'C': 0, 'D': 2, 'E': 1, 'F': 0, 'G': 0, 'H': 1, 'I': 2, 'K': 2, 'L': 1, 'M': 1, 'N': 0, 'P': 1, 'Q': 0, 'R': 1, 'S': 1, 'T': 0, 'V': 4, 'W': 0, 'Y': 1}","{'A': 1, 'C': 0, 'D': 2, 'E': 1, 'F': 0, 'G': 0, 'H': 1, 'I': 2, 'K': 2, 'L': 1, 'M': 1, 'N': 0, 'P': 1, 'Q': 0, 'R': 1, 'S': 1, 'T': 0, 'V': 4, 'W': 0, 'Y': 1}",,,,0.98,0.93,1.03,,,,0.37,0.41,0.33,,,,0.86,0.89,0.84,,,,0.52,0.57,0.48,,,,0.15,0.14,0.16,,,,4.08,2.22,5.93,,,,"0 hours, 0 minutes, 43 seconds",,EGFR_patchF,relaxed_filters,default_4stage_multimer
EGFRpH_F_l37_s959113_mpnn11,4stage,37,959113,-0.3,"A431,A434,A436",PVATPMVVPYDNGKHVLTVYPSAVNNEIDSVVIKRAE,"B6,B8,B9,B10,B11,B14,B15,B17,B19,B25,B27,B28,B29,B30,B31,B32,B33,B34,B35",1.2,0.5,0.86,0.85,0.87,,,,0.88,0.87,0.88,,,,0.85,0.85,0.86,,,,0.2,0.21,0.19,,,,0.21,0.22,0.2,,,,0.0,0,0,,,,0.0,0,0,,,,0.0,0,0,,,,0.0,0,0,,,,-111.35,-112.09,-110.61,,,,0.57,0.58,0.57,,,,0.69,0.67,0.7,,,,0.62,0.61,0.64,,,,-58.19,-59.46,-56.92,,,,1603.47,1686.48,1520.47,,,,-3.63,-3.53,-3.74,,,,63.41,65.8,61.02,,,,52.63,52.63,52.63,,,,19.0,19,19,,,,8.0,8,8,,,,42.11,42.11,42.11,,,,3.5,4.0,3.0,,,,18.42,21.05,15.79,,,,0.0,0,0,,,,0.0,0,0,,,,0.0,0,0,,,,0.0,0,0,,,,0.0,0,0,,,,0.0,0,0,,,,"{'A': 0.0, 'C': 0.0, 'D': 2.0, 'E': 1.0, 'F': 0.0, 'G': 0.0, 'H': 1.0, 'I': 2.0, 'K': 2.0, 'L': 1.0, 'M': 1.0, 'N': 0.5, 'P': 1.0, 'Q': 0.0, 'R': 1.0, 'S': 1.5, 'T': 0.0, 'V': 4.0, 'W': 0.0, 'Y': 1.0}","{'A': 0, 'C': 0, 'D': 2, 'E': 1, 'F': 0, 'G': 0, 'H': 1, 'I': 2, 'K': 2, 'L': 1, 'M': 1, 'N': 0, 'P': 1, 'Q': 0, 'R': 1, 'S': 2, 'T': 0, 'V': 4, 'W': 0, 'Y': 1}","{'A': 0, 'C': 0, 'D': 2, 'E': 1, 'F': 0, 'G': 0, 'H': 1, 'I': 2, 'K': 2, 'L': 1, 'M': 1, 'N': 1, 'P': 1, 'Q': 0, 'R': 1, 'S': 1, 'T': 0, 'V': 4, 'W': 0, 'Y': 1}",,,,1.24,1.16,1.32,,,,0.38,0.41,0.35,,,,0.65,0.59,0.71,,,,0.3,0.24,0.36,,,,0.3,0.36,0.25,,,,3.87,2.39,5.35,,,,"0 hours, 0 minutes, 46 seconds",,EGFR_patchF,relaxed_filters,default_4stage_multimer
EGFRpH_F_l37_s959113_mpnn12,4stage,37,959113,-0.3,"A431,A434,A436",MEAKDMVVPYDNGKHLLIVHPDAENNEIDSVVIKRAP,"B6,B8,B9,B10,B11,B14,B15,B17,B19,B22,B24,B25,B27,B28,B29,B30,B31,B32,B33,B34,B35",1.2,0.4,0.88,0.87,0.88,,,,0.88,0.87,0.88,,,,0.86,0.85,0.87,,,,0.19,0.2,0.18,,,,0.2,0.21,0.19,,,,0.0,0,0,,,,0.0,0,0,,,,0.5,1,0,,,,0.0,0,0,,,,-113.09,-112.89,-113.3,,,,0.51,0.51,0.5,,,,0.7,0.71,0.7,,,,0.66,0.65,0.66,,,,-61.45,-61.68,-61.22,,,,1657.28,1626.41,1688.15,,,,-3.71,-3.79,-3.63,,,,66.8,66.63,66.97,,,,48.81,50.0,47.62,,,,20.5,20,21,,,,12.5,13,12,,,,61.07,65.0,57.14,,,,4.0,4.0,4.0,,,,19.52,20.0,19.05,,,,0.0,0,0,,,,0.0,0,0,,,,0.0,0,0,,,,0.0,0,0,,,,0.0,0,0,,,,0.0,0,0,,,,"{'A': 0.0, 'C': 0.0, 'D': 3.0, 'E': 1.5, 'F': 0.0, 'G': 0.0, 'H': 1.0, 'I': 2.0, 'K': 2.0, 'L': 1.0, 'M': 1.0, 'N': 1.0, 'P': 1.0, 'Q': 0.0, 'R': 1.0, 'S': 1.0, 'T': 0.0, 'V': 4.0, 'W': 0.0, 'Y': 1.0}","{'A': 0, 'C': 0, 'D': 3, 'E': 1, 'F': 0, 'G': 0, 'H': 1, 'I': 2, 'K': 2, 'L': 1, 'M': 1, 'N': 1, 'P': 1, 'Q': 0, 'R': 1, 'S': 1, 'T': 0, 'V': 4, 'W': 0, 'Y': 1}","{'A': 0, 'C': 0, 'D': 3, 'E': 2, 'F': 0, 'G': 0, 'H': 1, 'I': 2, 'K': 2, 'L': 1, 'M': 1, 'N': 1, 'P': 1, 'Q': 0, 'R': 1, 'S': 1, 'T': 0, 'V': 4, 'W': 0, 'Y': 1}",,,,1.11,1.1,1.12,,,,0.38,0.42,0.35,,,,0.91,0.91,0.91,,,,0.59,0.58,0.6,,,,0.11,0.11,0.11,,,,1.61,1.6,1.63,,,,"0 hours, 0 minutes, 47 seconds",,EGFR_patchF,relaxed_filters,default_4stage_multimer
EGFRpH_F_l37_s959113_mpnn13,4stage,37,959113,-0.3,"A431,A434,A436",MVAEPMVVPYDNGKHELIVYPSAENNEIDSVVIKRAE,"B6,B8,B9,B10,B11,B14,B15,B17,B19,B25,B27,B28,B29,B30,B31,B32,B33,B34,B35",1.21,0.5,0.86,0.85,0.87,,,,0.88,0.87,0.88,,,,0.85,0.85,0.86,,,,0.2,0.21,0.19,,,,0.21,0.22,0.2,,,,0.0,0,0,,,,0.0,0,0,,,,0.5,1,0,,,,0.0,0,0,,,,-108.97,-106.32,-111.62,,,,0.55,0.56,0.54,,,,0.69,0.69,0.7,,,,0.66,0.63,0.68,,,,-62.27,-63.12,-61.41,,,,1622.94,1696.91,1548.97,,,,-3.84,-3.72,-3.96,,,,63.17,65.82,60.52,,,,51.31,50.0,52.63,,,,20.5,22,19,,,,9.5,10,9,,,,46.41,45.45,47.37,,,,4.5,4.0,5.0,,,,22.25,18.18,26.32,,,,0.0,0,0,,,,0.0,0,0,,,,0.0,0,0,,,,0.0,0,0,,,,0.0,0,0,,,,0.0,0,0,,,,"{'A': 0.5, 'C': 0.0, 'D': 2.0, 'E': 1.5, 'F': 0.0, 'G': 0.0, 'H': 1.0, 'I': 2.0, 'K': 2.0, 'L': 1.0, 'M': 1.0, 'N': 1.0, 'P': 1.0, 'Q': 0.0, 'R': 1.0, 'S': 1.5, 'T': 0.0, 'V': 4.0, 'W': 0.0, 'Y': 1.0}","{'A': 1, 'C': 0, 'D': 2, 'E': 2, 'F': 0, 'G': 0, 'H': 1, 'I': 2, 'K': 2, 'L': 1, 'M': 1, 'N': 1, 'P': 1, 'Q': 0, 'R': 1, 'S': 2, 'T': 0, 'V': 4, 'W': 0, 'Y': 1}","{'A': 0, 'C': 0, 'D': 2, 'E': 1, 'F': 0, 'G': 0, 'H': 1, 'I': 2, 'K': 2, 'L': 1, 'M': 1, 'N': 1, 'P': 1, 'Q': 0, 'R': 1, 'S': 1, 'T': 0, 'V': 4, 'W': 0, 'Y': 1}",,,,1.17,1.06,1.28,,,,0.38,0.41,0.35,,,,0.9,0.89,0.9,,,,0.57,0.56,0.59,,,,0.12,0.13,0.12,,,,1.91,1.83,1.98,,,,"0 hours, 0 minutes, 47 seconds",,EGFR_patchF,relaxed_filters,default_4stage_multimer
EGFRpH_F_l37_s959113_mpnn14,4stage,37,959113,-0.3,"A431,A434,A436",MVAEPMVVPYDGGKHLLIVHPSAENNEIDSVVIKRAE,"B6,B8,B9,B10,B11,B15,B17,B19,B22,B24,B25,B27,B28,B29,B30,B31,B32,B33,B34,B35",1.22,0.4,0.86,0.86,0.87,,,,0.88,0.87,0.88,,,,0.86,0.85,0.87,,,,0.19,0.2,0.18,,,,0.21,0.22,0.2,,,,0.0,0,0,,,,0.0,0,0,,,,0.0,0,0,,,,0.0,0,0,,,,-107.53,-105.28,-109.78,,,,0.58,0.58,0.58,,,,0.69,0.67,0.71,,,,0.68,0.69,0.67,,,,-58.58,-60.07,-57.08,,,,1618.58,1643.16,1594.0,,,,-3.62,-3.66,-3.58,,,,64.75,65.52,63.97,,,,50.0,50.0,50.0,,,,20.0,20,20,,,,8.5,8,9,,,,42.5,40.0,45.0,,,,4.5,5.0,4.0,,,,22.5,25.0,20.0,,,,0.0,0,0,,,,0.0,0,0,,,,0.0,0,0,,,,0.0,0,0,,,,0.0,0,0,,,,0.0,0,0,,,,"{'A': 0.0, 'C': 0.0, 'D': 2.0, 'E': 2.0, 'F': 0.0, 'G': 0.0, 'H': 1.0, 'I': 2.0, 'K': 1.0, 'L': 1.0, 'M': 1.0, 'N': 1.0, 'P': 1.0, 'Q': 0.0, 'R': 1.0, 'S': 2.0, 'T': 0.0, 'V': 4.0, 'W': 0.0, 'Y': 1.0}","{'A': 0, 'C': 0, 'D': 2, 'E': 2, 'F': 0, 'G': 0, 'H': 1, 'I': 2, 'K': 1, 'L': 1, 'M': 1, 'N': 1, 'P': 1, 'Q': 0, 'R': 1, 'S': 2, 'T': 0, 'V': 4, 'W': 0, 'Y': 1}","{'A': 0, 'C': 0, 'D': 2, 'E': 2, 'F': 0, 'G': 0, 'H': 1, 'I': 2, 'K': 1, 'L': 1, 'M': 1, 'N': 1, 'P': 1, 'Q': 0, 'R': 1, 'S': 2, 'T': 0, 'V': 4, 'W': 0, 'Y': 1}",,,,1.18,1.17,1.19,,,,0.38,0.42,0.35,,,,0.91,0.91,0.91,,,,0.6,0.59,0.61,,,,0.11,0.12,0.11,,,,1.69,1.59,1.79,,,,"0 hours, 0 minutes, 47 seconds",,EGFR_patchF,relaxed_filters,default_4stage_multimer
EGFRpH_F_l37_s959113_mpnn15,4stage,37,959113,-0.3,"A431,A434,A436",AVAEPMVVPYDNGKHELIVYPSAENNEIDSVVIKRAK,"B6,B8,B9,B10,B11,B14,B15,B17,B19,B22,B25,B27,B28,B29,B30,B31,B32,B33,B34,B35",1.23,0.55,0.86,0.86,0.87,,,,0.88,0.87,0.88,,,,0.86,0.85,0.87,,,,0.19,0.2,0.18,,,,0.21,0.22,0.2,,,,0.0,0,0,,,,0.0,0,0,,,,0.5,1,0,,,,0.0,0,0,,,,-109.73,-109.35,-110.12,,,,0.54,0.54,0.54,,,,0.7,0.7,0.7,,,,0.65,0.66,0.63,,,,-57.67,-58.04,-57.3,,,,1602.05,1632.84,1571.26,,,,-3.6,-3.55,-3.65,,,,61.85,62.6,61.1,,,,50.0,50.0,50.0,,,,20.0,20,20,,,,8.5,9,8,,,,42.5,45.0,40.0,,,,4.0,4.0,4.0,,,,20.0,20.0,20.0,,,,0.0,0,0,,,,0.0,0,0,,,,0.0,0,0,,,,0.0,0,0,,,,0.0,0,0,,,,0.0,0,0,,,,"{'A': 0.0, 'C': 0.0, 'D': 2.0, 'E': 1.0, 'F': 0.0, 'G': 0.0, 'H': 1.0, 'I': 2.0, 'K': 2.0, 'L': 1.0, 'M': 1.0, 'N': 1.0, 'P': 1.0, 'Q': 0.0, 'R': 1.0, 'S': 2.0, 'T': 0.0, 'V': 4.0, 'W': 0.0, 'Y': 1.0}","{'A': 0, 'C': 0, 'D': 2, 'E': 1, 'F': 0, 'G': 0, 'H': 1, 'I': 2, 'K': 2, 'L': 1, 'M': 1, 'N': 1, 'P': 1, 'Q': 0, 'R': 1, 'S': 2, 'T': 0, 'V': 4, 'W': 0, 'Y': 1}","{'A': 0, 'C': 0, 'D': 2, 'E': 1, 'F': 0, 'G': 0, 'H': 1, 'I': 2, 'K': 2, 'L': 1, 'M': 1, 'N': 1, 'P': 1, 'Q': 0, 'R': 1, 'S': 2, 'T': 0, 'V': 4, 'W': 0, 'Y': 1}",,,,1.24,1.18,1.3,,,,0.38,0.41,0.35,,,,0.89,0.89,0.89,,,,0.57,0.56,0.59,,,,0.12,0.13,0.12,,,,1.85,1.83,1.88,,,,"0 hours, 0 minutes, 46 seconds",,EGFR_patchF,relaxed_filters,default_4stage_multimer
EGFRpH_F_l37_s959113_mpnn16,4stage,37,959113,-0.3,"A431,A434,A436",PVAKPMVVPYDNGKHLLIVHPDAENNEIDSVVIKRAE,"B6,B8,B9,B10,B11,B14,B15,B17,B19,B22,B25,B27,B28,B29,B30,B31,B32,B33,B34,B35",1.23,0.4,0.88,0.87,0.88,,,,0.88,0.87,0.88,,,,0.86,0.86,0.87,,,,0.19,0.2,0.18,,,,0.2,0.21,0.19,,,,0.0,0,0,,,,0.0,0,0,,,,0.0,0,0,,,,0.0,0,0,,,,-118.47,-116.18,-120.75,,,,0.54,0.53,0.55,,,,0.69,0.7,0.68,,,,0.67,0.68,0.66,,,,-56.69,-54.84,-58.53,,,,1576.52,1617.92,1535.12,,,,-3.6,-3.39,-3.81,,,,63.44,66.16,60.71,,,,48.81,47.62,50.0,,,,20.5,21,20,,,,9.0,10,8,,,,43.81,47.62,40.0,,,,4.5,4.0,5.0,,,,22.02,19.05,25.0,,,,0.0,0,0,,,,0.0,0,0,,,,0.0,0,0,,,,0.0,0,0,,,,0.0,0,0,,,,0.0,0,0,,,,"{'A': 0.0, 'C': 0.0, 'D': 3.0, 'E': 1.5, 'F': 0.0, 'G': 0.0, 'H': 1.0, 'I': 2.0, 'K': 2.0, 'L': 1.0, 'M': 1.0, 'N': 1.0, 'P': 1.0, 'Q': 0.0, 'R': 1.0, 'S': 1.0, 'T': 0.0, 'V': 4.0, 'W': 0.0, 'Y': 1.0}","{'A': 0, 'C': 0, 'D': 3, 'E': 2, 'F': 0, 'G': 0, 'H': 1, 'I': 2, 'K': 2, 'L': 1, 'M': 1, 'N': 1, 'P': 1, 'Q': 0, 'R': 1, 'S': 1, 'T': 0, 'V': 4, 'W': 0, 'Y': 1}","{'A': 0, 'C': 0, 'D': 3, 'E': 1, 'F': 0, 'G': 0, 'H': 1, 'I': 2, 'K': 2, 'L': 1, 'M': 1, 'N': 1, 'P': 1, 'Q': 0, 'R': 1, 'S': 1, 'T': 0, 'V': 4, 'W': 0, 'Y': 1}",,,,1.29,1.26,1.32,,,,0.38,0.41,0.34,,,,0.91,0.91,0.9,,,,0.58,0.58,0.59,,,,0.12,0.12,0.12,,,,1.62,1.61,1.63,,,,"0 hours, 0 minutes, 46 seconds",,EGFR_patchF,relaxed_filters,default_4stage_multimer
EGFRpH_F_l37_s959113_mpnn17,4stage,37,959113,-0.3,"A431,A434,A436",AEAKPMIVPYDNGKHLLTVYPSAENNEIDSVVIKRSE,"B6,B8,B9,B10,B11,B15,B17,B19,B28,B29,B30,B31,B32,B33,B34,B35",1.24,0.4,0.87,0.86,0.88,,,,0.88,0.87,0.89,,,,0.86,0.86,0.87,,,,0.19,0.2,0.18,,,,0.2,0.21,0.19,,,,0.0,0,0,,,,0.0,0,0,,,,0.0,0,0,,,,0.0,0,0,,,,-103.2,-104.97,-101.44,,,,0.5,0.5,0.5,,,,0.68,0.67,0.68,,,,0.64,0.63,0.65,,,,-55.22,-59.88,-50.56,,,,1600.99,1680.06,1521.91,,,,-3.44,-3.56,-3.32,,,,59.59,61.96,57.22,,,,56.25,50.0,62.5,,,,18.0,20,16,,,,8.0,9,7,,,,44.38,45.0,43.75,,,,4.5,4.0,5.0,,,,25.62,20.0,31.25,,,,0.0,0,0,,,,0.0,0,0,,,,0.0,0,0,,,,0.0,0,0,,,,0.0,0,0,,,,0.0,0,0,,,,"{'A': 0.0, 'C': 0.0, 'D': 2.0, 'E': 0.5, 'F': 0.0, 'G': 0.0, 'H': 1.0, 'I': 2.0, 'K': 1.5, 'L': 1.0, 'M': 1.0, 'N': 0.5, 'P': 1.0, 'Q': 0.0, 'R': 1.0, 'S': 1.5, 'T': 0.0, 'V': 4.0, 'W': 0.0, 'Y': 1.0}","{'A': 0, 'C': 0, 'D': 2, 'E': 1, 'F': 0, 'G': 0, 'H': 1, 'I': 2, 'K': 2, 'L': 1, 'M': 1, 'N': 1, 'P': 1, 'Q': 0, 'R': 1, 'S': 2, 'T': 0, 'V': 4, 'W': 0, 'Y': 1}","{'A': 0, 'C': 0, 'D': 2, 'E': 0, 'F': 0, 'G': 0, 'H': 1, 'I': 2, 'K': 1, 'L': 1, 'M': 1, 'N': 0, 'P': 1, 'Q': 0, 'R': 1, 'S': 1, 'T': 0, 'V': 4, 'W': 0, 'Y': 1}",,,,1.19,1.17,1.22,,,,0.38,0.41,0.34,,,,0.84,0.84,0.85,,,,0.53,0.51,0.55,,,,0.15,0.16,0.15,,,,2.73,2.73,2.72,,,,"0 hours, 0 minutes, 46 seconds",,EGFR_patchF,relaxed_filters,default_4stage_multimer
EGFRpH_F_l37_s959113_mpnn18,4stage,37,959113,-0.3,"A431,A434,A436",AVAKPMVVPYDNGKHVLTVHPDAENNEIDSVVIKRAE,"B6,B8,B9,B10,B11,B14,B15,B17,B19,B25,B27,B28,B29,B30,B31,B32,B33,B34,B35",1.24,0.45,0.88,0.87,0.88,,,,0.88,0.87,0.88,,,,0.86,0.86,0.87,,,,0.18,0.19,0.18,,,,0.21,0.21,0.2,,,,0.0,0,0,,,,0.0,0,0,,,,0.0,0,0,,,,0.0,0,0,,,,-106.18,-109.32,-103.04,,,,0.51,0.5,0.51,,,,0.7,0.72,0.68,,,,0.69,0.63,0.75,,,,-60.17,-63.26,-57.08,,,,1617.38,1698.18,1536.58,,,,-3.71,-3.72,-3.71,,,,60.88,64.34,57.41,,,,50.12,47.62,52.63,,,,20.0,21,19,,,,9.5,11,8,,,,47.25,52.38,42.11,,,,4.0,4.0,4.0,,,,20.05,19.05,21.05,,,,0.0,0,0,,,,0.0,0,0,,,,0.0,0,0,,,,0.0,0,0,,,,0.0,0,0,,,,0.0,0,0,,,,"{'A': 0.0, 'C': 0.0, 'D': 2.5, 'E': 1.5, 'F': 0.0, 'G': 0.0, 'H': 1.0, 'I': 2.0, 'K': 2.0, 'L': 1.0, 'M': 1.0, 'N': 1.0, 'P': 1.0, 'Q': 0.0, 'R': 1.0, 'S': 1.0, 'T': 0.0, 'V': 4.0, 'W': 0.0, 'Y': 1.0}","{'A': 0, 'C': 0, 'D': 3, 'E': 2, 'F': 0, 'G': 0, 'H': 1, 'I': 2, 'K': 2, 'L': 1, 'M': 1, 'N': 1, 'P': 1, 'Q': 0, 'R': 1, 'S': 1, 'T': 0, 'V': 4, 'W': 0, 'Y': 1}","{'A': 0, 'C': 0, 'D': 2, 'E': 1, 'F': 0, 'G': 0, 'H': 1, 'I': 2, 'K': 2, 'L': 1, 'M': 1, 'N': 1, 'P': 1, 'Q': 0, 'R': 1, 'S': 1, 'T': 0, 'V': 4, 'W': 0, 'Y': 1}",,,,1.19,1.15,1.22,,,,0.38,0.41,0.34,,,,0.91,0.91,0.9,,,,0.57,0.57,0.58,,,,0.12,0.12,0.12,,,,1.66,1.57,1.74,,,,"0 hours, 0 minutes, 41 seconds",,EGFR_patchF,relaxed_filters,default_4stage_multimer
EGFRpH_F_l37_s959113_mpnn19,4stage,37,959113,-0.3,"A431,A434,A436",AAAEPMVVPYDNGKHVLIVHPAAEGGEIDSVVIKRSE,"B6,B8,B9,B10,B11,B14,B15,B17,B19,B22,B27,B28,B29,B30,B31,B32,B33,B34,B35",1.24,0.4,0.86,0.86,0.87,,,,0.88,0.87,0.88,,,,0.86,0.86,0.87,,,,0.2,0.21,0.19,,,,0.21,0.22,0.2,,,,0.0,0,0,,,,0.0,0,0,,,,0.0,0,0,,,,0.0,0,0,,,,-109.91,-107.5,-112.31,,,,0.63,0.63,0.63,,,,0.69,0.68,0.7,,,,0.64,0.59,0.69,,,,-58.92,-61.65,-56.19,,,,1593.07,1617.61,1568.52,,,,-3.7,-3.81,-3.58,,,,64.73,66.75,62.72,,,,57.89,57.89,57.89,,,,19.0,19,19,,,,9.5,9,10,,,,50.0,47.37,52.63,,,,5.0,5.0,5.0,,,,26.32,26.32,26.32,,,,0.0,0,0,,,,0.0,0,0,,,,0.0,0,0,,,,0.0,0,0,,,,0.0,0,0,,,,0.0,0,0,,,,"{'A': 1.0, 'C': 0.0, 'D': 2.0, 'E': 1.0, 'F': 0.0, 'G': 0.0, 'H': 1.0, 'I': 2.0, 'K': 2.0, 'L': 1.0, 'M': 1.0, 'N': 0.0, 'P': 1.0, 'Q': 0.0, 'R': 1.0, 'S': 1.0, 'T': 0.0, 'V': 4.0, 'W': 0.0, 'Y': 1.0}","{'A': 1, 'C': 0, 'D': 2, 'E': 1, 'F': 0, 'G': 0, 'H': 1, 'I': 2, 'K': 2, 'L': 1, 'M': 1, 'N': 0, 'P': 1, 'Q': 0, 'R': 1, 'S': 1, 'T': 0, 'V': 4, 'W': 0, 'Y': 1}","{'A': 1, 'C': 0, 'D': 2, 'E': 1, 'F': 0, 'G': 0, 'H': 1, 'I': 2, 'K': 2, 'L': 1, 'M': 1, 'N': 0, 'P': 1, 'Q': 0, 'R': 1, 'S': 1, 'T': 0, 'V': 4, 'W': 0, 'Y': 1}",,,,1.1,1.08,1.12,,,,0.38,0.41,0.34,,,,0.89,0.88,0.89,,,,0.58,0.57,0.6,,,,0.14,0.14,0.13,,,,1.77,1.73,1.82,,,,"0 hours, 0 minutes, 46 seconds",,EGFR_patchF,relaxed_filters,default_4stage_multimer
EGFRpH_F_l37_s959113_mpnn20,4stage,37,959113,-0.3,"A431,A434,A436",AVAEPMRVPYDGGKHELIVYPSAENNEIDSVVIKRAE,"B6,B8,B9,B10,B11,B15,B17,B19,B25,B27,B28,B29,B30,B31,B32,B33,B34,B35",1.26,0.45,0.87,0.86,0.88,,,,0.88,0.87,0.88,,,,0.86,0.86,0.87,,,,0.19,0.2,0.18,,,,0.2,0.21,0.19,,,,0.0,0,0,,,,0.0,0,0,,,,0.5,1,0,,,,0.0,0,0,,,,-106.02,-105.37,-106.66,,,,0.55,0.56,0.54,,,,0.68,0.69,0.66,,,,0.65,0.67,0.62,,,,-57.06,-59.84,-54.27,,,,1581.49,1645.81,1517.16,,,,-3.61,-3.64,-3.58,,,,62.53,64.97,60.1,,,,52.78,50.0,55.56,,,,20.0,22,18,,,,8.5,9,8,,,,42.67,40.91,44.44,,,,4.0,4.0,4.0,,,,20.2,18.18,22.22,,,,0.0,0,0,,,,0.0,0,0,,,,0.0,0,0,,,,0.0,0,0,,,,0.0,0,0,,,,0.0,0,0,,,,"{'A': 0.5, 'C': 0.0, 'D': 2.0, 'E': 1.5, 'F': 0.0, 'G': 0.0, 'H': 1.0, 'I': 2.0, 'K': 1.5, 'L': 1.0, 'M': 1.0, 'N': 1.0, 'P': 1.0, 'Q': 0.0, 'R': 1.0, 'S': 1.5, 'T': 0.0, 'V': 4.0, 'W': 0.0, 'Y': 1.0}","{'A': 1, 'C': 0, 'D': 2, 'E': 2, 'F': 0, 'G': 0, 'H': 1, 'I': 2, 'K': 2, 'L': 1, 'M': 1, 'N': 1, 'P': 1, 'Q': 0, 'R': 1, 'S': 2, 'T': 0, 'V': 4, 'W': 0, 'Y': 1}","{'A': 0, 'C': 0, 'D': 2, 'E': 1, 'F': 0, 'G': 0, 'H': 1, 'I': 2, 'K': 1, 'L': 1, 'M': 1, 'N': 1, 'P': 1, 'Q': 0, 'R': 1, 'S': 1, 'T': 0, 'V': 4, 'W': 0, 'Y': 1}",,,,1.32,1.29,1.35,,,,0.37,0.4,0.34,,,,0.9,0.89,0.9,,,,0.59,0.58,0.6,,,,0.11,0.12,0.11,,,,1.76,1.77,1.75,,,,"0 hours, 0 minutes, 47 seconds",,EGFR_patchF,relaxed_filters,default_4stage_multimer
EGFRpH_F_l31_s685800_mpnn1,4stage,31,685800,-0.3,"A431,A434,A436",SKELEEMKKKVKEVAARHGITLGGDVVVDMK,"B7,B10,B11,B14,B15,B17,B18,B19,B20,B21,B22,B23,B24,B25,B26,B27,B28,B29,B31",1.08,0.31,0.92,0.91,0.93,,,,0.87,0.86,0.88,,,,0.9,0.89,0.9,,,,0.15,0.16,0.14,,,,0.16,0.17,0.15,,,,0.0,0,0,,,,0.0,0,0,,,,0.5,1,0,,,,0.0,0,0,,,,-82.57,-83.44,-81.71,,,,0.34,0.33,0.36,,,,0.74,0.75,0.73,,,,0.66,0.68,0.64,,,,-70.0,-70.11,-69.88,,,,1668.43,1631.38,1705.48,,,,-4.2,-4.3,-4.1,,,,80.36,77.98,82.73,,,,48.69,50.0,47.37,,,,18.5,18,19,,,,11.5,11,12,,,,62.13,61.11,63.16,,,,5.0,5.0,5.0,,,,27.05,27.78,26.32,,,,0.0,0,0,,,,0.0,0,0,,,,0.0,0,0,,,,0.0,0,0,,,,0.0,0,0,,,,0.0,0,0,,,,"{'A': 1.0, 'C': 0.0, 'D': 2.0, 'E': 0.0, 'F': 0.0, 'G': 3.0, 'H': 1.0, 'I': 1.0, 'K': 1.5, 'L': 1.0, 'M': 1.0, 'N': 0.0, 'P': 0.0, 'Q': 0.0, 'R': 1.0, 'S': 0.0, 'T': 1.0, 'V': 5.0, 'W': 0.0, 'Y': 0.0}","{'A': 1, 'C': 0, 'D': 2, 'E': 0, 'F': 0, 'G': 3, 'H': 1, 'I': 1, 'K': 1, 'L': 1, 'M': 1, 'N': 0, 'P': 0, 'Q': 0, 'R': 1, 'S': 0, 'T': 1, 'V': 5, 'W': 0, 'Y': 0}","{'A': 1, 'C': 0, 'D': 2, 'E': 0, 'F': 0, 'G': 3, 'H': 1, 'I': 1, 'K': 2, 'L': 1, 'M': 1, 'N': 0, 'P': 0, 'Q': 0, 'R': 1, 'S': 0, 'T': 1, 'V': 5, 'W': 0, 'Y': 0}",,,,0.79,0.75,0.83,,,,0.44,0.46,0.42,,,,0.71,0.73,0.7,,,,0.34,0.33,0.35,,,,0.27,0.27,0.27,,,,10.16,9.32,11.01,,,,"0 hours, 1 minutes, 30 seconds","Absorption value is 0.0, consider adding tryptophane to design.",EGFR_patchF,relaxed_filters,default_4stage_multimer
EGFRpH_F_l31_s685800_mpnn2,4stage,31,685800,-0.3,"A431,A434,A436",SAELEAMKAKVKEVAARHGITLGGDVVVDMS,"B7,B10,B11,B14,B15,B17,B18,B19,B20,B21,B22,B23,B24,B25,B26,B27,B28,B29",1.09,0.23,0.93,0.92,0.93,,,,0.88,0.87,0.89,,,,0.91,0.9,0.91,,,,0.15,0.15,0.14,,,,0.15,0.16,0.15,,,,0.0,0,0,,,,0.0,0,0,,,,0.0,0,0,,,,0.5,0,1,,,,-75.84,-76.0,-75.69,,,,0.47,0.46,0.48,,,,0.76,0.76,0.75,,,,0.69,0.67,0.7,,,,-71.11,-73.02,-69.21,,,,1635.34,1647.14,1623.54,,,,-4.34,-4.43,-4.26,,,,88.58,88.7,88.45,,,,51.31,52.63,50.0,,,,18.5,19,18,,,,13.0,13,13,,,,70.32,68.42,72.22,,,,3.5,4.0,3.0,,,,18.86,21.05,16.67,,,,0.0,0,0,,,,0.0,0,0,,,,0.0,0,0,,,,0.0,0,0,,,,0.0,0,0,,,,0.0,0,0,,,,"{'A': 1.0, 'C': 0.0, 'D': 2.0, 'E': 0.0, 'F': 0.0, 'G': 3.0, 'H': 1.0, 'I': 1.0, 'K': 1.0, 'L': 1.0, 'M': 1.5, 'N': 0.0, 'P': 0.0, 'Q': 0.0, 'R': 1.0, 'S': 0.0, 'T': 1.0, 'V': 5.0, 'W': 0.0, 'Y': 0.0}","{'A': 1, 'C': 0, 'D': 2, 'E': 0, 'F': 0, 'G': 3, 'H': 1, 'I': 1, 'K': 1, 'L': 1, 'M': 2, 'N': 0, 'P': 0, 'Q': 0, 'R': 1, 'S': 0, 'T': 1, 'V': 5, 'W': 0, 'Y': 0}","{'A': 1, 'C': 0, 'D': 2, 'E': 0, 'F': 0, 'G': 3, 'H': 1, 'I': 1, 'K': 1, 'L': 1, 'M': 1, 'N': 0, 'P': 0, 'Q': 0, 'R': 1, 'S': 0, 'T': 1, 'V': 5, 'W': 0, 'Y': 0}",,,,0.64,0.69,0.58,,,,0.42,0.44,0.4,,,,0.76,0.84,0.68,,,,0.39,0.41,0.36,,,,0.23,0.17,0.28,,,,3.69,2.84,4.55,,,,"0 hours, 0 minutes, 41 seconds","Relaxed structure contains clashes. Absorption value is 0.0, consider adding tryptophane to design.",EGFR_patchF,relaxed_filters,default_4stage_multimer
EGFRpH_F_l31_s685800_mpnn3,4stage,31,685800,-0.3,"A431,A434,A436",SAEKEAMIAKVKEVAARHGITLGGDVVVDMS,"B7,B10,B11,B14,B15,B17,B18,B19,B20,B21,B22,B23,B24,B25,B26,B27,B28,B29",1.1,0.15,0.93,0.92,0.93,,,,0.88,0.87,0.89,,,,0.91,0.9,0.91,,,,0.15,0.15,0.14,,,,0.15,0.16,0.15,,,,0.0,0,0,,,,0.0,0,0,,,,0.5,1,0,,,,0.0,0,0,,,,-78.22,-77.98,-78.46,,,,0.46,0.46,0.46,,,,0.76,0.76,0.76,,,,0.64,0.67,0.6,,,,-72.88,-72.96,-72.8,,,,1642.67,1618.48,1666.87,,,,-4.44,-4.51,-4.37,,,,89.25,86.67,91.83,,,,50.0,50.0,50.0,,,,18.0,18,18,,,,12.0,11,13,,,,66.66,61.11,72.22,,,,5.0,6.0,4.0,,,,27.77,33.33,22.22,,,,0.0,0,0,,,,0.0,0,0,,,,0.0,0,0,,,,0.0,0,0,,,,0.0,0,0,,,,0.0,0,0,,,,"{'A': 1.0, 'C': 0.0, 'D': 2.0, 'E': 0.0, 'F': 0.0, 'G': 3.0, 'H': 1.0, 'I': 1.0, 'K': 1.0, 'L': 1.0, 'M': 1.0, 'N': 0.0, 'P': 0.0, 'Q': 0.0, 'R': 1.0, 'S': 0.0, 'T': 1.0, 'V': 5.0, 'W': 0.0, 'Y': 0.0}","{'A': 1, 'C': 0, 'D': 2, 'E': 0, 'F': 0, 'G': 3, 'H': 1, 'I': 1, 'K': 1, 'L': 1, 'M': 1, 'N': 0, 'P': 0, 'Q': 0, 'R': 1, 'S': 0, 'T': 1, 'V': 5, 'W': 0, 'Y': 0}","{'A': 1, 'C': 0, 'D': 2, 'E': 0, 'F': 0, 'G': 3, 'H': 1, 'I': 1, 'K': 1, 'L': 1, 'M': 1, 'N': 0, 'P': 0, 'Q': 0, 'R': 1, 'S': 0, 'T': 1, 'V': 5, 'W': 0, 'Y': 0}",,,,0.72,0.78,0.66,,,,0.44,0.45,0.42,,,,0.77,0.8,0.73,,,,0.39,0.39,0.39,,,,0.23,0.21,0.25,,,,7.08,3.41,10.75,,,,"0 hours, 0 minutes, 44 seconds","Absorption value is 0.0, consider adding tryptophane to design.",EGFR_patchF,relaxed_filters,default_4stage_multimer
EGFRpH_F_l31_s685800_mpnn4,4stage,31,685800,-0.3,"A431,A434,A436",SAEEAAMVAKVKEVAARHGITLGGDVVVDMS,"B7,B10,B11,B14,B15,B17,B18,B19,B20,B21,B22,B23,B24,B25,B26,B27,B28,B29",1.11,0.23,0.92,0.92,0.92,,,,0.88,0.87,0.88,,,,0.9,0.89,0.9,,,,0.15,0.15,0.14,,,,0.15,0.16,0.15,,,,0.0,0,0,,,,0.0,0,0,,,,0.5,1,0,,,,0.0,0,0,,,,-79.62,-81.56,-77.67,,,,0.48,0.48,0.48,,,,0.75,0.76,0.74,,,,0.67,0.63,0.7,,,,-70.97,-70.1,-71.84,,,,1632.45,1625.79,1639.11,,,,-4.34,-4.31,-4.38,,,,91.75,90.3,93.21,,,,50.0,50.0,50.0,,,,18.0,18,18,,,,12.5,11,14,,,,69.44,61.11,77.78,,,,4.5,6.0,3.0,,,,25.0,33.33,16.67,,,,0.0,0,0,,,,0.0,0,0,,,,0.0,0,0,,,,0.0,0,0,,,,0.0,0,0,,,,0.0,0,0,,,,"{'A': 1.0, 'C': 0.0, 'D': 2.0, 'E': 0.0, 'F': 0.0, 'G': 3.0, 'H': 1.0, 'I': 1.0, 'K': 1.0, 'L': 1.0, 'M': 1.0, 'N': 0.0, 'P': 0.0, 'Q': 0.0, 'R': 1.0, 'S': 0.0, 'T': 1.0, 'V': 5.0, 'W': 0.0, 'Y': 0.0}","{'A': 1, 'C': 0, 'D': 2, 'E': 0, 'F': 0, 'G': 3, 'H': 1, 'I': 1, 'K': 1, 'L': 1, 'M': 1, 'N': 0, 'P': 0, 'Q': 0, 'R': 1, 'S': 0, 'T': 1, 'V': 5, 'W': 0, 'Y': 0}","{'A': 1, 'C': 0, 'D': 2, 'E': 0, 'F': 0, 'G': 3, 'H': 1, 'I': 1, 'K': 1, 'L': 1, 'M': 1, 'N': 0, 'P': 0, 'Q': 0, 'R': 1, 'S': 0, 'T': 1, 'V': 5, 'W': 0, 'Y': 0}",,,,0.74,0.83,0.66,,,,0.44,0.45,0.42,,,,0.77,0.81,0.73,,,,0.4,0.41,0.39,,,,0.23,0.2,0.26,,,,4.67,4.32,5.02,,,,"0 hours, 0 minutes, 44 seconds","Absorption value is 0.0, consider adding tryptophane to design.",EGFR_patchF,relaxed_filters,default_4stage_multimer
EGFRpH_F_l31_s685800_mpnn5,4stage,31,685800,-0.3,"A431,A434,A436",SKEKEEMIKKVKEVAARHGITLGGDVVVDMS,"B7,B10,B11,B14,B15,B17,B18,B19,B20,B21,B22,B23,B24,B25,B26,B27,B28,B29",1.12,0.23,0.93,0.92,0.93,,,,0.88,0.87,0.88,,,,0.9,0.89,0.91,,,,0.15,0.15,0.14,,,,0.15,0.16,0.15,,,,0.0,0,0,,,,0.0,0,0,,,,0.0,0,0,,,,0.5,1,0,,,,-82.16,-82.92,-81.39,,,,0.32,0.33,0.3,,,,0.77,0.77,0.77,,,,0.64,0.66,0.62,,,,-70.69,-70.99,-70.38,,,,1648.17,1652.59,1643.75,,,,-4.29,-4.3,-4.28,,,,83.69,81.88,85.49,,,,50.0,50.0,50.0,,,,18.0,18,18,,,,11.5,11,12,,,,63.89,61.11,66.67,,,,5.5,6.0,5.0,,,,30.55,33.33,27.78,,,,0.0,0,0,,,,0.0,0,0,,,,0.0,0,0,,,,0.0,0,0,,,,0.0,0,0,,,,0.0,0,0,,,,"{'A': 1.0, 'C': 0.0, 'D': 2.0, 'E': 0.0, 'F': 0.0, 'G': 3.0, 'H': 1.0, 'I': 1.0, 'K': 1.0, 'L': 1.0, 'M': 1.0, 'N': 0.0, 'P': 0.0, 'Q': 0.0, 'R': 1.0, 'S': 0.0, 'T': 1.0, 'V': 5.0, 'W': 0.0, 'Y': 0.0}","{'A': 1, 'C': 0, 'D': 2, 'E': 0, 'F': 0, 'G': 3, 'H': 1, 'I': 1, 'K': 1, 'L': 1, 'M': 1, 'N': 0, 'P': 0, 'Q': 0, 'R': 1, 'S': 0, 'T': 1, 'V': 5, 'W': 0, 'Y': 0}","{'A': 1, 'C': 0, 'D': 2, 'E': 0, 'F': 0, 'G': 3, 'H': 1, 'I': 1, 'K': 1, 'L': 1, 'M': 1, 'N': 0, 'P': 0, 'Q': 0, 'R': 1, 'S': 0, 'T': 1, 'V': 5, 'W': 0, 'Y': 0}",,,,0.74,0.76,0.73,,,,0.44,0.46,0.42,,,,0.73,0.74,0.72,,,,0.35,0.34,0.37,,,,0.26,0.26,0.26,,,,10.47,10.7,10.25,,,,"0 hours, 0 minutes, 45 seconds","Relaxed structure contains clashes. Absorption value is 0.0, consider adding tryptophane to design.",EGFR_patchF,relaxed_filters,default_4stage_multimer
EGFRpH_F_l31_s685800_mpnn6,4stage,31,685800,-0.3,"A431,A434,A436",SAELEAMKKKVKEVAARHGITLGGDVVVDMS,"B7,B10,B11,B14,B15,B17,B18,B19,B20,B21,B22,B23,B24,B25,B26,B27,B28,B29",1.12,0.31,0.93,0.92,0.93,,,,0.88,0.87,0.89,,,,0.91,0.9,0.91,,,,0.15,0.15,0.14,,,,0.15,0.16,0.15,,,,0.0,0,0,,,,0.0,0,0,,,,0.0,0,0,,,,0.0,0,0,,,,-77.3,-78.81,-75.78,,,,0.42,0.42,0.42,,,,0.75,0.76,0.74,,,,0.62,0.63,0.61,,,,-70.6,-69.52,-71.68,,,,1620.83,1598.13,1643.52,,,,-4.36,-4.35,-4.36,,,,84.56,82.44,86.67,,,,51.47,52.94,50.0,,,,17.5,17,18,,,,11.5,10,13,,,,65.52,58.82,72.22,,,,5.0,6.0,4.0,,,,28.75,35.29,22.22,,,,0.0,0,0,,,,0.0,0,0,,,,0.0,0,0,,,,0.0,0,0,,,,0.0,0,0,,,,0.0,0,0,,,,"{'A': 1.0, 'C': 0.0, 'D': 2.0, 'E': 0.0, 'F': 0.0, 'G': 3.0, 'H': 1.0, 'I': 1.0, 'K': 1.0, 'L': 1.0, 'M': 1.0, 'N': 0.0, 'P': 0.0, 'Q': 0.0, 'R': 0.5, 'S': 0.0, 'T': 1.0, 'V': 5.0, 'W': 0.0, 'Y': 0.0}","{'A': 1, 'C': 0, 'D': 2, 'E': 0, 'F': 0, 'G': 3, 'H': 1, 'I': 1, 'K': 1, 'L': 1, 'M': 1, 'N': 0, 'P': 0, 'Q': 0, 'R': 0, 'S': 0, 'T': 1, 'V': 5, 'W': 0, 'Y': 0}","{'A': 1, 'C': 0, 'D': 2, 'E': 0, 'F': 0, 'G': 3, 'H': 1, 'I': 1, 'K': 1, 'L': 1, 'M': 1, 'N': 0, 'P': 0, 'Q': 0, 'R': 1, 'S': 0, 'T': 1, 'V': 5, 'W': 0, 'Y': 0}",,,,0.58,0.64,0.53,,,,0.42,0.44,0.4,,,,0.73,0.78,0.68,,,,0.36,0.37,0.36,,,,0.26,0.23,0.28,,,,6.86,6.93,6.79,,,,"0 hours, 0 minutes, 45 seconds","Absorption value is 0.0, consider adding tryptophane to design.",EGFR_patchF,relaxed_filters,default_4stage_multimer
EGFRpH_F_l31_s685800_mpnn7,4stage,31,685800,-0.3,"A431,A434,A436",SAEEEAMIAKVKEVAARHGITLGGDVVVDMS,"B7,B10,B11,B14,B15,B17,B18,B19,B20,B21,B22,B23,B24,B25,B26,B27,B28,B29",1.14,0.23,0.93,0.92,0.93,,,,0.88,0.87,0.89,,,,0.91,0.9,0.91,,,,0.15,0.15,0.14,,,,0.15,0.16,0.15,,,,0.0,0,0,,,,0.0,0,0,,,,1.5,3,0,,,,0.0,0,0,,,,-76.9,-79.12,-74.67,,,,0.43,0.43,0.43,,,,0.76,0.76,0.75,,,,0.68,0.7,0.65,,,,-71.06,-70.9,-71.21,,,,1637.97,1668.08,1607.86,,,,-4.34,-4.25,-4.43,,,,89.03,90.53,87.52,,,,50.0,50.0,50.0,,,,18.0,18,18,,,,11.0,11,11,,,,61.11,61.11,61.11,,,,6.0,6.0,6.0,,,,33.33,33.33,33.33,,,,0.0,0,0,,,,0.0,0,0,,,,0.0,0,0,,,,0.0,0,0,,,,0.0,0,0,,,,0.0,0,0,,,,"{'A': 1.0, 'C': 0.0, 'D': 2.0, 'E': 0.0, 'F': 0.0, 'G': 3.0, 'H': 1.0, 'I': 1.0, 'K': 1.0, 'L': 1.0, 'M': 1.0, 'N': 0.0, 'P': 0.0, 'Q': 0.0, 'R': 1.0, 'S': 0.0, 'T': 1.0, 'V': 5.0, 'W': 0.0, 'Y': 0.0}","{'A': 1, 'C': 0, 'D': 2, 'E': 0, 'F': 0, 'G': 3, 'H': 1, 'I': 1, 'K': 1, 'L': 1, 'M': 1, 'N': 0, 'P': 0, 'Q': 0, 'R': 1, 'S': 0, 'T': 1, 'V': 5, 'W': 0, 'Y': 0}","{'A': 1, 'C': 0, 'D': 2, 'E': 0, 'F': 0, 'G': 3, 'H': 1, 'I': 1, 'K': 1, 'L': 1, 'M': 1, 'N': 0, 'P': 0, 'Q': 0, 'R': 1, 'S': 0, 'T': 1, 'V': 5, 'W': 0, 'Y': 0}",,,,0.7,0.74,0.66,,,,0.43,0.45,0.41,,,,0.75,0.76,0.74,,,,0.39,0.37,0.4,,,,0.26,0.27,0.25,,,,10.4,9.91,10.89,,,,"0 hours, 0 minutes, 43 seconds","Absorption value is 0.0, consider adding tryptophane to design.",EGFR_patchF,relaxed_filters,default_4stage_multimer
EGFRpH_F_l31_s685800_mpnn8,4stage,31,685800,-0.3,"A431,A434,A436",SMELEEMKAKVKEVAARHGITLGGDVVVDMS,"B7,B10,B11,B14,B15,B17,B18,B19,B20,B21,B22,B23,B24,B25,B26,B27,B28,B29",1.14,0.23,0.9,0.89,0.9,,,,0.88,0.87,0.88,,,,0.89,0.88,0.89,,,,0.17,0.17,0.16,,,,0.18,0.19,0.17,,,,0.0,0,0,,,,0.0,0,0,,,,0.0,0,0,,,,0.0,0,0,,,,-78.96,-78.93,-78.99,,,,0.43,0.44,0.42,,,,0.76,0.75,0.76,,,,0.64,0.62,0.65,,,,-72.66,-73.53,-71.8,,,,1663.88,1662.35,1665.41,,,,-4.37,-4.42,-4.31,,,,87.17,86.91,87.44,,,,50.0,50.0,50.0,,,,18.0,18,18,,,,12.5,13,12,,,,69.44,72.22,66.67,,,,4.5,3.0,6.0,,,,25.0,16.67,33.33,,,,0.0,0,0,,,,0.0,0,0,,,,0.0,0,0,,,,0.0,0,0,,,,0.0,0,0,,,,0.0,0,0,,,,"{'A': 1.0, 'C': 0.0, 'D': 2.0, 'E': 0.0, 'F': 0.0, 'G': 3.0, 'H': 1.0, 'I': 1.0, 'K': 1.0, 'L': 1.0, 'M': 1.0, 'N': 0.0, 'P': 0.0, 'Q': 0.0, 'R': 1.0, 'S': 0.0, 'T': 1.0, 'V': 5.0, 'W': 0.0, 'Y': 0.0}","{'A': 1, 'C': 0, 'D': 2, 'E': 0, 'F': 0, 'G': 3, 'H': 1, 'I': 1, 'K': 1, 'L': 1, 'M': 1, 'N': 0, 'P': 0, 'Q': 0, 'R': 1, 'S': 0, 'T': 1, 'V': 5, 'W': 0, 'Y': 0}","{'A': 1, 'C': 0, 'D': 2, 'E': 0, 'F': 0, 'G': 3, 'H': 1, 'I': 1, 'K': 1, 'L': 1, 'M': 1, 'N': 0, 'P': 0, 'Q': 0, 'R': 1, 'S': 0, 'T': 1, 'V': 5, 'W': 0, 'Y': 0}",,,,2.19,2.18,2.2,,,,0.43,0.45,0.4,,,,0.74,0.78,0.7,,,,0.36,0.37,0.36,,,,0.26,0.24,0.27,,,,7.14,3.19,11.1,,,,"0 hours, 0 minutes, 45 seconds","Absorption value is 0.0, consider adding tryptophane to design.",EGFR_patchF,relaxed_filters,default_4stage_multimer
EGFRpH_F_l31_s685800_mpnn9,4stage,31,685800,-0.3,"A431,A434,A436",SAMEKEMIAKVKEVAARHGITLGGDVVVDMS,"B7,B10,B11,B14,B15,B17,B18,B19,B20,B21,B22,B23,B24,B25,B26,B27,B28,B29",1.14,0.23,0.93,0.92,0.93,,,,0.88,0.87,0.88,,,,0.9,0.89,0.9,,,,0.15,0.15,0.14,,,,0.16,0.17,0.15,,,,0.0,0,0,,,,0.0,0,0,,,,1.0,2,0,,,,0.5,0,1,,,,-76.36,-74.68,-78.04,,,,0.45,0.43,0.46,,,,0.74,0.74,0.75,,,,0.62,0.6,0.65,,,,-68.24,-67.18,-69.3,,,,1612.86,1565.56,1660.15,,,,-4.23,-4.29,-4.17,,,,84.75,81.61,87.89,,,,51.47,52.94,50.0,,,,17.5,17,18,,,,11.0,11,11,,,,62.91,64.71,61.11,,,,5.5,5.0,6.0,,,,31.37,29.41,33.33,,,,0.0,0,0,,,,0.0,0,0,,,,0.0,0,0,,,,0.0,0,0,,,,0.0,0,0,,,,0.0,0,0,,,,"{'A': 1.0, 'C': 0.0, 'D': 2.0, 'E': 0.0, 'F': 0.0, 'G': 3.0, 'H': 1.0, 'I': 1.0, 'K': 1.0, 'L': 1.0, 'M': 1.0, 'N': 0.0, 'P': 0.0, 'Q': 0.0, 'R': 0.5, 'S': 0.0, 'T': 1.0, 'V': 5.0, 'W': 0.0, 'Y': 0.0}","{'A': 1, 'C': 0, 'D': 2, 'E': 0, 'F': 0, 'G': 3, 'H': 1, 'I': 1, 'K': 1, 'L': 1, 'M': 1, 'N': 0, 'P': 0, 'Q': 0, 'R': 0, 'S': 0, 'T': 1, 'V': 5, 'W': 0, 'Y': 0}","{'A': 1, 'C': 0, 'D': 2, 'E': 0, 'F': 0, 'G': 3, 'H': 1, 'I': 1, 'K': 1, 'L': 1, 'M': 1, 'N': 0, 'P': 0, 'Q': 0, 'R': 1, 'S': 0, 'T': 1, 'V': 5, 'W': 0, 'Y': 0}",,,,0.79,0.83,0.75,,,,0.44,0.45,0.42,,,,0.76,0.77,0.74,,,,0.38,0.37,0.39,,,,0.25,0.25,0.25,,,,8.31,5.82,10.8,,,,"0 hours, 0 minutes, 43 seconds","Relaxed structure contains clashes. Absorption value is 0.0, consider adding tryptophane to design.",EGFR_patchF,relaxed_filters,default_4stage_multimer
EGFRpH_F_l31_s685800_mpnn10,4stage,31,685800,-0.3,"A431,A434,A436",SAEEEAMIAKVKEVAARHGITLGGDVVVDMT,"B7,B10,B11,B14,B15,B17,B18,B19,B20,B21,B22,B23,B24,B25,B26,B27,B28,B29",1.14,0.23,0.93,0.92,0.93,,,,0.88,0.87,0.88,,,,0.9,0.89,0.9,,,,0.15,0.15,0.14,,,,0.15,0.16,0.15,,,,0.0,0,0,,,,0.0,0,0,,,,1.0,2,0,,,,1.0,1,1,,,,-81.41,-82.59,-80.24,,,,0.43,0.43,0.43,,,,0.76,0.77,0.74,,,,0.64,0.62,0.65,,,,-72.0,-74.27,-69.74,,,,1624.09,1642.96,1605.22,,,,-4.43,-4.52,-4.34,,,,87.42,88.63,86.21,,,,50.0,50.0,50.0,,,,18.0,18,18,,,,12.0,12,12,,,,66.67,66.67,66.67,,,,4.5,4.0,5.0,,,,25.0,22.22,27.78,,,,0.0,0,0,,,,0.0,0,0,,,,0.0,0,0,,,,0.0,0,0,,,,0.0,0,0,,,,0.0,0,0,,,,"{'A': 1.0, 'C': 0.0, 'D': 2.0, 'E': 0.0, 'F': 0.0, 'G': 3.0, 'H': 1.0, 'I': 1.0, 'K': 1.0, 'L': 1.0, 'M': 1.0, 'N': 0.0, 'P': 0.0, 'Q': 0.0, 'R': 1.0, 'S': 0.0, 'T': 1.0, 'V': 5.0, 'W': 0.0, 'Y': 0.0}","{'A': 1, 'C': 0, 'D': 2, 'E': 0, 'F': 0, 'G': 3, 'H': 1, 'I': 1, 'K': 1, 'L': 1, 'M': 1, 'N': 0, 'P': 0, 'Q': 0, 'R': 1, 'S': 0, 'T': 1, 'V': 5, 'W': 0, 'Y': 0}","{'A': 1, 'C': 0, 'D': 2, 'E': 0, 'F': 0, 'G': 3, 'H': 1, 'I': 1, 'K': 1, 'L': 1, 'M': 1, 'N': 0, 'P': 0, 'Q': 0, 'R': 1, 'S': 0, 'T': 1, 'V': 5, 'W': 0, 'Y': 0}",,,,0.74,0.8,0.67,,,,0.43,0.45,0.41,,,,0.74,0.75,0.73,,,,0.37,0.36,0.38,,,,0.27,0.27,0.26,,,,11.07,11.18,10.97,,,,"0 hours, 0 minutes, 44 seconds","Relaxed structure contains clashes. Absorption value is 0.0, consider adding tryptophane to design.",EGFR_patchF,relaxed_filters,default_4stage_multimer
EGFRpH_F_l31_s685800_mpnn11,4stage,31,685800,-0.3,"A431,A434,A436",SEEEKAMIAKVKEVAARHGITLGGDVVVDMS,"B7,B10,B11,B14,B15,B18,B19,B20,B21,B22,B23,B24,B25,B26,B27,B28,B29",1.15,0.23,0.93,0.92,0.93,,,,0.88,0.87,0.89,,,,0.91,0.9,0.91,,,,0.14,0.15,0.13,,,,0.15,0.16,0.14,,,,0.0,0,0,,,,0.0,0,0,,,,0.5,1,0,,,,0.5,0,1,,,,-80.73,-81.71,-79.76,,,,0.39,0.39,0.39,,,,0.76,0.76,0.75,,,,0.68,0.69,0.67,,,,-71.22,-72.25,-70.19,,,,1663.01,1690.92,1635.09,,,,-4.28,-4.27,-4.29,,,,86.21,88.21,84.21,,,,51.47,50.0,52.94,,,,17.5,18,17,,,,12.5,13,12,,,,71.41,72.22,70.59,,,,4.0,4.0,4.0,,,,22.88,22.22,23.53,,,,0.0,0,0,,,,0.0,0,0,,,,0.0,0,0,,,,0.0,0,0,,,,0.0,0,0,,,,0.0,0,0,,,,"{'A': 1.0, 'C': 0.0, 'D': 2.0, 'E': 0.0, 'F': 0.0, 'G': 3.0, 'H': 1.0, 'I': 1.0, 'K': 1.0, 'L': 1.0, 'M': 1.0, 'N': 0.0, 'P': 0.0, 'Q': 0.0, 'R': 0.5, 'S': 0.0, 'T': 1.0, 'V': 5.0, 'W': 0.0, 'Y': 0.0}","{'A': 1, 'C': 0, 'D': 2, 'E': 0, 'F': 0, 'G': 3, 'H': 1, 'I': 1, 'K': 1, 'L': 1, 'M': 1, 'N': 0, 'P': 0, 'Q': 0, 'R': 1, 'S': 0, 'T': 1, 'V': 5, 'W': 0, 'Y': 0}","{'A': 1, 'C': 0, 'D': 2, 'E': 0, 'F': 0, 'G': 3, 'H': 1, 'I': 1, 'K': 1, 'L': 1, 'M': 1, 'N': 0, 'P': 0, 'Q': 0, 'R': 0, 'S': 0, 'T': 1, 'V': 5, 'W': 0, 'Y': 0}",,,,0.75,0.82,0.68,,,,0.43,0.45,0.41,,,,0.75,0.76,0.74,,,,0.38,0.37,0.39,,,,0.25,0.25,0.25,,,,8.75,7.25,10.24,,,,"0 hours, 0 minutes, 42 seconds","Relaxed structure contains clashes. Absorption value is 0.0, consider adding tryptophane to design.",EGFR_patchF,relaxed_filters,default_4stage_multimer
EGFRpH_F_l31_s685800_mpnn12,4stage,31,685800,-0.3,"A431,A434,A436",SMEEEEMIKKVKEVAARHGITLGGDVVVDMN,"B7,B10,B11,B14,B15,B17,B18,B19,B20,B21,B22,B23,B24,B25,B26,B27,B28,B29",1.16,0.38,0.91,0.91,0.91,,,,0.88,0.87,0.88,,,,0.89,0.88,0.89,,,,0.15,0.16,0.15,,,,0.17,0.18,0.16,,,,0.0,0,0,,,,0.0,0,0,,,,0.0,0,0,,,,0.0,0,0,,,,-81.36,-82.45,-80.27,,,,0.35,0.35,0.35,,,,0.74,0.75,0.74,,,,0.68,0.65,0.7,,,,-70.3,-68.8,-71.79,,,,1599.13,1578.62,1619.65,,,,-4.39,-4.36,-4.43,,,,81.78,80.53,83.03,,,,51.47,52.94,50.0,,,,17.5,17,18,,,,12.0,11,13,,,,68.47,64.71,72.22,,,,4.0,5.0,3.0,,,,23.04,29.41,16.67,,,,0.0,0,0,,,,0.0,0,0,,,,0.0,0,0,,,,0.0,0,0,,,,0.0,0,0,,,,0.0,0,0,,,,"{'A': 1.0, 'C': 0.0, 'D': 2.0, 'E': 0.0, 'F': 0.0, 'G': 3.0, 'H': 1.0, 'I': 1.0, 'K': 1.0, 'L': 1.0, 'M': 1.0, 'N': 0.0, 'P': 0.0, 'Q': 0.0, 'R': 0.5, 'S': 0.0, 'T': 1.0, 'V': 5.0, 'W': 0.0, 'Y': 0.0}","{'A': 1, 'C': 0, 'D': 2, 'E': 0, 'F': 0, 'G': 3, 'H': 1, 'I': 1, 'K': 1, 'L': 1, 'M': 1, 'N': 0, 'P': 0, 'Q': 0, 'R': 0, 'S': 0, 'T': 1, 'V': 5, 'W': 0, 'Y': 0}","{'A': 1, 'C': 0, 'D': 2, 'E': 0, 'F': 0, 'G': 3, 'H': 1, 'I': 1, 'K': 1, 'L': 1, 'M': 1, 'N': 0, 'P': 0, 'Q': 0, 'R': 1, 'S': 0, 'T': 1, 'V': 5, 'W': 0, 'Y': 0}",,,,0.73,0.67,0.78,,,,0.43,0.45,0.4,,,,0.77,0.77,0.76,,,,0.39,0.38,0.39,,,,0.25,0.25,0.25,,,,10.34,9.47,11.21,,,,"0 hours, 0 minutes, 44 seconds","Absorption value is 0.0, consider adding tryptophane to design.",EGFR_patchF,relaxed_filters,default_4stage_multimer
EGFRpH_F_l31_s685800_mpnn13,4stage,31,685800,-0.3,"A431,A434,A436",SMEEEEMIKKVKEVAARHGITLGGDVVVDMS,"B7,B10,B11,B14,B15,B17,B18,B19,B20,B21,B22,B23,B24,B25,B26,B27,B28,B29",1.16,0.31,0.91,0.91,0.91,,,,0.88,0.87,0.88,,,,0.9,0.89,0.9,,,,0.15,0.16,0.15,,,,0.17,0.18,0.16,,,,0.0,0,0,,,,0.0,0,0,,,,0.0,0,0,,,,1.0,1,1,,,,-79.75,-80.85,-78.65,,,,0.36,0.35,0.38,,,,0.75,0.76,0.74,,,,0.68,0.68,0.67,,,,-68.73,-68.65,-68.81,,,,1624.44,1642.94,1605.94,,,,-4.23,-4.18,-4.28,,,,82.25,81.77,82.72,,,,51.31,52.63,50.0,,,,18.5,19,18,,,,12.0,11,13,,,,65.06,57.89,72.22,,,,4.0,5.0,3.0,,,,21.5,26.32,16.67,,,,0.0,0,0,,,,0.0,0,0,,,,0.0,0,0,,,,0.0,0,0,,,,0.0,0,0,,,,0.0,0,0,,,,"{'A': 1.0, 'C': 0.0, 'D': 2.0, 'E': 0.0, 'F': 0.0, 'G': 3.0, 'H': 1.0, 'I': 1.0, 'K': 1.0, 'L': 1.0, 'M': 1.5, 'N': 0.0, 'P': 0.0, 'Q': 0.0, 'R': 1.0, 'S': 0.0, 'T': 1.0, 'V': 5.0, 'W': 0.0, 'Y': 0.0}","{'A': 1, 'C': 0, 'D': 2, 'E': 0, 'F': 0, 'G': 3, 'H': 1, 'I': 1, 'K': 1, 'L': 1, 'M': 2, 'N': 0, 'P': 0, 'Q': 0, 'R': 1, 'S': 0, 'T': 1, 'V': 5, 'W': 0, 'Y': 0}","{'A': 1, 'C': 0, 'D': 2, 'E': 0, 'F': 0, 'G': 3, 'H': 1, 'I': 1, 'K': 1, 'L': 1, 'M': 1, 'N': 0, 'P': 0, 'Q': 0, 'R': 1, 'S': 0, 'T': 1, 'V': 5, 'W': 0, 'Y': 0}",,,,0.74,0.74,0.74,,,,0.43,0.45,0.4,,,,0.75,0.76,0.74,,,,0.37,0.36,0.38,,,,0.26,0.25,0.26,,,,9.91,9.32,10.5,,,,"0 hours, 0 minutes, 44 seconds","Relaxed structure contains clashes. Absorption value is 0.0, consider adding tryptophane to design.",EGFR_patchF,relaxed_filters,default_4stage_multimer
EGFRpH_F_l31_s685800_mpnn14,4stage,31,685800,-0.3,"A431,A434,A436",SMELEAMKAKVKEVAARHGITLGGDVVVDMS,"B7,B10,B11,B14,B15,B17,B18,B19,B20,B21,B22,B23,B24,B25,B26,B27,B28,B29",1.16,0.23,0.92,0.92,0.92,,,,0.88,0.87,0.89,,,,0.9,0.89,0.9,,,,0.15,0.16,0.14,,,,0.17,0.17,0.16,,,,0.0,0,0,,,,0.0,0,0,,,,0.0,0,0,,,,0.0,0,0,,,,-74.21,-74.89,-73.53,,,,0.48,0.48,0.48,,,,0.74,0.73,0.75,,,,0.65,0.65,0.64,,,,-71.98,-72.39,-71.58,,,,1631.55,1661.81,1601.28,,,,-4.42,-4.36,-4.47,,,,86.59,88.58,84.6,,,,50.0,50.0,50.0,,,,18.0,18,18,,,,13.0,13,13,,,,72.22,72.22,72.22,,,,3.0,3.0,3.0,,,,16.67,16.67,16.67,,,,0.0,0,0,,,,0.0,0,0,,,,0.0,0,0,,,,0.0,0,0,,,,0.0,0,0,,,,0.0,0,0,,,,"{'A': 1.0, 'C': 0.0, 'D': 2.0, 'E': 0.0, 'F': 0.0, 'G': 3.0, 'H': 1.0, 'I': 1.0, 'K': 1.0, 'L': 1.0, 'M': 1.0, 'N': 0.0, 'P': 0.0, 'Q': 0.0, 'R': 1.0, 'S': 0.0, 'T': 1.0, 'V': 5.0, 'W': 0.0, 'Y': 0.0}","{'A': 1, 'C': 0, 'D': 2, 'E': 0, 'F': 0, 'G': 3, 'H': 1, 'I': 1, 'K': 1, 'L': 1, 'M': 1, 'N': 0, 'P': 0, 'Q': 0, 'R': 1, 'S': 0, 'T': 1, 'V': 5, 'W': 0, 'Y': 0}","{'A': 1, 'C': 0, 'D': 2, 'E': 0, 'F': 0, 'G': 3, 'H': 1, 'I': 1, 'K': 1, 'L': 1, 'M': 1, 'N': 0, 'P': 0, 'Q': 0, 'R': 1, 'S': 0, 'T': 1, 'V': 5, 'W': 0, 'Y': 0}",,,,0.67,0.72,0.61,,,,0.42,0.44,0.4,,,,0.76,0.82,0.7,,,,0.39,0.4,0.37,,,,0.23,0.19,0.27,,,,6.61,2.7,10.51,,,,"0 hours, 0 minutes, 43 seconds","Absorption value is 0.0, consider adding tryptophane to design.",EGFR_patchF,relaxed_filters,default_4stage_multimer
EGFRpH_F_l31_s685800_mpnn15,4stage,31,685800,-0.3,"A431,A434,A436",SMEKEEMIEKVKEVAARHGITLGGDVVVDMN,"B2,B7,B10,B11,B14,B15,B17,B18,B19,B20,B21,B22,B23,B24,B25,B26,B27,B28,B29",1.22,0.23,0.9,0.89,0.91,,,,0.88,0.87,0.88,,,,0.88,0.87,0.89,,,,0.17,0.18,0.16,,,,0.18,0.19,0.17,,,,0.0,0,0,,,,0.0,0,0,,,,0.0,0,0,,,,0.5,1,0,,,,-84.1,-83.0,-85.2,,,,0.35,0.35,0.35,,,,0.77,0.75,0.78,,,,0.66,0.64,0.68,,,,-70.6,-69.17,-72.03,,,,1638.47,1629.72,1647.21,,,,-4.3,-4.24,-4.37,,,,82.65,81.01,84.29,,,,52.63,52.63,52.63,,,,19.0,19,19,,,,11.5,11,12,,,,60.52,57.89,63.16,,,,5.5,5.0,6.0,,,,28.95,26.32,31.58,,,,0.0,0,0,,,,0.0,0,0,,,,0.0,0,0,,,,0.0,0,0,,,,0.0,0,0,,,,0.0,0,0,,,,"{'A': 1.0, 'C': 0.0, 'D': 2.0, 'E': 0.0, 'F': 0.0, 'G': 3.0, 'H': 1.0, 'I': 1.0, 'K': 1.0, 'L': 1.0, 'M': 2.0, 'N': 0.0, 'P': 0.0, 'Q': 0.0, 'R': 1.0, 'S': 0.0, 'T': 1.0, 'V': 5.0, 'W': 0.0, 'Y': 0.0}","{'A': 1, 'C': 0, 'D': 2, 'E': 0, 'F': 0, 'G': 3, 'H': 1, 'I': 1, 'K': 1, 'L': 1, 'M': 2, 'N': 0, 'P': 0, 'Q': 0, 'R': 1, 'S': 0, 'T': 1, 'V': 5, 'W': 0, 'Y': 0}","{'A': 1, 'C': 0, 'D': 2, 'E': 0, 'F': 0, 'G': 3, 'H': 1, 'I': 1, 'K': 1, 'L': 1, 'M': 2, 'N': 0, 'P': 0, 'Q': 0, 'R': 1, 'S': 0, 'T': 1, 'V': 5, 'W': 0, 'Y': 0}",,,,2.41,2.38,2.43,,,,0.43,0.46,0.4,,,,0.76,0.76,0.76,,,,0.39,0.38,0.39,,,,0.26,0.26,0.25,,,,10.79,9.73,11.85,,,,"0 hours, 0 minutes, 43 seconds","Relaxed structure contains clashes. Absorption value is 0.0, consider adding tryptophane to design.",EGFR_patchF,relaxed_filters,default_4stage_multimer
EGFRpH_F_l37_s14679_mpnn1,4stage,37,14679,-0.3,"A431,A434,A436",SNNLKITRTKTSEEMEKIVYENPEHNWKVTIENEIPK,"B1,B4,B6,B11,B14,B15,B17,B20,B22,B25,B26,B27,B28,B29,B30,B31,B32,B33,B34",1.04,0.45,0.89,0.89,0.88,,,,0.86,0.86,0.87,,,,0.84,0.86,0.83,,,,0.2,0.18,0.22,,,,0.22,0.2,0.24,,,,0.0,0,0,,,,0.0,0,0,,,,4.0,2,6,,,,0.0,0,0,,,,-114.52,-116.69,-112.35,,,,0.32,0.32,0.31,,,,0.74,0.76,0.73,,,,0.67,0.65,0.68,,,,-60.15,-58.5,-61.8,,,,1637.23,1621.09,1653.37,,,,-3.67,-3.61,-3.74,,,,61.44,59.84,63.03,,,,37.87,38.89,36.84,,,,18.5,18,19,,,,12.0,11,13,,,,64.77,61.11,68.42,,,,4.0,4.0,4.0,,,,21.63,22.22,21.05,,,,0.0,0,0,,,,0.0,0,0,,,,0.0,0,0,,,,0.0,0,0,,,,0.0,0,0,,,,0.0,0,0,,,,"{'A': 0.0, 'C': 0.0, 'D': 0.0, 'E': 3.0, 'F': 0.0, 'G': 0.0, 'H': 1.0, 'I': 2.0, 'K': 2.0, 'L': 1.0, 'M': 1.0, 'N': 3.0, 'P': 0.0, 'Q': 0.0, 'R': 0.0, 'S': 0.5, 'T': 2.0, 'V': 1.0, 'W': 1.0, 'Y': 1.0}","{'A': 0, 'C': 0, 'D': 0, 'E': 3, 'F': 0, 'G': 0, 'H': 1, 'I': 2, 'K': 2, 'L': 1, 'M': 1, 'N': 3, 'P': 0, 'Q': 0, 'R': 0, 'S': 0, 'T': 2, 'V': 1, 'W': 1, 'Y': 1}","{'A': 0, 'C': 0, 'D': 0, 'E': 3, 'F': 0, 'G': 0, 'H': 1, 'I': 2, 'K': 2, 'L': 1, 'M': 1, 'N': 3, 'P': 0, 'Q': 0, 'R': 0, 'S': 1, 'T': 2, 'V': 1, 'W': 1, 'Y': 1}",,,,1.03,0.94,1.12,,,,0.4,0.46,0.35,,,,0.78,0.87,0.7,,,,0.41,0.5,0.31,,,,0.28,0.17,0.38,,,,8.1,2.22,13.98,,,,"0 hours, 1 minutes, 36 seconds",,EGFR_patchF,relaxed_filters,default_4stage_multimer
EGFRpH_F_l37_s14679_mpnn2,4stage,37,14679,-0.3,"A431,A434,A436",SNNLIITRTKTSPEMEKIVYENPEHNWKVTIENEIPK,"B2,B4,B6,B11,B14,B15,B17,B20,B22,B25,B26,B27,B28,B29,B30,B31,B32,B33,B34",1.09,0.5,0.85,0.9,0.8,,,,0.85,0.87,0.84,,,,0.77,0.86,0.68,,,,0.26,0.18,0.34,,,,0.29,0.19,0.38,,,,0.0,0,0,,,,0.0,0,0,,,,1.0,1,1,,,,0.0,0,0,,,,-110.84,-111.76,-109.91,,,,0.36,0.36,0.37,,,,0.72,0.74,0.7,,,,0.69,0.74,0.64,,,,-58.78,-61.3,-56.27,,,,1657.23,1656.27,1658.19,,,,-3.54,-3.7,-3.39,,,,62.4,62.2,62.59,,,,37.87,38.89,36.84,,,,18.5,18,19,,,,13.0,13,13,,,,70.32,72.22,68.42,,,,2.5,2.0,3.0,,,,13.45,11.11,15.79,,,,0.0,0,0,,,,0.0,0,0,,,,0.0,0,0,,,,0.0,0,0,,,,0.0,0,0,,,,0.0,0,0,,,,"{'A': 0.0, 'C': 0.0, 'D': 0.0, 'E': 3.0, 'F': 0.0, 'G': 0.0, 'H': 1.0, 'I': 2.0, 'K': 2.0, 'L': 1.0, 'M': 1.0, 'N': 3.5, 'P': 0.0, 'Q': 0.0, 'R': 0.0, 'S': 0.0, 'T': 2.0, 'V': 1.0, 'W': 1.0, 'Y': 1.0}","{'A': 0, 'C': 0, 'D': 0, 'E': 3, 'F': 0, 'G': 0, 'H': 1, 'I': 2, 'K': 2, 'L': 1, 'M': 1, 'N': 3, 'P': 0, 'Q': 0, 'R': 0, 'S': 0, 'T': 2, 'V': 1, 'W': 1, 'Y': 1}","{'A': 0, 'C': 0, 'D': 0, 'E': 3, 'F': 0, 'G': 0, 'H': 1, 'I': 2, 'K': 2, 'L': 1, 'M': 1, 'N': 4, 'P': 0, 'Q': 0, 'R': 0, 'S': 0, 'T': 2, 'V': 1, 'W': 1, 'Y': 1}",,,,1.38,0.92,1.84,,,,0.38,0.46,0.3,,,,0.89,0.89,0.89,,,,0.54,0.53,0.54,,,,0.15,0.15,0.14,,,,2.37,2.14,2.59,,,,"0 hours, 0 minutes, 49 seconds",,EGFR_patchF,relaxed_filters,default_4stage_multimer
EGFRpH_F_l37_s14679_mpnn4,4stage,37,14679,-0.3,"A431,A434,A436",SNDLVITRTPTSPEMERIVYENPKHNWKVTIENEIPK,"B4,B6,B11,B14,B15,B17,B20,B22,B25,B26,B27,B28,B29,B30,B31,B32,B33,B34",1.1,0.55,0.88,0.89,0.86,,,,0.87,0.87,0.87,,,,0.83,0.86,0.8,,,,0.21,0.18,0.25,,,,0.24,0.2,0.28,,,,0.0,0,0,,,,0.0,0,0,,,,1.5,1,2,,,,0.0,0,0,,,,-115.53,-118.16,-112.89,,,,0.39,0.39,0.39,,,,0.73,0.74,0.72,,,,0.7,0.71,0.69,,,,-58.98,-57.28,-60.67,,,,1579.8,1519.37,1640.24,,,,-3.74,-3.77,-3.7,,,,60.61,58.46,62.75,,,,40.03,41.18,38.89,,,,17.5,17,18,,,,11.5,9,14,,,,65.36,52.94,77.78,,,,3.0,3.0,3.0,,,,17.16,17.65,16.67,,,,0.0,0,0,,,,0.0,0,0,,,,0.0,0,0,,,,0.0,0,0,,,,0.0,0,0,,,,0.0,0,0,,,,"{'A': 0.0, 'C': 0.0, 'D': 0.0, 'E': 2.5, 'F': 0.0, 'G': 0.0, 'H': 1.0, 'I': 2.0, 'K': 1.0, 'L': 1.0, 'M': 1.0, 'N': 3.0, 'P': 0.0, 'Q': 0.0, 'R': 1.0, 'S': 0.0, 'T': 2.0, 'V': 1.0, 'W': 1.0, 'Y': 1.0}","{'A': 0, 'C': 0, 'D': 0, 'E': 2, 'F': 0, 'G': 0, 'H': 1, 'I': 2, 'K': 1, 'L': 1, 'M': 1, 'N': 3, 'P': 0, 'Q': 0, 'R': 1, 'S': 0, 'T': 2, 'V': 1, 'W': 1, 'Y': 1}","{'A': 0, 'C': 0, 'D': 0, 'E': 3, 'F': 0, 'G': 0, 'H': 1, 'I': 2, 'K': 1, 'L': 1, 'M': 1, 'N': 3, 'P': 0, 'Q': 0, 'R': 1, 'S': 0, 'T': 2, 'V': 1, 'W': 1, 'Y': 1}",,,,0.86,0.76,0.97,,,,0.41,0.46,0.36,,,,0.79,0.89,0.69,,,,0.43,0.55,0.3,,,,0.26,0.15,0.37,,,,7.76,1.66,13.87,,,,"0 hours, 0 minutes, 50 seconds",,EGFR_patchF,relaxed_filters,default_4stage_multimer
EGFRpH_F_l37_s14679_mpnn8,4stage,37,14679,-0.3,"A431,A434,A436",SDNLQITREKTSDEMERITYENPEHNWKVTIENEIPK,"B1,B4,B6,B11,B14,B15,B17,B20,B22,B25,B26,B27,B28,B29,B30,B31,B32,B33,B34",1.18,0.4,0.89,0.9,0.88,,,,0.86,0.86,0.87,,,,0.85,0.87,0.83,,,,0.2,0.18,0.22,,,,0.22,0.19,0.25,,,,0.0,0,0,,,,0.0,0,0,,,,5.0,6,4,,,,0.0,0,0,,,,-111.71,-112.02,-111.4,,,,0.29,0.29,0.29,,,,0.72,0.74,0.71,,,,0.68,0.66,0.69,,,,-57.81,-59.21,-56.42,,,,1650.49,1691.26,1609.71,,,,-3.5,-3.5,-3.5,,,,61.78,62.12,61.44,,,,36.84,36.84,36.84,,,,19.0,19,19,,,,11.0,12,10,,,,57.89,63.16,52.63,,,,5.0,3.0,7.0,,,,26.32,15.79,36.84,,,,0.0,0,0,,,,0.0,0,0,,,,0.0,0,0,,,,0.0,0,0,,,,0.0,0,0,,,,0.0,0,0,,,,"{'A': 0.0, 'C': 0.0, 'D': 0.0, 'E': 3.0, 'F': 0.0, 'G': 0.0, 'H': 1.0, 'I': 2.0, 'K': 1.0, 'L': 1.0, 'M': 1.0, 'N': 3.0, 'P': 0.0, 'Q': 0.0, 'R': 1.0, 'S': 1.0, 'T': 2.0, 'V': 1.0, 'W': 1.0, 'Y': 1.0}","{'A': 0, 'C': 0, 'D': 0, 'E': 3, 'F': 0, 'G': 0, 'H': 1, 'I': 2, 'K': 1, 'L': 1, 'M': 1, 'N': 3, 'P': 0, 'Q': 0, 'R': 1, 'S': 1, 'T': 2, 'V': 1, 'W': 1, 'Y': 1}","{'A': 0, 'C': 0, 'D': 0, 'E': 3, 'F': 0, 'G': 0, 'H': 1, 'I': 2, 'K': 1, 'L': 1, 'M': 1, 'N': 3, 'P': 0, 'Q': 0, 'R': 1, 'S': 1, 'T': 2, 'V': 1, 'W': 1, 'Y': 1}",,,,1.11,1.08,1.15,,,,0.4,0.46,0.35,,,,0.9,0.89,0.91,,,,0.54,0.51,0.57,,,,0.15,0.16,0.13,,,,2.24,2.14,2.33,,,,"0 hours, 0 minutes, 50 seconds",,EGFR_patchF,relaxed_filters,default_4stage_multimer
EGFRpH_F_l37_s14679_mpnn10,4stage,37,14679,-0.3,"A431,A434,A436",SDDLKITVTQTSPEMQKIVYENPKHNWKVTIENEIPK,"B1,B4,B6,B11,B14,B15,B17,B20,B22,B25,B26,B27,B28,B29,B30,B31,B32,B33,B34",1.19,0.4,0.89,0.9,0.88,,,,0.86,0.86,0.87,,,,0.83,0.86,0.8,,,,0.21,0.18,0.24,,,,0.24,0.2,0.27,,,,0.0,0,0,,,,0.0,0,0,,,,3.5,3,4,,,,0.0,0,0,,,,-113.03,-115.04,-111.02,,,,0.36,0.36,0.37,,,,0.72,0.73,0.71,,,,0.68,0.66,0.69,,,,-58.56,-61.37,-55.75,,,,1593.38,1612.8,1573.97,,,,-3.67,-3.81,-3.54,,,,61.78,61.87,61.69,,,,36.84,36.84,36.84,,,,19.0,19,19,,,,13.0,13,13,,,,68.42,68.42,68.42,,,,3.5,3.0,4.0,,,,18.42,15.79,21.05,,,,0.0,0,0,,,,0.0,0,0,,,,0.0,0,0,,,,0.0,0,0,,,,0.0,0,0,,,,0.0,0,0,,,,"{'A': 0.0, 'C': 0.0, 'D': 0.0, 'E': 3.0, 'F': 0.0, 'G': 0.0, 'H': 1.0, 'I': 2.0, 'K': 2.0, 'L': 1.0, 'M': 1.0, 'N': 3.0, 'P': 0.0, 'Q': 0.0, 'R': 0.0, 'S': 1.0, 'T': 2.0, 'V': 1.0, 'W': 1.0, 'Y': 1.0}","{'A': 0, 'C': 0, 'D': 0, 'E': 3, 'F': 0, 'G': 0, 'H': 1, 'I': 2, 'K': 2, 'L': 1, 'M': 1, 'N': 3, 'P': 0, 'Q': 0, 'R': 0, 'S': 1, 'T': 2, 'V': 1, 'W': 1, 'Y': 1}","{'A': 0, 'C': 0, 'D': 0, 'E': 3, 'F': 0, 'G': 0, 'H': 1, 'I': 2, 'K': 2, 'L': 1, 'M': 1, 'N': 3, 'P': 0, 'Q': 0, 'R': 0, 'S': 1, 'T': 2, 'V': 1, 'W': 1, 'Y': 1}",,,,1.13,1.09,1.17,,,,0.4,0.46,0.35,,,,0.79,0.88,0.71,,,,0.42,0.52,0.32,,,,0.21,0.16,0.26,,,,3.81,2.34,5.29,,,,"0 hours, 0 minutes, 50 seconds",,EGFR_patchF,relaxed_filters,default_4stage_multimer
EGFRpH_F_l37_s14679_mpnn11,4stage,37,14679,-0.3,"A431,A434,A436",SNDLVITRTETSPEMERITYENPKHNWKVTIENEIPK,"B2,B4,B6,B11,B12,B14,B15,B17,B20,B22,B25,B26,B27,B28,B29,B30,B31,B32,B33,B34",1.2,0.45,0.88,0.89,0.86,,,,0.87,0.87,0.87,,,,0.83,0.86,0.81,,,,0.22,0.19,0.25,,,,0.24,0.2,0.27,,,,0.0,0,0,,,,0.0,0,0,,,,2.5,3,2,,,,0.0,0,0,,,,-108.58,-111.61,-105.54,,,,0.35,0.33,0.37,,,,0.75,0.76,0.74,,,,0.68,0.71,0.65,,,,-60.74,-64.83,-56.66,,,,1627.07,1604.25,1649.89,,,,-3.74,-4.04,-3.43,,,,62.86,60.08,65.64,,,,36.95,38.89,35.0,,,,19.0,18,20,,,,12.5,13,12,,,,66.11,72.22,60.0,,,,3.0,2.0,4.0,,,,15.55,11.11,20.0,,,,0.0,0,0,,,,0.0,0,0,,,,0.0,0,0,,,,0.0,0,0,,,,0.0,0,0,,,,0.0,0,0,,,,"{'A': 0.0, 'C': 0.0, 'D': 0.0, 'E': 3.0, 'F': 0.0, 'G': 0.0, 'H': 1.0, 'I': 2.0, 'K': 1.0, 'L': 1.0, 'M': 1.0, 'N': 3.5, 'P': 0.0, 'Q': 0.0, 'R': 1.0, 'S': 0.5, 'T': 2.0, 'V': 1.0, 'W': 1.0, 'Y': 1.0}","{'A': 0, 'C': 0, 'D': 0, 'E': 3, 'F': 0, 'G': 0, 'H': 1, 'I': 2, 'K': 1, 'L': 1, 'M': 1, 'N': 3, 'P': 0, 'Q': 0, 'R': 1, 'S': 0, 'T': 2, 'V': 1, 'W': 1, 'Y': 1}","{'A': 0, 'C': 0, 'D': 0, 'E': 3, 'F': 0, 'G': 0, 'H': 1, 'I': 2, 'K': 1, 'L': 1, 'M': 1, 'N': 4, 'P': 0, 'Q': 0, 'R': 1, 'S': 1, 'T': 2, 'V': 1, 'W': 1, 'Y': 1}",,,,0.92,0.8,1.04,,,,0.4,0.46,0.35,,,,0.88,0.87,0.89,,,,0.53,0.51,0.55,,,,0.16,0.17,0.14,,,,2.36,2.26,2.46,,,,"0 hours, 0 minutes, 49 seconds",,EGFR_patchF,relaxed_filters,default_4stage_multimer
EGFRpH_F_l39_s747606_mpnn12,4stage,39,747606,-0.3,"A431,A434,A436",MVERRVIRTPMMEVIVETPVDENGNDTGGDQRYYVRKRP,"B7,B8,B9,B10,B11,B12,B14,B16,B28,B29,B30,B31,B32,B33,B34,B35,B36,B37",0.91,0.55,0.9,0.89,0.9,,,,0.87,0.86,0.88,,,,0.84,0.84,0.85,,,,0.2,0.2,0.19,,,,0.21,0.21,0.21,,,,0.0,0,0,,,,0.0,0,0,,,,0.5,1,0,,,,0.0,0,0,,,,-120.55,-121.45,-119.64,,,,0.47,0.47,0.47,,,,0.7,0.67,0.72,,,,0.64,0.64,0.64,,,,-53.52,-56.11,-50.93,,,,1581.71,1548.83,1614.59,,,,-3.38,-3.62,-3.15,,,,61.86,61.06,62.65,,,,50.0,50.0,50.0,,,,18.0,18,18,,,,7.5,8,7,,,,41.66,44.44,38.89,,,,4.5,5.0,4.0,,,,25.0,27.78,22.22,,,,0.0,0,0,,,,0.0,0,0,,,,0.0,0,0,,,,0.0,0,0,,,,0.0,0,0,,,,0.0,0,0,,,,"{'A': 0.0, 'C': 0.0, 'D': 1.0, 'E': 0.0, 'F': 0.0, 'G': 2.0, 'H': 0.0, 'I': 1.0, 'K': 1.0, 'L': 0.0, 'M': 2.0, 'N': 0.0, 'P': 1.0, 'Q': 1.0, 'R': 3.0, 'S': 0.0, 'T': 1.0, 'V': 3.0, 'W': 0.0, 'Y': 2.0}","{'A': 0, 'C': 0, 'D': 1, 'E': 0, 'F': 0, 'G': 2, 'H': 0, 'I': 1, 'K': 1, 'L': 0, 'M': 2, 'N': 0, 'P': 1, 'Q': 1, 'R': 3, 'S': 0, 'T': 1, 'V': 3, 'W': 0, 'Y': 2}","{'A': 0, 'C': 0, 'D': 1, 'E': 0, 'F': 0, 'G': 2, 'H': 0, 'I': 1, 'K': 1, 'L': 0, 'M': 2, 'N': 0, 'P': 1, 'Q': 1, 'R': 3, 'S': 0, 'T': 1, 'V': 3, 'W': 0, 'Y': 2}",,,,1.27,1.08,1.47,,,,0.4,0.44,0.37,,,,0.93,0.92,0.94,,,,0.56,0.55,0.57,,,,0.11,0.12,0.11,,,,1.6,1.61,1.59,,,,"0 hours, 1 minutes, 6 seconds",,EGFR_patchF,relaxed_filters,default_4stage_multimer
EGFRpH_F_l39_s747606_mpnn13,4stage,39,747606,-0.3,"A431,A434,A436",MVERRVIRTPMMEVVVETPVDENGNPTGGDQRYYVRKRP,"B7,B8,B9,B10,B12,B14,B16,B28,B29,B30,B31,B32,B33,B34,B35,B36,B37",0.92,0.45,0.88,0.87,0.88,,,,0.86,0.86,0.87,,,,0.82,0.81,0.83,,,,0.21,0.22,0.21,,,,0.23,0.24,0.23,,,,0.0,0,0,,,,0.0,0,0,,,,1.0,1,1,,,,0.0,0,0,,,,-121.66,-120.77,-122.54,,,,0.5,0.5,0.5,,,,0.68,0.69,0.66,,,,0.61,0.63,0.6,,,,-54.34,-55.63,-53.05,,,,1530.6,1557.44,1503.76,,,,-3.55,-3.57,-3.53,,,,59.49,61.19,57.79,,,,48.53,50.0,47.06,,,,17.5,18,17,,,,8.0,8,8,,,,45.75,44.44,47.06,,,,5.0,6.0,4.0,,,,28.43,33.33,23.53,,,,0.0,0,0,,,,0.0,0,0,,,,0.0,0,0,,,,0.0,0,0,,,,0.0,0,0,,,,0.0,0,0,,,,"{'A': 0.0, 'C': 0.0, 'D': 1.0, 'E': 0.0, 'F': 0.0, 'G': 2.0, 'H': 0.0, 'I': 1.0, 'K': 1.0, 'L': 0.0, 'M': 1.5, 'N': 0.0, 'P': 1.0, 'Q': 1.0, 'R': 3.0, 'S': 0.0, 'T': 1.0, 'V': 3.0, 'W': 0.0, 'Y': 2.0}","{'A': 0, 'C': 0, 'D': 1, 'E': 0, 'F': 0, 'G': 2, 'H': 0, 'I': 1, 'K': 1, 'L': 0, 'M': 2, 'N': 0, 'P': 1, 'Q': 1, 'R': 3, 'S': 0, 'T': 1, 'V': 3, 'W': 0, 'Y': 2}","{'A': 0, 'C': 0, 'D': 1, 'E': 0, 'F': 0, 'G': 2, 'H': 0, 'I': 1, 'K': 1, 'L': 0, 'M': 1, 'N': 0, 'P': 1, 'Q': 1, 'R': 3, 'S': 0, 'T': 1, 'V': 3, 'W': 0, 'Y': 2}",,,,1.22,0.98,1.46,,,,0.4,0.43,0.36,,,,0.91,0.9,0.92,,,,0.55,0.53,0.56,,,,0.13,0.14,0.12,,,,1.73,1.7,1.76,,,,"0 hours, 0 minutes, 50 seconds",,EGFR_patchF,relaxed_filters,default_4stage_multimer
EGFRpH_F_l39_s747606_mpnn16,4stage,39,747606,-0.3,"A431,A434,A436",PVERRVIRTPMMEVVVETPVDEEGNDTGGDQRYYVRKRP,"B7,B8,B9,B10,B12,B14,B16,B28,B29,B30,B31,B32,B33,B34,B35,B36,B37",0.96,0.45,0.88,0.87,0.89,,,,0.86,0.85,0.87,,,,0.81,0.8,0.83,,,,0.22,0.23,0.21,,,,0.24,0.25,0.23,,,,0.0,0,0,,,,0.0,0,0,,,,1.0,1,1,,,,0.0,0,0,,,,-124.67,-125.37,-123.97,,,,0.47,0.47,0.47,,,,0.67,0.69,0.65,,,,0.64,0.63,0.64,,,,-52.5,-53.0,-51.99,,,,1526.78,1506.74,1546.83,,,,-3.44,-3.52,-3.36,,,,57.99,57.76,58.22,,,,48.53,50.0,47.06,,,,17.5,18,17,,,,8.0,8,8,,,,45.75,44.44,47.06,,,,5.0,5.0,5.0,,,,28.59,27.78,29.41,,,,0.0,0,0,,,,0.0,0,0,,,,0.0,0,0,,,,0.0,0,0,,,,0.0,0,0,,,,0.0,0,0,,,,"{'A': 0.0, 'C': 0.0, 'D': 1.0, 'E': 0.0, 'F': 0.0, 'G': 2.0, 'H': 0.0, 'I': 1.0, 'K': 1.0, 'L': 0.0, 'M': 1.5, 'N': 0.0, 'P': 1.0, 'Q': 1.0, 'R': 3.0, 'S': 0.0, 'T': 1.0, 'V': 3.0, 'W': 0.0, 'Y': 2.0}","{'A': 0, 'C': 0, 'D': 1, 'E': 0, 'F': 0, 'G': 2, 'H': 0, 'I': 1, 'K': 1, 'L': 0, 'M': 2, 'N': 0, 'P': 1, 'Q': 1, 'R': 3, 'S': 0, 'T': 1, 'V': 3, 'W': 0, 'Y': 2}","{'A': 0, 'C': 0, 'D': 1, 'E': 0, 'F': 0, 'G': 2, 'H': 0, 'I': 1, 'K': 1, 'L': 0, 'M': 1, 'N': 0, 'P': 1, 'Q': 1, 'R': 3, 'S': 0, 'T': 1, 'V': 3, 'W': 0, 'Y': 2}",,,,1.33,1.03,1.63,,,,0.38,0.42,0.34,,,,0.93,0.92,0.94,,,,0.56,0.55,0.58,,,,0.11,0.12,0.11,,,,1.77,1.7,1.83,,,,"0 hours, 0 minutes, 50 seconds",,EGFR_patchF,relaxed_filters,default_4stage_multimer
EGFRpH_F_l32_s730522_mpnn1,4stage,32,730522,-0.3,"A431,A434,A436",RIVVAGISKEQADRLAAHAKKHNLDMTFIPSR,"B1,B2,B3,B4,B5,B6,B7,B11,B15,B18,B22,B24,B26,B28,B29,B31,B32",1.05,0.38,0.92,0.92,0.92,,,,0.87,0.86,0.88,,,,0.88,0.88,0.88,,,,0.15,0.15,0.15,,,,0.17,0.17,0.16,,,,0.0,0,0,,,,0.0,0,0,,,,0.0,0,0,,,,0.0,0,0,,,,-100.69,-100.63,-100.76,,,,0.38,0.38,0.38,,,,0.67,0.66,0.67,,,,0.68,0.68,0.68,,,,-49.16,-50.21,-48.1,,,,1451.97,1473.74,1430.21,,,,-3.38,-3.41,-3.36,,,,68.82,68.07,69.57,,,,58.82,58.82,58.82,,,,17.0,17,17,,,,8.0,9,7,,,,47.06,52.94,41.18,,,,2.0,2.0,2.0,,,,11.76,11.76,11.76,,,,0.0,0,0,,,,0.0,0,0,,,,0.0,0,0,,,,0.0,0,0,,,,0.0,0,0,,,,0.0,0,0,,,,"{'A': 1.0, 'C': 0.0, 'D': 0.0, 'E': 0.0, 'F': 1.0, 'G': 1.0, 'H': 2.0, 'I': 3.0, 'K': 0.0, 'L': 2.0, 'M': 1.0, 'N': 0.0, 'P': 0.0, 'Q': 1.0, 'R': 2.0, 'S': 1.0, 'T': 0.0, 'V': 2.0, 'W': 0.0, 'Y': 0.0}","{'A': 1, 'C': 0, 'D': 0, 'E': 0, 'F': 1, 'G': 1, 'H': 2, 'I': 3, 'K': 0, 'L': 2, 'M': 1, 'N': 0, 'P': 0, 'Q': 1, 'R': 2, 'S': 1, 'T': 0, 'V': 2, 'W': 0, 'Y': 0}","{'A': 1, 'C': 0, 'D': 0, 'E': 0, 'F': 1, 'G': 1, 'H': 2, 'I': 3, 'K': 0, 'L': 2, 'M': 1, 'N': 0, 'P': 0, 'Q': 1, 'R': 2, 'S': 1, 'T': 0, 'V': 2, 'W': 0, 'Y': 0}",,,,0.69,0.61,0.76,,,,0.45,0.48,0.42,,,,0.84,0.85,0.83,,,,0.43,0.43,0.43,,,,0.14,0.14,0.14,,,,2.44,2.71,2.17,,,,"0 hours, 1 minutes, 31 seconds","Absorption value is 0.0, consider adding tryptophane to design.",EGFR_patchF,relaxed_filters,default_4stage_multimer
EGFRpH_F_l32_s730522_mpnn2,4stage,32,730522,-0.3,"A431,A434,A436",RIVVAGISKEQAERLSEHAKKHNLDMTFIPSR,"B1,B2,B3,B4,B5,B6,B7,B11,B15,B18,B19,B22,B24,B26,B28,B29,B31,B32",1.07,0.46,0.92,0.92,0.92,,,,0.87,0.86,0.88,,,,0.89,0.88,0.89,,,,0.15,0.15,0.14,,,,0.17,0.17,0.16,,,,0.0,0,0,,,,0.0,0,0,,,,0.0,0,0,,,,0.0,0,0,,,,-100.19,-99.22,-101.16,,,,0.31,0.31,0.31,,,,0.71,0.69,0.74,,,,0.66,0.66,0.65,,,,-50.09,-48.49,-51.69,,,,1420.13,1460.95,1379.32,,,,-3.54,-3.32,-3.75,,,,66.84,68.13,65.55,,,,59.97,58.82,61.11,,,,17.5,17,18,,,,8.0,10,6,,,,46.08,58.82,33.33,,,,2.5,3.0,2.0,,,,14.38,17.65,11.11,,,,0.0,0,0,,,,0.0,0,0,,,,0.0,0,0,,,,0.0,0,0,,,,0.0,0,0,,,,0.0,0,0,,,,"{'A': 1.5, 'C': 0.0, 'D': 0.0, 'E': 0.0, 'F': 1.0, 'G': 1.0, 'H': 2.0, 'I': 3.0, 'K': 0.0, 'L': 2.0, 'M': 1.0, 'N': 0.0, 'P': 0.0, 'Q': 1.0, 'R': 2.0, 'S': 1.0, 'T': 0.0, 'V': 2.0, 'W': 0.0, 'Y': 0.0}","{'A': 1, 'C': 0, 'D': 0, 'E': 0, 'F': 1, 'G': 1, 'H': 2, 'I': 3, 'K': 0, 'L': 2, 'M': 1, 'N': 0, 'P': 0, 'Q': 1, 'R': 2, 'S': 1, 'T': 0, 'V': 2, 'W': 0, 'Y': 0}","{'A': 2, 'C': 0, 'D': 0, 'E': 0, 'F': 1, 'G': 1, 'H': 2, 'I': 3, 'K': 0, 'L': 2, 'M': 1, 'N': 0, 'P': 0, 'Q': 1, 'R': 2, 'S': 1, 'T': 0, 'V': 2, 'W': 0, 'Y': 0}",,,,0.59,0.54,0.65,,,,0.45,0.48,0.43,,,,0.86,0.85,0.88,,,,0.45,0.43,0.47,,,,0.12,0.14,0.11,,,,2.29,2.41,2.17,,,,"0 hours, 0 minutes, 46 seconds","Absorption value is 0.0, consider adding tryptophane to design.",EGFR_patchF,relaxed_filters,default_4stage_multimer
EGFRpH_F_l32_s730522_mpnn3,4stage,32,730522,-0.3,"A431,A434,A436",RIVVAGISKEQADRLSEHAKKHNLDMTFIPSR,"B1,B2,B3,B4,B5,B6,B7,B11,B15,B18,B22,B24,B26,B28,B29,B31,B32",1.07,0.38,0.93,0.92,0.93,,,,0.87,0.86,0.88,,,,0.89,0.88,0.89,,,,0.15,0.15,0.14,,,,0.17,0.17,0.16,,,,0.0,0,0,,,,0.0,0,0,,,,0.0,0,0,,,,0.0,0,0,,,,-100.41,-98.41,-102.41,,,,0.3,0.31,0.28,,,,0.71,0.72,0.71,,,,0.64,0.65,0.62,,,,-51.21,-50.31,-52.11,,,,1432.08,1417.49,1446.66,,,,-3.58,-3.55,-3.6,,,,66.75,64.5,69.0,,,,59.97,61.11,58.82,,,,17.5,18,17,,,,8.5,10,7,,,,48.37,55.56,41.18,,,,2.5,2.0,3.0,,,,14.38,11.11,17.65,,,,0.0,0,0,,,,0.0,0,0,,,,0.0,0,0,,,,0.0,0,0,,,,0.0,0,0,,,,0.0,0,0,,,,"{'A': 1.5, 'C': 0.0, 'D': 0.0, 'E': 0.0, 'F': 1.0, 'G': 1.0, 'H': 2.0, 'I': 3.0, 'K': 0.0, 'L': 2.0, 'M': 1.0, 'N': 0.0, 'P': 0.0, 'Q': 1.0, 'R': 2.0, 'S': 1.0, 'T': 0.0, 'V': 2.0, 'W': 0.0, 'Y': 0.0}","{'A': 2, 'C': 0, 'D': 0, 'E': 0, 'F': 1, 'G': 1, 'H': 2, 'I': 3, 'K': 0, 'L': 2, 'M': 1, 'N': 0, 'P': 0, 'Q': 1, 'R': 2, 'S': 1, 'T': 0, 'V': 2, 'W': 0, 'Y': 0}","{'A': 1, 'C': 0, 'D': 0, 'E': 0, 'F': 1, 'G': 1, 'H': 2, 'I': 3, 'K': 0, 'L': 2, 'M': 1, 'N': 0, 'P': 0, 'Q': 1, 'R': 2, 'S': 1, 'T': 0, 'V': 2, 'W': 0, 'Y': 0}",,,,0.64,0.56,0.72,,,,0.46,0.49,0.43,,,,0.88,0.87,0.88,,,,0.46,0.45,0.47,,,,0.11,0.12,0.11,,,,2.34,2.51,2.18,,,,"0 hours, 0 minutes, 46 seconds","Absorption value is 0.0, consider adding tryptophane to design.",EGFR_patchF,relaxed_filters,default_4stage_multimer
EGFRpH_F_l42_s245171_mpnn1,4stage,42,245171,-0.3,"A431,A434,A436",KTMMITIKDAEGKVYKVPVDHLTREMIDPDNKNLEITMEYEE,"B3,B5,B7,B19,B20,B22,B23,B24,B27,B32,B33,B34,B35,B36,B37,B38,B39,B40",1.05,0.26,0.84,0.85,0.84,,,,0.88,0.87,0.88,,,,0.85,0.85,0.85,,,,0.2,0.19,0.2,,,,0.21,0.2,0.22,,,,0.0,0,0,,,,0.0,0,0,,,,2.0,2,2,,,,0.0,0,0,,,,-113.85,-114.39,-113.32,,,,0.41,0.42,0.4,,,,0.76,0.76,0.75,,,,0.64,0.64,0.63,,,,-66.05,-64.23,-67.86,,,,1695.85,1667.89,1723.81,,,,-3.9,-3.85,-3.94,,,,60.8,60.39,61.22,,,,55.56,55.56,55.56,,,,18.0,18,18,,,,8.5,9,8,,,,47.22,50.0,44.44,,,,3.5,3.0,4.0,,,,19.45,16.67,22.22,,,,0.0,0,0,,,,0.0,0,0,,,,0.0,0,0,,,,0.0,0,0,,,,0.0,0,0,,,,0.0,0,0,,,,"{'A': 0.0, 'C': 0.0, 'D': 1.0, 'E': 2.0, 'F': 0.0, 'G': 0.0, 'H': 0.0, 'I': 4.0, 'K': 1.0, 'L': 2.0, 'M': 2.0, 'N': 1.0, 'P': 0.0, 'Q': 0.0, 'R': 1.0, 'S': 0.0, 'T': 2.0, 'V': 1.0, 'W': 0.0, 'Y': 1.0}","{'A': 0, 'C': 0, 'D': 1, 'E': 2, 'F': 0, 'G': 0, 'H': 0, 'I': 4, 'K': 1, 'L': 2, 'M': 2, 'N': 1, 'P': 0, 'Q': 0, 'R': 1, 'S': 0, 'T': 2, 'V': 1, 'W': 0, 'Y': 1}","{'A': 0, 'C': 0, 'D': 1, 'E': 2, 'F': 0, 'G': 0, 'H': 0, 'I': 4, 'K': 1, 'L': 2, 'M': 2, 'N': 1, 'P': 0, 'Q': 0, 'R': 1, 'S': 0, 'T': 2, 'V': 1, 'W': 0, 'Y': 1}",,,,1.17,1.18,1.16,,,,0.35,0.41,0.29,,,,0.81,0.85,0.77,,,,0.5,0.53,0.47,,,,0.18,0.16,0.21,,,,2.5,1.99,3.02,,,,"0 hours, 1 minutes, 39 seconds",,EGFR_patchF,relaxed_filters,default_4stage_multimer
EGFRpH_F_l42_s245171_mpnn2,4stage,42,245171,-0.3,"A431,A434,A436",KTMVITIKDANGNVYTVPVDHLTREMIDPDNKNLEITMEYQE,"B3,B5,B7,B19,B20,B22,B23,B24,B27,B29,B32,B33,B34,B35,B36,B37,B38,B39,B40",1.05,0.26,0.85,0.86,0.85,,,,0.88,0.87,0.88,,,,0.86,0.86,0.86,,,,0.18,0.18,0.19,,,,0.2,0.2,0.2,,,,0.0,0,0,,,,0.0,0,0,,,,1.5,2,1,,,,0.0,0,0,,,,-117.48,-121.49,-113.48,,,,0.38,0.38,0.37,,,,0.72,0.73,0.72,,,,0.59,0.55,0.64,,,,-64.51,-65.78,-63.24,,,,1740.17,1715.1,1765.24,,,,-3.71,-3.84,-3.58,,,,62.55,62.15,62.95,,,,55.26,52.63,57.89,,,,19.0,19,19,,,,9.0,8,10,,,,47.37,42.11,52.63,,,,5.0,6.0,4.0,,,,26.31,31.58,21.05,,,,0.0,0,0,,,,0.0,0,0,,,,0.0,0,0,,,,0.0,0,0,,,,0.0,0,0,,,,0.0,0,0,,,,"{'A': 0.0, 'C': 0.0, 'D': 1.0, 'E': 2.0, 'F': 0.0, 'G': 0.0, 'H': 0.0, 'I': 4.0, 'K': 1.0, 'L': 2.0, 'M': 2.0, 'N': 1.5, 'P': 0.5, 'Q': 0.0, 'R': 1.0, 'S': 0.0, 'T': 2.0, 'V': 1.0, 'W': 0.0, 'Y': 1.0}","{'A': 0, 'C': 0, 'D': 1, 'E': 2, 'F': 0, 'G': 0, 'H': 0, 'I': 4, 'K': 1, 'L': 2, 'M': 2, 'N': 2, 'P': 0, 'Q': 0, 'R': 1, 'S': 0, 'T': 2, 'V': 1, 'W': 0, 'Y': 1}","{'A': 0, 'C': 0, 'D': 1, 'E': 2, 'F': 0, 'G': 0, 'H': 0, 'I': 4, 'K': 1, 'L': 2, 'M': 2, 'N': 1, 'P': 1, 'Q': 0, 'R': 1, 'S': 0, 'T': 2, 'V': 1, 'W': 0, 'Y': 1}",,,,1.19,1.16,1.21,,,,0.34,0.4,0.29,,,,0.83,0.85,0.82,,,,0.55,0.57,0.54,,,,0.16,0.15,0.17,,,,1.9,1.76,2.04,,,,"0 hours, 0 minutes, 51 seconds",,EGFR_patchF,relaxed_filters,default_4stage_multimer
EGFRpH_F_l42_s245171_mpnn4,4stage,42,245171,-0.3,"A431,A434,A436",KTMVITIKDAEGKVTKVPVDHLTREHIDPDNKNLEITMEYEE,"B3,B5,B7,B10,B19,B20,B22,B23,B24,B27,B29,B32,B33,B34,B35,B36,B37,B38,B39,B40",1.07,0.26,0.86,0.86,0.86,,,,0.88,0.87,0.89,,,,0.86,0.86,0.87,,,,0.19,0.19,0.19,,,,0.2,0.2,0.2,,,,0.0,0,0,,,,0.0,0,0,,,,1.0,1,1,,,,0.0,0,0,,,,-114.31,-119.49,-109.12,,,,0.4,0.39,0.41,,,,0.69,0.69,0.7,,,,0.64,0.68,0.59,,,,-63.12,-61.44,-64.79,,,,1814.78,1787.8,1841.76,,,,-3.48,-3.44,-3.52,,,,67.46,68.23,66.69,,,,56.31,52.63,60.0,,,,19.5,19,20,,,,7.5,8,7,,,,38.55,42.11,35.0,,,,6.0,7.0,5.0,,,,30.92,36.84,25.0,,,,0.0,0,0,,,,0.0,0,0,,,,0.0,0,0,,,,0.0,0,0,,,,0.0,0,0,,,,0.0,0,0,,,,"{'A': 0.5, 'C': 0.0, 'D': 1.0, 'E': 2.0, 'F': 0.0, 'G': 0.0, 'H': 0.0, 'I': 4.0, 'K': 1.0, 'L': 2.0, 'M': 2.0, 'N': 1.5, 'P': 0.5, 'Q': 0.0, 'R': 1.0, 'S': 0.0, 'T': 2.0, 'V': 1.0, 'W': 0.0, 'Y': 1.0}","{'A': 0, 'C': 0, 'D': 1, 'E': 2, 'F': 0, 'G': 0, 'H': 0, 'I': 4, 'K': 1, 'L': 2, 'M': 2, 'N': 2, 'P': 0, 'Q': 0, 'R': 1, 'S': 0, 'T': 2, 'V': 1, 'W': 0, 'Y': 1}","{'A': 1, 'C': 0, 'D': 1, 'E': 2, 'F': 0, 'G': 0, 'H': 0, 'I': 4, 'K': 1, 'L': 2, 'M': 2, 'N': 1, 'P': 1, 'Q': 0, 'R': 1, 'S': 0, 'T': 2, 'V': 1, 'W': 0, 'Y': 1}",,,,2.12,2.09,2.16,,,,0.37,0.43,0.31,,,,0.86,0.88,0.85,,,,0.56,0.57,0.55,,,,0.15,0.14,0.15,,,,1.79,1.72,1.87,,,,"0 hours, 0 minutes, 52 seconds",,EGFR_patchF,relaxed_filters,default_4stage_multimer
EGFRpH_F_l42_s245171_mpnn5,4stage,42,245171,-0.3,"A431,A434,A436",KTMVITIKDADGKVTTVPVDHLTREMIDPDNKNLEITMEYQE,"B3,B5,B7,B19,B20,B22,B23,B24,B27,B29,B31,B32,B33,B34,B35,B36,B37,B38,B39,B40",1.08,0.26,0.85,0.86,0.85,,,,0.88,0.87,0.88,,,,0.86,0.86,0.86,,,,0.19,0.19,0.19,,,,0.2,0.2,0.2,,,,0.0,0,0,,,,0.0,0,0,,,,0.5,1,0,,,,0.0,0,0,,,,-116.52,-116.12,-116.91,,,,0.38,0.36,0.39,,,,0.73,0.7,0.77,,,,0.62,0.63,0.62,,,,-68.15,-66.73,-69.57,,,,1760.57,1807.63,1713.5,,,,-3.88,-3.69,-4.06,,,,63.52,66.35,60.68,,,,55.0,55.0,55.0,,,,20.0,20,20,,,,7.5,7,8,,,,37.5,35.0,40.0,,,,6.5,9.0,4.0,,,,32.5,45.0,20.0,,,,0.0,0,0,,,,0.0,0,0,,,,0.0,0,0,,,,0.0,0,0,,,,0.0,0,0,,,,0.0,0,0,,,,"{'A': 0.0, 'C': 0.0, 'D': 1.0, 'E': 2.0, 'F': 0.0, 'G': 0.0, 'H': 0.0, 'I': 4.0, 'K': 1.0, 'L': 2.0, 'M': 2.0, 'N': 2.0, 'P': 1.0, 'Q': 0.0, 'R': 1.0, 'S': 0.0, 'T': 2.0, 'V': 1.0, 'W': 0.0, 'Y': 1.0}","{'A': 0, 'C': 0, 'D': 1, 'E': 2, 'F': 0, 'G': 0, 'H': 0, 'I': 4, 'K': 1, 'L': 2, 'M': 2, 'N': 2, 'P': 1, 'Q': 0, 'R': 1, 'S': 0, 'T': 2, 'V': 1, 'W': 0, 'Y': 1}","{'A': 0, 'C': 0, 'D': 1, 'E': 2, 'F': 0, 'G': 0, 'H': 0, 'I': 4, 'K': 1, 'L': 2, 'M': 2, 'N': 2, 'P': 1, 'Q': 0, 'R': 1, 'S': 0, 'T': 2, 'V': 1, 'W': 0, 'Y': 1}",,,,1.25,1.27,1.22,,,,0.36,0.41,0.3,,,,0.85,0.86,0.85,,,,0.56,0.56,0.57,,,,0.15,0.15,0.15,,,,1.75,1.68,1.81,,,,"0 hours, 0 minutes, 52 seconds",,EGFR_patchF,relaxed_filters,default_4stage_multimer
EGFRpH_F_l42_s245171_mpnn6,4stage,42,245171,-0.3,"A431,A434,A436",KTMMITIKDAKGKVYTVPVDHLTREMIDPDNKNLEITMEYVE,"B3,B5,B7,B19,B20,B22,B23,B24,B27,B32,B33,B34,B35,B36,B37,B38,B39,B40",1.09,0.22,0.85,0.86,0.85,,,,0.88,0.87,0.88,,,,0.86,0.86,0.86,,,,0.18,0.18,0.19,,,,0.2,0.2,0.2,,,,0.0,0,0,,,,0.0,0,0,,,,2.0,2,2,,,,0.0,0,0,,,,-115.11,-117.36,-112.86,,,,0.43,0.43,0.44,,,,0.77,0.76,0.77,,,,0.6,0.61,0.6,,,,-66.84,-69.05,-64.63,,,,1698.67,1758.37,1638.98,,,,-3.94,-3.93,-3.94,,,,60.56,62.28,58.85,,,,54.09,52.63,55.56,,,,18.5,19,18,,,,8.0,8,8,,,,43.27,42.11,44.44,,,,4.5,5.0,4.0,,,,24.27,26.32,22.22,,,,0.0,0,0,,,,0.0,0,0,,,,0.0,0,0,,,,0.0,0,0,,,,0.0,0,0,,,,0.0,0,0,,,,"{'A': 0.0, 'C': 0.0, 'D': 1.0, 'E': 2.0, 'F': 0.0, 'G': 0.0, 'H': 0.0, 'I': 4.0, 'K': 1.0, 'L': 2.0, 'M': 2.0, 'N': 1.5, 'P': 0.0, 'Q': 0.0, 'R': 1.0, 'S': 0.0, 'T': 2.0, 'V': 1.0, 'W': 0.0, 'Y': 1.0}","{'A': 0, 'C': 0, 'D': 1, 'E': 2, 'F': 0, 'G': 0, 'H': 0, 'I': 4, 'K': 1, 'L': 2, 'M': 2, 'N': 2, 'P': 0, 'Q': 0, 'R': 1, 'S': 0, 'T': 2, 'V': 1, 'W': 0, 'Y': 1}","{'A': 0, 'C': 0, 'D': 1, 'E': 2, 'F': 0, 'G': 0, 'H': 0, 'I': 4, 'K': 1, 'L': 2, 'M': 2, 'N': 1, 'P': 0, 'Q': 0, 'R': 1, 'S': 0, 'T': 2, 'V': 1, 'W': 0, 'Y': 1}",,,,1.14,1.18,1.09,,,,0.36,0.41,0.3,,,,0.79,0.86,0.72,,,,0.51,0.58,0.43,,,,0.2,0.14,0.25,,,,2.65,1.85,3.44,,,,"0 hours, 0 minutes, 47 seconds",,EGFR_patchF,relaxed_filters,default_4stage_multimer
EGFRpH_F_l42_s245171_mpnn7,4stage,42,245171,-0.3,"A431,A434,A436",KTMVITIKDAEGKVTKVPVDHLTREDIDPDNKNLEITMEYEE,"B3,B5,B7,B19,B20,B22,B23,B24,B27,B29,B31,B32,B33,B34,B35,B36,B37,B38,B39,B40",1.1,0.26,0.83,0.83,0.83,,,,0.88,0.87,0.88,,,,0.84,0.84,0.85,,,,0.21,0.21,0.21,,,,0.22,0.22,0.22,,,,0.0,0,0,,,,0.0,0,0,,,,1.0,2,0,,,,0.0,0,0,,,,-117.24,-116.72,-117.76,,,,0.41,0.39,0.42,,,,0.74,0.74,0.75,,,,0.62,0.6,0.65,,,,-66.9,-67.37,-66.43,,,,1728.93,1713.58,1744.28,,,,-3.87,-3.93,-3.81,,,,61.83,61.54,62.12,,,,55.0,55.0,55.0,,,,20.0,20,20,,,,8.5,8,9,,,,42.5,40.0,45.0,,,,4.0,4.0,4.0,,,,20.0,20.0,20.0,,,,0.0,0,0,,,,0.0,0,0,,,,0.0,0,0,,,,0.0,0,0,,,,0.0,0,0,,,,0.0,0,0,,,,"{'A': 0.0, 'C': 0.0, 'D': 1.0, 'E': 2.0, 'F': 0.0, 'G': 0.0, 'H': 0.0, 'I': 4.0, 'K': 1.0, 'L': 2.0, 'M': 2.0, 'N': 2.0, 'P': 1.0, 'Q': 0.0, 'R': 1.0, 'S': 0.0, 'T': 2.0, 'V': 1.0, 'W': 0.0, 'Y': 1.0}","{'A': 0, 'C': 0, 'D': 1, 'E': 2, 'F': 0, 'G': 0, 'H': 0, 'I': 4, 'K': 1, 'L': 2, 'M': 2, 'N': 2, 'P': 1, 'Q': 0, 'R': 1, 'S': 0, 'T': 2, 'V': 1, 'W': 0, 'Y': 1}","{'A': 0, 'C': 0, 'D': 1, 'E': 2, 'F': 0, 'G': 0, 'H': 0, 'I': 4, 'K': 1, 'L': 2, 'M': 2, 'N': 2, 'P': 1, 'Q': 0, 'R': 1, 'S': 0, 'T': 2, 'V': 1, 'W': 0, 'Y': 1}",,,,1.15,1.16,1.15,,,,0.36,0.42,0.3,,,,0.84,0.86,0.83,,,,0.54,0.55,0.53,,,,0.15,0.15,0.16,,,,1.79,1.76,1.81,,,,"0 hours, 0 minutes, 50 seconds",,EGFR_patchF,relaxed_filters,default_4stage_multimer
EGFRpH_F_l42_s245171_mpnn8,4stage,42,245171,-0.3,"A431,A434,A436",KTMVITIKRADGVVTRVPVDHLTREHIDPDDKNLEITMEYEE,"B3,B5,B7,B8,B19,B20,B22,B23,B24,B27,B29,B31,B32,B33,B34,B35,B36,B37,B38,B39,B40",1.1,0.3,0.87,0.87,0.87,,,,0.88,0.87,0.89,,,,0.86,0.86,0.87,,,,0.18,0.18,0.18,,,,0.2,0.2,0.19,,,,0.0,0,0,,,,0.0,0,0,,,,1.0,2,0,,,,0.0,0,0,,,,-126.77,-124.66,-128.89,,,,0.42,0.43,0.41,,,,0.71,0.72,0.7,,,,0.58,0.58,0.58,,,,-64.19,-64.01,-64.38,,,,1775.53,1735.78,1815.27,,,,-3.62,-3.69,-3.55,,,,64.84,62.8,66.88,,,,50.0,47.62,52.38,,,,21.0,21,21,,,,7.5,8,7,,,,35.72,38.1,33.33,,,,4.0,4.0,4.0,,,,19.05,19.05,19.05,,,,0.0,0,0,,,,0.0,0,0,,,,0.0,0,0,,,,0.0,0,0,,,,0.0,0,0,,,,0.0,0,0,,,,"{'A': 0.0, 'C': 0.0, 'D': 2.0, 'E': 2.0, 'F': 0.0, 'G': 0.0, 'H': 1.0, 'I': 3.5, 'K': 1.5, 'L': 2.0, 'M': 2.0, 'N': 1.0, 'P': 1.0, 'Q': 0.0, 'R': 1.0, 'S': 0.0, 'T': 2.0, 'V': 1.0, 'W': 0.0, 'Y': 1.0}","{'A': 0, 'C': 0, 'D': 2, 'E': 2, 'F': 0, 'G': 0, 'H': 2, 'I': 3, 'K': 1, 'L': 2, 'M': 2, 'N': 1, 'P': 1, 'Q': 0, 'R': 1, 'S': 0, 'T': 2, 'V': 1, 'W': 0, 'Y': 1}","{'A': 0, 'C': 0, 'D': 2, 'E': 2, 'F': 0, 'G': 0, 'H': 0, 'I': 4, 'K': 2, 'L': 2, 'M': 2, 'N': 1, 'P': 1, 'Q': 0, 'R': 1, 'S': 0, 'T': 2, 'V': 1, 'W': 0, 'Y': 1}",,,,1.26,1.25,1.27,,,,0.36,0.42,0.31,,,,0.89,0.89,0.88,,,,0.59,0.58,0.6,,,,0.13,0.13,0.13,,,,1.64,1.58,1.69,,,,"0 hours, 0 minutes, 51 seconds",,EGFR_patchF,relaxed_filters,default_4stage_multimer
EGFRpH_F_l42_s245171_mpnn9,4stage,42,245171,-0.3,"A431,A434,A436",KTMMITIKDANGKVTKVPVDHLTREHIDPDNKNLEITMEYEE,"B3,B5,B7,B19,B20,B22,B23,B24,B27,B32,B33,B34,B35,B36,B37,B38,B39,B40",1.1,0.22,0.84,0.84,0.85,,,,0.88,0.87,0.88,,,,0.85,0.85,0.86,,,,0.2,0.2,0.2,,,,0.21,0.21,0.21,,,,0.0,0,0,,,,0.0,0,0,,,,3.0,4,2,,,,0.0,0,0,,,,-112.33,-112.0,-112.66,,,,0.39,0.38,0.4,,,,0.73,0.7,0.76,,,,0.62,0.61,0.63,,,,-60.52,-60.69,-60.35,,,,1657.51,1658.1,1656.92,,,,-3.65,-3.66,-3.64,,,,58.44,58.31,58.57,,,,55.56,55.56,55.56,,,,18.0,18,18,,,,7.5,7,8,,,,41.66,38.89,44.44,,,,3.0,4.0,2.0,,,,16.66,22.22,11.11,,,,0.0,0,0,,,,0.0,0,0,,,,0.0,0,0,,,,0.0,0,0,,,,0.0,0,0,,,,0.0,0,0,,,,"{'A': 0.0, 'C': 0.0, 'D': 1.0, 'E': 2.0, 'F': 0.0, 'G': 0.0, 'H': 0.0, 'I': 4.0, 'K': 1.0, 'L': 2.0, 'M': 2.0, 'N': 1.0, 'P': 0.0, 'Q': 0.0, 'R': 1.0, 'S': 0.0, 'T': 2.0, 'V': 1.0, 'W': 0.0, 'Y': 1.0}","{'A': 0, 'C': 0, 'D': 1, 'E': 2, 'F': 0, 'G': 0, 'H': 0, 'I': 4, 'K': 1, 'L': 2, 'M': 2, 'N': 1, 'P': 0, 'Q': 0, 'R': 1, 'S': 0, 'T': 2, 'V': 1, 'W': 0, 'Y': 1}","{'A': 0, 'C': 0, 'D': 1, 'E': 2, 'F': 0, 'G': 0, 'H': 0, 'I': 4, 'K': 1, 'L': 2, 'M': 2, 'N': 1, 'P': 0, 'Q': 0, 'R': 1, 'S': 0, 'T': 2, 'V': 1, 'W': 0, 'Y': 1}",,,,1.13,1.1,1.16,,,,0.36,0.42,0.3,,,,0.86,0.87,0.85,,,,0.56,0.57,0.56,,,,0.15,0.14,0.15,,,,1.9,1.84,1.95,,,,"0 hours, 0 minutes, 51 seconds",,EGFR_patchF,relaxed_filters,default_4stage_multimer
EGFRpH_F_l42_s245171_mpnn10,4stage,42,245171,-0.3,"A431,A434,A436",KTMMITIKDANGKVYTVPVDHLTREMIDPDNKNLEITMEYVD,"B3,B5,B7,B19,B20,B22,B23,B24,B27,B29,B31,B32,B33,B34,B35,B36,B37,B38,B39,B40",1.1,0.17,0.84,0.85,0.84,,,,0.88,0.87,0.88,,,,0.85,0.85,0.86,,,,0.2,0.19,0.2,,,,0.21,0.2,0.21,,,,0.0,0,0,,,,0.0,0,0,,,,1.5,2,1,,,,0.0,0,0,,,,-119.23,-123.06,-115.41,,,,0.4,0.42,0.38,,,,0.74,0.75,0.74,,,,0.61,0.59,0.63,,,,-66.56,-69.27,-63.86,,,,1705.12,1725.5,1684.75,,,,-3.9,-4.01,-3.79,,,,63.08,63.45,62.7,,,,52.5,50.0,55.0,,,,20.0,20,20,,,,8.5,8,9,,,,42.5,40.0,45.0,,,,4.5,4.0,5.0,,,,22.5,20.0,25.0,,,,0.0,0,0,,,,0.0,0,0,,,,0.0,0,0,,,,0.0,0,0,,,,0.0,0,0,,,,0.0,0,0,,,,"{'A': 0.0, 'C': 0.0, 'D': 1.0, 'E': 2.0, 'F': 0.0, 'G': 0.0, 'H': 0.0, 'I': 4.0, 'K': 1.5, 'L': 2.0, 'M': 2.0, 'N': 2.0, 'P': 0.5, 'Q': 0.0, 'R': 1.0, 'S': 0.0, 'T': 2.0, 'V': 1.0, 'W': 0.0, 'Y': 1.0}","{'A': 0, 'C': 0, 'D': 1, 'E': 2, 'F': 0, 'G': 0, 'H': 0, 'I': 4, 'K': 2, 'L': 2, 'M': 2, 'N': 2, 'P': 0, 'Q': 0, 'R': 1, 'S': 0, 'T': 2, 'V': 1, 'W': 0, 'Y': 1}","{'A': 0, 'C': 0, 'D': 1, 'E': 2, 'F': 0, 'G': 0, 'H': 0, 'I': 4, 'K': 1, 'L': 2, 'M': 2, 'N': 2, 'P': 1, 'Q': 0, 'R': 1, 'S': 0, 'T': 2, 'V': 1, 'W': 0, 'Y': 1}",,,,1.13,1.13,1.14,,,,0.35,0.41,0.29,,,,0.79,0.86,0.73,,,,0.51,0.57,0.44,,,,0.19,0.14,0.24,,,,2.1,1.67,2.54,,,,"0 hours, 0 minutes, 50 seconds",,EGFR_patchF,relaxed_filters,default_4stage_multimer
EGFRpH_F_l42_s245171_mpnn11,4stage,42,245171,-0.3,"A431,A434,A436",KTMVITIKDANGKVTKVPVDHLTREDIDPDNKNLEITMEYEE,"B3,B5,B7,B19,B20,B22,B23,B24,B27,B32,B33,B34,B35,B36,B37,B38,B39,B40",1.11,0.26,0.82,0.83,0.82,,,,0.88,0.87,0.88,,,,0.84,0.84,0.84,,,,0.21,0.21,0.21,,,,0.23,0.22,0.23,,,,0.0,0,0,,,,0.0,0,0,,,,1.5,2,1,,,,0.0,0,0,,,,-118.2,-117.69,-118.71,,,,0.42,0.42,0.42,,,,0.74,0.75,0.73,,,,0.6,0.59,0.61,,,,-62.42,-65.75,-59.1,,,,1643.24,1678.61,1607.87,,,,-3.8,-3.92,-3.68,,,,58.2,59.47,56.93,,,,56.73,57.89,55.56,,,,18.5,19,18,,,,7.5,8,7,,,,40.5,42.11,38.89,,,,4.0,4.0,4.0,,,,21.63,21.05,22.22,,,,0.0,0,0,,,,0.0,0,0,,,,0.0,0,0,,,,0.0,0,0,,,,0.0,0,0,,,,0.0,0,0,,,,"{'A': 0.0, 'C': 0.0, 'D': 1.0, 'E': 2.0, 'F': 0.0, 'G': 0.0, 'H': 0.0, 'I': 4.0, 'K': 1.0, 'L': 2.0, 'M': 2.0, 'N': 1.0, 'P': 0.5, 'Q': 0.0, 'R': 1.0, 'S': 0.0, 'T': 2.0, 'V': 1.0, 'W': 0.0, 'Y': 1.0}","{'A': 0, 'C': 0, 'D': 1, 'E': 2, 'F': 0, 'G': 0, 'H': 0, 'I': 4, 'K': 1, 'L': 2, 'M': 2, 'N': 1, 'P': 1, 'Q': 0, 'R': 1, 'S': 0, 'T': 2, 'V': 1, 'W': 0, 'Y': 1}","{'A': 0, 'C': 0, 'D': 1, 'E': 2, 'F': 0, 'G': 0, 'H': 0, 'I': 4, 'K': 1, 'L': 2, 'M': 2, 'N': 1, 'P': 0, 'Q': 0, 'R': 1, 'S': 0, 'T': 2, 'V': 1, 'W': 0, 'Y': 1}",,,,1.13,1.11,1.15,,,,0.36,0.42,0.29,,,,0.84,0.87,0.82,,,,0.55,0.57,0.53,,,,0.15,0.14,0.16,,,,1.81,1.85,1.78,,,,"0 hours, 0 minutes, 49 seconds",,EGFR_patchF,relaxed_filters,default_4stage_multimer
EGFRpH_F_l42_s245171_mpnn12,4stage,42,245171,-0.3,"A431,A434,A436",MTMVITIKDANGKVYTVPVDHLTREMIDPDNKNLEITMEYQE,"B3,B5,B7,B19,B20,B22,B23,B24,B27,B29,B31,B32,B33,B34,B35,B36,B37,B38,B39,B40",1.11,0.26,0.85,0.85,0.85,,,,0.88,0.87,0.88,,,,0.86,0.86,0.87,,,,0.19,0.19,0.19,,,,0.2,0.2,0.2,,,,0.0,0,0,,,,0.0,0,0,,,,1.5,2,1,,,,0.0,0,0,,,,-116.85,-118.52,-115.19,,,,0.41,0.43,0.38,,,,0.72,0.74,0.71,,,,0.62,0.57,0.67,,,,-63.55,-63.38,-63.71,,,,1664.58,1663.0,1666.15,,,,-3.81,-3.81,-3.82,,,,61.2,60.56,61.85,,,,55.0,55.0,55.0,,,,20.0,20,20,,,,8.0,8,8,,,,40.0,40.0,40.0,,,,4.5,5.0,4.0,,,,22.5,25.0,20.0,,,,0.0,0,0,,,,0.0,0,0,,,,0.0,0,0,,,,0.0,0,0,,,,0.0,0,0,,,,0.0,0,0,,,,"{'A': 0.0, 'C': 0.0, 'D': 1.0, 'E': 2.0, 'F': 0.0, 'G': 0.0, 'H': 0.0, 'I': 4.0, 'K': 1.5, 'L': 2.0, 'M': 2.0, 'N': 1.5, 'P': 1.0, 'Q': 0.0, 'R': 1.0, 'S': 0.0, 'T': 2.0, 'V': 1.0, 'W': 0.0, 'Y': 1.0}","{'A': 0, 'C': 0, 'D': 1, 'E': 2, 'F': 0, 'G': 0, 'H': 0, 'I': 4, 'K': 2, 'L': 2, 'M': 2, 'N': 1, 'P': 1, 'Q': 0, 'R': 1, 'S': 0, 'T': 2, 'V': 1, 'W': 0, 'Y': 1}","{'A': 0, 'C': 0, 'D': 1, 'E': 2, 'F': 0, 'G': 0, 'H': 0, 'I': 4, 'K': 1, 'L': 2, 'M': 2, 'N': 2, 'P': 1, 'Q': 0, 'R': 1, 'S': 0, 'T': 2, 'V': 1, 'W': 0, 'Y': 1}",,,,1.13,1.14,1.13,,,,0.36,0.41,0.3,,,,0.81,0.86,0.77,,,,0.52,0.57,0.48,,,,0.17,0.15,0.2,,,,1.9,1.68,2.13,,,,"0 hours, 0 minutes, 50 seconds",,EGFR_patchF,relaxed_filters,default_4stage_multimer
EGFRpH_F_l42_s245171_mpnn13,4stage,42,245171,-0.3,"A431,A434,A436",KTMVITIKDADGKVTKVPVDHLTRKDIDPDNKNLEITMEYEE,"B3,B5,B7,B19,B20,B22,B23,B24,B26,B27,B32,B33,B34,B35,B36,B37,B38,B39,B40",1.11,0.26,0.83,0.84,0.83,,,,0.88,0.87,0.88,,,,0.84,0.84,0.85,,,,0.21,0.21,0.21,,,,0.22,0.22,0.22,,,,0.0,0,0,,,,0.0,0,0,,,,1.5,2,1,,,,0.0,0,0,,,,-116.89,-118.08,-115.7,,,,0.41,0.4,0.42,,,,0.73,0.71,0.76,,,,0.6,0.61,0.59,,,,-64.69,-65.18,-64.21,,,,1766.74,1793.61,1739.88,,,,-3.66,-3.63,-3.69,,,,62.22,64.94,59.51,,,,53.81,55.0,52.63,,,,19.5,20,19,,,,8.5,8,9,,,,43.69,40.0,47.37,,,,3.0,4.0,2.0,,,,15.27,20.0,10.53,,,,0.0,0,0,,,,0.0,0,0,,,,0.0,0,0,,,,0.0,0,0,,,,0.0,0,0,,,,0.0,0,0,,,,"{'A': 0.0, 'C': 0.0, 'D': 1.5, 'E': 2.0, 'F': 0.0, 'G': 0.0, 'H': 0.0, 'I': 4.0, 'K': 1.0, 'L': 2.0, 'M': 2.0, 'N': 1.5, 'P': 0.5, 'Q': 0.0, 'R': 1.0, 'S': 0.0, 'T': 2.0, 'V': 1.0, 'W': 0.0, 'Y': 1.0}","{'A': 0, 'C': 0, 'D': 1, 'E': 2, 'F': 0, 'G': 0, 'H': 0, 'I': 4, 'K': 1, 'L': 2, 'M': 2, 'N': 2, 'P': 1, 'Q': 0, 'R': 1, 'S': 0, 'T': 2, 'V': 1, 'W': 0, 'Y': 1}","{'A': 0, 'C': 0, 'D': 2, 'E': 2, 'F': 0, 'G': 0, 'H': 0, 'I': 4, 'K': 1, 'L': 2, 'M': 2, 'N': 1, 'P': 0, 'Q': 0, 'R': 1, 'S': 0, 'T': 2, 'V': 1, 'W': 0, 'Y': 1}",,,,1.17,1.18,1.17,,,,0.36,0.42,0.31,,,,0.86,0.88,0.84,,,,0.56,0.57,0.55,,,,0.15,0.14,0.15,,,,1.86,1.83,1.89,,,,"0 hours, 0 minutes, 50 seconds",,EGFR_patchF,relaxed_filters,default_4stage_multimer
EGFRpH_F_l42_s245171_mpnn14,4stage,42,245171,-0.3,"A431,A434,A436",KTMMITIKDAKGKVYRVPVDHLTREHIDPDNKNLEITMEYVE,"B3,B5,B7,B19,B20,B22,B23,B24,B27,B32,B33,B34,B35,B36,B37,B38,B39,B40",1.14,0.22,0.85,0.86,0.85,,,,0.88,0.87,0.88,,,,0.86,0.86,0.87,,,,0.19,0.19,0.19,,,,0.2,0.2,0.2,,,,0.0,0,0,,,,0.0,0,0,,,,3.0,4,2,,,,0.0,0,0,,,,-116.27,-114.69,-117.84,,,,0.42,0.42,0.42,,,,0.73,0.73,0.74,,,,0.66,0.68,0.63,,,,-61.48,-60.03,-62.92,,,,1632.49,1659.07,1605.9,,,,-3.77,-3.62,-3.92,,,,57.12,58.39,55.86,,,,55.56,55.56,55.56,,,,18.0,18,18,,,,8.0,8,8,,,,44.44,44.44,44.44,,,,4.0,4.0,4.0,,,,22.22,22.22,22.22,,,,0.0,0,0,,,,0.0,0,0,,,,0.0,0,0,,,,0.0,0,0,,,,0.0,0,0,,,,0.0,0,0,,,,"{'A': 0.0, 'C': 0.0, 'D': 1.0, 'E': 2.0, 'F': 0.0, 'G': 0.0, 'H': 0.0, 'I': 4.0, 'K': 1.0, 'L': 2.0, 'M': 2.0, 'N': 1.0, 'P': 0.0, 'Q': 0.0, 'R': 1.0, 'S': 0.0, 'T': 2.0, 'V': 1.0, 'W': 0.0, 'Y': 1.0}","{'A': 0, 'C': 0, 'D': 1, 'E': 2, 'F': 0, 'G': 0, 'H': 0, 'I': 4, 'K': 1, 'L': 2, 'M': 2, 'N': 1, 'P': 0, 'Q': 0, 'R': 1, 'S': 0, 'T': 2, 'V': 1, 'W': 0, 'Y': 1}","{'A': 0, 'C': 0, 'D': 1, 'E': 2, 'F': 0, 'G': 0, 'H': 0, 'I': 4, 'K': 1, 'L': 2, 'M': 2, 'N': 1, 'P': 0, 'Q': 0, 'R': 1, 'S': 0, 'T': 2, 'V': 1, 'W': 0, 'Y': 1}",,,,1.15,1.11,1.18,,,,0.36,0.41,0.3,,,,0.85,0.88,0.82,,,,0.56,0.59,0.53,,,,0.15,0.13,0.18,,,,2.36,1.87,2.85,,,,"0 hours, 0 minutes, 46 seconds",,EGFR_patchF,relaxed_filters,default_4stage_multimer
EGFRpH_F_l42_s245171_mpnn15,4stage,42,245171,-0.3,"A431,A434,A436",KTMVITIKDANGKVTKVPVDHLTRKDIDPDNKNLEITMEYED,"B3,B5,B19,B20,B21,B22,B23,B24,B26,B27,B32,B33,B34,B35,B36,B37,B38,B39,B40",1.14,0.22,0.83,0.83,0.83,,,,0.88,0.87,0.88,,,,0.84,0.84,0.84,,,,0.21,0.21,0.21,,,,0.23,0.22,0.23,,,,0.0,0,0,,,,0.0,0,0,,,,1.5,2,1,,,,0.0,0,0,,,,-118.73,-115.61,-121.86,,,,0.41,0.41,0.42,,,,0.74,0.74,0.74,,,,0.57,0.54,0.61,,,,-62.54,-65.09,-59.99,,,,1681.05,1704.99,1657.1,,,,-3.72,-3.82,-3.62,,,,59.39,61.59,57.19,,,,50.0,52.63,47.37,,,,19.0,19,19,,,,7.0,7,7,,,,36.84,36.84,36.84,,,,3.5,4.0,3.0,,,,18.42,21.05,15.79,,,,0.0,0,0,,,,0.0,0,0,,,,0.0,0,0,,,,0.0,0,0,,,,0.0,0,0,,,,0.0,0,0,,,,"{'A': 0.0, 'C': 0.0, 'D': 2.0, 'E': 2.0, 'F': 0.0, 'G': 0.0, 'H': 0.5, 'I': 3.5, 'K': 1.0, 'L': 2.0, 'M': 2.0, 'N': 1.0, 'P': 0.0, 'Q': 0.0, 'R': 1.0, 'S': 0.0, 'T': 2.0, 'V': 1.0, 'W': 0.0, 'Y': 1.0}","{'A': 0, 'C': 0, 'D': 2, 'E': 2, 'F': 0, 'G': 0, 'H': 0, 'I': 4, 'K': 1, 'L': 2, 'M': 2, 'N': 1, 'P': 0, 'Q': 0, 'R': 1, 'S': 0, 'T': 2, 'V': 1, 'W': 0, 'Y': 1}","{'A': 0, 'C': 0, 'D': 2, 'E': 2, 'F': 0, 'G': 0, 'H': 1, 'I': 3, 'K': 1, 'L': 2, 'M': 2, 'N': 1, 'P': 0, 'Q': 0, 'R': 1, 'S': 0, 'T': 2, 'V': 1, 'W': 0, 'Y': 1}",,,,1.14,1.12,1.15,,,,0.36,0.42,0.3,,,,0.85,0.87,0.83,,,,0.55,0.57,0.54,,,,0.15,0.14,0.16,,,,1.79,1.79,1.8,,,,"0 hours, 0 minutes, 48 seconds",,EGFR_patchF,relaxed_filters,default_4stage_multimer
EGFRpH_F_l42_s245171_mpnn16,4stage,42,245171,-0.3,"A431,A434,A436",KTMVITIKDANGNVTTVPVDHLTRKDIDPDNKNLEITMEYQE,"B3,B5,B7,B19,B20,B22,B23,B24,B27,B32,B33,B34,B35,B36,B37,B38,B39,B40",1.14,0.22,0.84,0.84,0.84,,,,0.88,0.87,0.88,,,,0.84,0.84,0.85,,,,0.2,0.2,0.2,,,,0.21,0.21,0.21,,,,0.0,0,0,,,,0.0,0,0,,,,2.0,2,2,,,,0.0,0,0,,,,-120.86,-118.76,-122.96,,,,0.4,0.4,0.4,,,,0.76,0.76,0.75,,,,0.61,0.61,0.62,,,,-66.06,-69.04,-63.08,,,,1663.41,1742.47,1584.36,,,,-3.97,-3.96,-3.98,,,,58.24,60.58,55.91,,,,55.56,55.56,55.56,,,,18.0,18,18,,,,7.5,8,7,,,,41.66,44.44,38.89,,,,3.5,3.0,4.0,,,,19.45,16.67,22.22,,,,0.0,0,0,,,,0.0,0,0,,,,0.0,0,0,,,,0.0,0,0,,,,0.0,0,0,,,,0.0,0,0,,,,"{'A': 0.0, 'C': 0.0, 'D': 1.0, 'E': 2.0, 'F': 0.0, 'G': 0.0, 'H': 0.0, 'I': 4.0, 'K': 1.0, 'L': 2.0, 'M': 2.0, 'N': 1.0, 'P': 0.0, 'Q': 0.0, 'R': 1.0, 'S': 0.0, 'T': 2.0, 'V': 1.0, 'W': 0.0, 'Y': 1.0}","{'A': 0, 'C': 0, 'D': 1, 'E': 2, 'F': 0, 'G': 0, 'H': 0, 'I': 4, 'K': 1, 'L': 2, 'M': 2, 'N': 1, 'P': 0, 'Q': 0, 'R': 1, 'S': 0, 'T': 2, 'V': 1, 'W': 0, 'Y': 1}","{'A': 0, 'C': 0, 'D': 1, 'E': 2, 'F': 0, 'G': 0, 'H': 0, 'I': 4, 'K': 1, 'L': 2, 'M': 2, 'N': 1, 'P': 0, 'Q': 0, 'R': 1, 'S': 0, 'T': 2, 'V': 1, 'W': 0, 'Y': 1}",,,,1.15,1.13,1.18,,,,0.36,0.42,0.3,,,,0.87,0.88,0.86,,,,0.59,0.6,0.59,,,,0.14,0.13,0.14,,,,1.9,1.9,1.89,,,,"0 hours, 0 minutes, 46 seconds",,EGFR_patchF,relaxed_filters,default_4stage_multimer
EGFRpH_F_l42_s245171_mpnn17,4stage,42,245171,-0.3,"A431,A434,A436",KTMMITIKDANGKVTKVPVDHLTREDIDPDNKNLEITMEYVD,"B3,B5,B7,B8,B19,B20,B22,B23,B24,B27,B29,B32,B33,B34,B35,B36,B37,B38,B39,B40",1.14,0.13,0.83,0.84,0.83,,,,0.88,0.87,0.88,,,,0.84,0.84,0.85,,,,0.2,0.2,0.2,,,,0.22,0.22,0.22,,,,0.0,0,0,,,,0.0,0,0,,,,2.0,2,2,,,,0.0,0,0,,,,-115.53,-114.2,-116.86,,,,0.4,0.4,0.39,,,,0.72,0.72,0.72,,,,0.61,0.62,0.6,,,,-63.56,-63.01,-64.11,,,,1657.98,1661.56,1654.4,,,,-3.83,-3.79,-3.88,,,,60.24,60.33,60.15,,,,55.28,55.56,55.0,,,,19.0,18,20,,,,8.0,8,8,,,,42.22,44.44,40.0,,,,4.0,4.0,4.0,,,,21.11,22.22,20.0,,,,0.0,0,0,,,,0.0,0,0,,,,0.0,0,0,,,,0.0,0,0,,,,0.0,0,0,,,,0.0,0,0,,,,"{'A': 0.0, 'C': 0.0, 'D': 1.0, 'E': 2.0, 'F': 0.0, 'G': 0.0, 'H': 0.0, 'I': 4.0, 'K': 1.5, 'L': 2.0, 'M': 2.0, 'N': 1.0, 'P': 0.5, 'Q': 0.0, 'R': 1.0, 'S': 0.0, 'T': 2.0, 'V': 1.0, 'W': 0.0, 'Y': 1.0}","{'A': 0, 'C': 0, 'D': 1, 'E': 2, 'F': 0, 'G': 0, 'H': 0, 'I': 4, 'K': 1, 'L': 2, 'M': 2, 'N': 1, 'P': 0, 'Q': 0, 'R': 1, 'S': 0, 'T': 2, 'V': 1, 'W': 0, 'Y': 1}","{'A': 0, 'C': 0, 'D': 1, 'E': 2, 'F': 0, 'G': 0, 'H': 0, 'I': 4, 'K': 2, 'L': 2, 'M': 2, 'N': 1, 'P': 1, 'Q': 0, 'R': 1, 'S': 0, 'T': 2, 'V': 1, 'W': 0, 'Y': 1}",,,,1.11,1.1,1.12,,,,0.36,0.42,0.3,,,,0.84,0.87,0.81,,,,0.55,0.57,0.53,,,,0.15,0.13,0.17,,,,1.77,1.81,1.74,,,,"0 hours, 0 minutes, 50 seconds",,EGFR_patchF,relaxed_filters,default_4stage_multimer
EGFRpH_F_l42_s245171_mpnn18,4stage,42,245171,-0.3,"A431,A434,A436",KTMMITIKDADGKVTTVPVDHLTREHIDPDNKNLEITMEYVD,"B3,B5,B7,B19,B20,B22,B23,B24,B27,B29,B31,B32,B33,B34,B35,B36,B37,B38,B39,B40",1.14,0.13,0.85,0.85,0.85,,,,0.88,0.87,0.88,,,,0.85,0.85,0.86,,,,0.19,0.19,0.19,,,,0.21,0.21,0.21,,,,0.0,0,0,,,,0.0,0,0,,,,1.5,2,1,,,,0.0,0,0,,,,-115.75,-116.19,-115.31,,,,0.38,0.37,0.39,,,,0.69,0.69,0.68,,,,0.58,0.61,0.56,,,,-63.1,-66.74,-59.46,,,,1710.74,1723.18,1698.31,,,,-3.69,-3.87,-3.5,,,,63.3,63.1,63.51,,,,53.69,52.38,55.0,,,,20.5,21,20,,,,8.0,8,8,,,,39.05,38.1,40.0,,,,4.0,4.0,4.0,,,,19.52,19.05,20.0,,,,0.0,0,0,,,,0.0,0,0,,,,0.0,0,0,,,,0.0,0,0,,,,0.0,0,0,,,,0.0,0,0,,,,"{'A': 0.0, 'C': 0.0, 'D': 1.0, 'E': 2.0, 'F': 0.0, 'G': 0.0, 'H': 0.0, 'I': 4.0, 'K': 1.5, 'L': 2.0, 'M': 2.0, 'N': 2.0, 'P': 1.0, 'Q': 0.0, 'R': 1.0, 'S': 0.0, 'T': 2.0, 'V': 1.0, 'W': 0.0, 'Y': 1.0}","{'A': 0, 'C': 0, 'D': 1, 'E': 2, 'F': 0, 'G': 0, 'H': 0, 'I': 4, 'K': 2, 'L': 2, 'M': 2, 'N': 2, 'P': 1, 'Q': 0, 'R': 1, 'S': 0, 'T': 2, 'V': 1, 'W': 0, 'Y': 1}","{'A': 0, 'C': 0, 'D': 1, 'E': 2, 'F': 0, 'G': 0, 'H': 0, 'I': 4, 'K': 1, 'L': 2, 'M': 2, 'N': 2, 'P': 1, 'Q': 0, 'R': 1, 'S': 0, 'T': 2, 'V': 1, 'W': 0, 'Y': 1}",,,,1.09,1.11,1.07,,,,0.36,0.41,0.31,,,,0.88,0.88,0.88,,,,0.59,0.58,0.6,,,,0.13,0.13,0.13,,,,1.73,1.68,1.77,,,,"0 hours, 0 minutes, 49 seconds",,EGFR_patchF,relaxed_filters,default_4stage_multimer
EGFRpH_F_l42_s245171_mpnn19,4stage,42,245171,-0.3,"A431,A434,A436",KTMVITITDANGKVTKVPVDHLTREDIDPDNKNLEITMEYEE,"B3,B5,B7,B19,B20,B22,B23,B24,B27,B32,B33,B34,B35,B36,B37,B38,B39,B40",1.16,0.26,0.83,0.83,0.83,,,,0.88,0.87,0.88,,,,0.84,0.84,0.85,,,,0.21,0.21,0.21,,,,0.23,0.22,0.23,,,,0.0,0,0,,,,0.0,0,0,,,,1.5,3,0,,,,0.0,0,0,,,,-113.64,-115.75,-111.53,,,,0.41,0.41,0.41,,,,0.73,0.74,0.72,,,,0.61,0.6,0.62,,,,-64.74,-69.04,-60.44,,,,1658.38,1724.04,1592.73,,,,-3.9,-4.0,-3.8,,,,58.73,61.43,56.03,,,,55.56,55.56,55.56,,,,18.0,18,18,,,,7.5,7,8,,,,41.66,38.89,44.44,,,,3.5,3.0,4.0,,,,19.45,16.67,22.22,,,,0.0,0,0,,,,0.0,0,0,,,,0.0,0,0,,,,0.0,0,0,,,,0.0,0,0,,,,0.0,0,0,,,,"{'A': 0.0, 'C': 0.0, 'D': 1.0, 'E': 2.0, 'F': 0.0, 'G': 0.0, 'H': 0.0, 'I': 4.0, 'K': 1.0, 'L': 2.0, 'M': 2.0, 'N': 1.0, 'P': 0.0, 'Q': 0.0, 'R': 1.0, 'S': 0.0, 'T': 2.0, 'V': 1.0, 'W': 0.0, 'Y': 1.0}","{'A': 0, 'C': 0, 'D': 1, 'E': 2, 'F': 0, 'G': 0, 'H': 0, 'I': 4, 'K': 1, 'L': 2, 'M': 2, 'N': 1, 'P': 0, 'Q': 0, 'R': 1, 'S': 0, 'T': 2, 'V': 1, 'W': 0, 'Y': 1}","{'A': 0, 'C': 0, 'D': 1, 'E': 2, 'F': 0, 'G': 0, 'H': 0, 'I': 4, 'K': 1, 'L': 2, 'M': 2, 'N': 1, 'P': 0, 'Q': 0, 'R': 1, 'S': 0, 'T': 2, 'V': 1, 'W': 0, 'Y': 1}",,,,1.12,1.12,1.12,,,,0.36,0.42,0.3,,,,0.84,0.86,0.82,,,,0.55,0.56,0.53,,,,0.16,0.15,0.17,,,,1.81,1.87,1.76,,,,"0 hours, 0 minutes, 49 seconds",,EGFR_patchF,relaxed_filters,default_4stage_multimer
EGFRpH_F_l42_s245171_mpnn20,4stage,42,245171,-0.3,"A431,A434,A436",KTMVITIKDAEGKVTTVPVDHLTREDIDPDNKNLEITMEYQE,"B3,B5,B7,B19,B20,B22,B23,B24,B27,B29,B32,B33,B34,B35,B36,B37,B38,B39,B40",1.17,0.22,0.84,0.85,0.84,,,,0.88,0.87,0.88,,,,0.85,0.85,0.86,,,,0.2,0.19,0.2,,,,0.21,0.21,0.21,,,,0.0,0,0,,,,0.0,0,0,,,,0.5,1,0,,,,0.0,0,0,,,,-116.74,-114.43,-119.05,,,,0.39,0.37,0.4,,,,0.74,0.71,0.77,,,,0.61,0.64,0.59,,,,-64.77,-64.36,-65.18,,,,1692.18,1696.16,1688.21,,,,-3.83,-3.79,-3.86,,,,60.56,60.79,60.34,,,,56.45,55.0,57.89,,,,19.5,20,19,,,,8.0,8,8,,,,41.05,40.0,42.11,,,,4.0,4.0,4.0,,,,20.52,20.0,21.05,,,,0.0,0,0,,,,0.0,0,0,,,,0.0,0,0,,,,0.0,0,0,,,,0.0,0,0,,,,0.0,0,0,,,,"{'A': 0.0, 'C': 0.0, 'D': 1.0, 'E': 2.0, 'F': 0.0, 'G': 0.0, 'H': 0.0, 'I': 4.0, 'K': 1.0, 'L': 2.0, 'M': 2.0, 'N': 1.5, 'P': 1.0, 'Q': 0.0, 'R': 1.0, 'S': 0.0, 'T': 2.0, 'V': 1.0, 'W': 0.0, 'Y': 1.0}","{'A': 0, 'C': 0, 'D': 1, 'E': 2, 'F': 0, 'G': 0, 'H': 0, 'I': 4, 'K': 1, 'L': 2, 'M': 2, 'N': 2, 'P': 1, 'Q': 0, 'R': 1, 'S': 0, 'T': 2, 'V': 1, 'W': 0, 'Y': 1}","{'A': 0, 'C': 0, 'D': 1, 'E': 2, 'F': 0, 'G': 0, 'H': 0, 'I': 4, 'K': 1, 'L': 2, 'M': 2, 'N': 1, 'P': 1, 'Q': 0, 'R': 1, 'S': 0, 'T': 2, 'V': 1, 'W': 0, 'Y': 1}",,,,1.18,1.19,1.17,,,,0.36,0.42,0.3,,,,0.86,0.87,0.85,,,,0.56,0.57,0.56,,,,0.15,0.14,0.15,,,,1.79,1.82,1.77,,,,"0 hours, 0 minutes, 49 seconds",,EGFR_patchF,relaxed_filters,default_4stage_multimer
EGFRpH_F_l30_s503832_mpnn1,4stage,30,503832,-0.3,"A431,A434,A436",MVEMHMNIYVRYEMNENNEKVMKVEIEYVP,"B3,B4,B5,B6,B7,B8,B9,B10,B11,B12,B22,B24,B26,B29",1.24,0.31,0.91,0.9,0.92,,,,0.87,0.86,0.88,,,,0.86,0.85,0.87,,,,0.18,0.19,0.17,,,,0.19,0.2,0.18,,,,0.0,0,0,,,,0.0,0,0,,,,0.0,0,0,,,,0.0,0,0,,,,-85.94,-87.26,-84.61,,,,0.53,0.53,0.53,,,,0.71,0.71,0.71,,,,0.68,0.68,0.68,,,,-51.77,-51.15,-52.39,,,,1335.34,1313.88,1356.79,,,,-3.88,-3.89,-3.86,,,,56.23,54.68,57.78,,,,74.18,76.92,71.43,,,,13.5,13,14,,,,8.5,8,9,,,,62.92,61.54,64.29,,,,3.5,4.0,3.0,,,,26.1,30.77,21.43,,,,0.0,0,0,,,,0.0,0,0,,,,0.0,0,0,,,,0.0,0,0,,,,0.0,0,0,,,,0.0,0,0,,,,"{'A': 0.0, 'C': 0.0, 'D': 0.0, 'E': 0.5, 'F': 0.0, 'G': 0.0, 'H': 1.0, 'I': 2.0, 'K': 0.0, 'L': 0.0, 'M': 3.0, 'N': 1.0, 'P': 0.0, 'Q': 0.0, 'R': 1.0, 'S': 0.0, 'T': 0.0, 'V': 3.0, 'W': 0.0, 'Y': 2.0}","{'A': 0, 'C': 0, 'D': 0, 'E': 0, 'F': 0, 'G': 0, 'H': 1, 'I': 2, 'K': 0, 'L': 0, 'M': 3, 'N': 1, 'P': 0, 'Q': 0, 'R': 1, 'S': 0, 'T': 0, 'V': 3, 'W': 0, 'Y': 2}","{'A': 0, 'C': 0, 'D': 0, 'E': 1, 'F': 0, 'G': 0, 'H': 1, 'I': 2, 'K': 0, 'L': 0, 'M': 3, 'N': 1, 'P': 0, 'Q': 0, 'R': 1, 'S': 0, 'T': 0, 'V': 3, 'W': 0, 'Y': 2}",,,,1.64,1.63,1.65,,,,0.36,0.4,0.31,,,,0.94,0.93,0.94,,,,0.42,0.4,0.43,,,,0.12,0.12,0.12,,,,3.73,3.52,3.94,,,,"0 hours, 1 minutes, 30 seconds",,EGFR_patchF,relaxed_filters,default_4stage_multimer
EGFRpH_F_l30_s503832_mpnn2,4stage,30,503832,-0.3,"A431,A434,A436",MVEMHMNIYVRYEMNENNEKVMKVTIEYVP,"B3,B4,B5,B6,B7,B8,B9,B10,B11,B12,B22,B23,B24,B26,B29",1.25,0.25,0.92,0.91,0.92,,,,0.87,0.86,0.88,,,,0.86,0.85,0.87,,,,0.17,0.18,0.17,,,,0.18,0.19,0.18,,,,0.0,0,0,,,,0.0,0,0,,,,0.0,0,0,,,,0.0,0,0,,,,-85.25,-85.66,-84.83,,,,0.53,0.53,0.53,,,,0.75,0.74,0.76,,,,0.67,0.66,0.67,,,,-54.6,-56.73,-52.48,,,,1384.65,1360.29,1409.02,,,,-3.95,-4.17,-3.72,,,,60.48,59.27,61.7,,,,71.8,76.92,66.67,,,,14.0,13,15,,,,9.0,9,9,,,,64.62,69.23,60.0,,,,2.5,2.0,3.0,,,,17.69,15.38,20.0,,,,0.0,0,0,,,,0.0,0,0,,,,0.0,0,0,,,,0.0,0,0,,,,0.0,0,0,,,,0.0,0,0,,,,"{'A': 0.0, 'C': 0.0, 'D': 0.0, 'E': 0.5, 'F': 0.0, 'G': 0.0, 'H': 1.0, 'I': 2.0, 'K': 0.5, 'L': 0.0, 'M': 3.0, 'N': 1.0, 'P': 0.0, 'Q': 0.0, 'R': 1.0, 'S': 0.0, 'T': 0.0, 'V': 3.0, 'W': 0.0, 'Y': 2.0}","{'A': 0, 'C': 0, 'D': 0, 'E': 0, 'F': 0, 'G': 0, 'H': 1, 'I': 2, 'K': 0, 'L': 0, 'M': 3, 'N': 1, 'P': 0, 'Q': 0, 'R': 1, 'S': 0, 'T': 0, 'V': 3, 'W': 0, 'Y': 2}","{'A': 0, 'C': 0, 'D': 0, 'E': 1, 'F': 0, 'G': 0, 'H': 1, 'I': 2, 'K': 1, 'L': 0, 'M': 3, 'N': 1, 'P': 0, 'Q': 0, 'R': 1, 'S': 0, 'T': 0, 'V': 3, 'W': 0, 'Y': 2}",,,,1.42,1.41,1.43,,,,0.36,0.4,0.31,,,,0.94,0.93,0.94,,,,0.42,0.41,0.43,,,,0.12,0.12,0.12,,,,3.55,3.33,3.77,,,,"0 hours, 0 minutes, 46 seconds",,EGFR_patchF,relaxed_filters,default_4stage_multimer
EGFRpH_F_l30_s503832_mpnn4,4stage,30,503832,-0.3,"A431,A434,A436",MVEMHMNIYVRYKMNENNEKVMEVVIEYVP,"B3,B4,B5,B6,B7,B8,B9,B10,B11,B12,B22,B23,B24,B26,B29,B30",1.34,0.31,0.92,0.91,0.92,,,,0.87,0.86,0.88,,,,0.87,0.86,0.88,,,,0.17,0.18,0.16,,,,0.18,0.19,0.17,,,,0.0,0,0,,,,0.0,0,0,,,,2.0,4,0,,,,0.0,0,0,,,,-87.81,-87.13,-88.48,,,,0.57,0.57,0.57,,,,0.74,0.74,0.75,,,,0.65,0.69,0.61,,,,-53.25,-54.71,-51.8,,,,1398.41,1376.45,1420.37,,,,-3.81,-3.97,-3.65,,,,59.92,58.0,61.84,,,,73.66,78.57,68.75,,,,15.0,14,16,,,,10.0,10,10,,,,66.97,71.43,62.5,,,,3.5,3.0,4.0,,,,23.21,21.43,25.0,,,,0.0,0,0,,,,0.0,0,0,,,,0.0,0,0,,,,0.0,0,0,,,,0.0,0,0,,,,0.0,0,0,,,,"{'A': 0.0, 'C': 0.0, 'D': 0.0, 'E': 1.0, 'F': 0.0, 'G': 0.0, 'H': 1.0, 'I': 2.0, 'K': 0.0, 'L': 0.0, 'M': 3.0, 'N': 1.0, 'P': 1.0, 'Q': 0.0, 'R': 1.0, 'S': 0.0, 'T': 0.0, 'V': 3.0, 'W': 0.0, 'Y': 2.0}","{'A': 0, 'C': 0, 'D': 0, 'E': 0, 'F': 0, 'G': 0, 'H': 1, 'I': 2, 'K': 0, 'L': 0, 'M': 3, 'N': 1, 'P': 1, 'Q': 0, 'R': 1, 'S': 0, 'T': 0, 'V': 3, 'W': 0, 'Y': 2}","{'A': 0, 'C': 0, 'D': 0, 'E': 2, 'F': 0, 'G': 0, 'H': 1, 'I': 2, 'K': 0, 'L': 0, 'M': 3, 'N': 1, 'P': 1, 'Q': 0, 'R': 1, 'S': 0, 'T': 0, 'V': 3, 'W': 0, 'Y': 2}",,,,1.51,1.49,1.53,,,,0.36,0.4,0.32,,,,0.88,0.81,0.94,,,,0.39,0.37,0.41,,,,0.16,0.2,0.12,,,,9.39,16.3,2.48,,,,"0 hours, 0 minutes, 45 seconds",,EGFR_patchF,relaxed_filters,default_4stage_multimer
EGFRpH_F_l30_s503832_mpnn5,4stage,30,503832,-0.3,"A431,A434,A436",MVEMHMNIYVRYKMNENNEKVMEVIIEYVP,"B3,B4,B5,B6,B7,B8,B9,B10,B11,B12,B22,B24,B26,B29",1.35,0.31,0.92,0.91,0.93,,,,0.88,0.87,0.88,,,,0.87,0.86,0.88,,,,0.17,0.18,0.16,,,,0.18,0.19,0.17,,,,0.0,0,0,,,,0.0,0,0,,,,1.0,1,1,,,,0.0,0,0,,,,-87.85,-88.49,-87.21,,,,0.57,0.57,0.57,,,,0.73,0.76,0.71,,,,0.68,0.68,0.68,,,,-53.03,-55.17,-50.89,,,,1350.79,1357.11,1344.47,,,,-3.92,-4.07,-3.78,,,,58.4,59.45,57.34,,,,74.18,76.92,71.43,,,,13.5,13,14,,,,8.5,8,9,,,,62.92,61.54,64.29,,,,3.5,4.0,3.0,,,,26.1,30.77,21.43,,,,0.0,0,0,,,,0.0,0,0,,,,0.0,0,0,,,,0.0,0,0,,,,0.0,0,0,,,,0.0,0,0,,,,"{'A': 0.0, 'C': 0.0, 'D': 0.0, 'E': 0.5, 'F': 0.0, 'G': 0.0, 'H': 1.0, 'I': 2.0, 'K': 0.0, 'L': 0.0, 'M': 3.0, 'N': 1.0, 'P': 0.0, 'Q': 0.0, 'R': 1.0, 'S': 0.0, 'T': 0.0, 'V': 3.0, 'W': 0.0, 'Y': 2.0}","{'A': 0, 'C': 0, 'D': 0, 'E': 0, 'F': 0, 'G': 0, 'H': 1, 'I': 2, 'K': 0, 'L': 0, 'M': 3, 'N': 1, 'P': 0, 'Q': 0, 'R': 1, 'S': 0, 'T': 0, 'V': 3, 'W': 0, 'Y': 2}","{'A': 0, 'C': 0, 'D': 0, 'E': 1, 'F': 0, 'G': 0, 'H': 1, 'I': 2, 'K': 0, 'L': 0, 'M': 3, 'N': 1, 'P': 0, 'Q': 0, 'R': 1, 'S': 0, 'T': 0, 'V': 3, 'W': 0, 'Y': 2}",,,,1.66,1.66,1.66,,,,0.36,0.4,0.31,,,,0.89,0.83,0.94,,,,0.41,0.39,0.43,,,,0.15,0.19,0.12,,,,9.76,16.35,3.17,,,,"0 hours, 0 minutes, 44 seconds",,EGFR_patchF,relaxed_filters,default_4stage_multimer
EGFRpH_F_l30_s503832_mpnn6,4stage,30,503832,-0.3,"A431,A434,A436",TPEMHMNIYVRYEMNENNEKVMKVEIEYVE,"B3,B4,B5,B6,B7,B8,B9,B10,B11,B12,B22,B24,B26,B29",1.35,0.25,0.89,0.88,0.89,,,,0.88,0.87,0.88,,,,0.84,0.84,0.85,,,,0.2,0.2,0.19,,,,0.21,0.21,0.2,,,,0.0,0,0,,,,0.0,0,0,,,,4.0,5,3,,,,0.0,0,0,,,,-93.89,-94.46,-93.32,,,,0.47,0.47,0.47,,,,0.72,0.71,0.73,,,,0.65,0.63,0.67,,,,-52.98,-53.89,-52.08,,,,1347.6,1347.79,1347.41,,,,-3.94,-4.0,-3.87,,,,56.55,56.15,56.96,,,,71.43,71.43,71.43,,,,14.0,14,14,,,,9.0,9,9,,,,64.29,64.29,64.29,,,,3.5,4.0,3.0,,,,25.0,28.57,21.43,,,,0.0,0,0,,,,0.0,0,0,,,,0.0,0,0,,,,0.0,0,0,,,,0.0,0,0,,,,0.0,0,0,,,,"{'A': 0.0, 'C': 0.0, 'D': 0.0, 'E': 1.0, 'F': 0.0, 'G': 0.0, 'H': 1.0, 'I': 2.0, 'K': 0.0, 'L': 0.0, 'M': 3.0, 'N': 1.0, 'P': 0.0, 'Q': 0.0, 'R': 1.0, 'S': 0.0, 'T': 0.0, 'V': 3.0, 'W': 0.0, 'Y': 2.0}","{'A': 0, 'C': 0, 'D': 0, 'E': 1, 'F': 0, 'G': 0, 'H': 1, 'I': 2, 'K': 0, 'L': 0, 'M': 3, 'N': 1, 'P': 0, 'Q': 0, 'R': 1, 'S': 0, 'T': 0, 'V': 3, 'W': 0, 'Y': 2}","{'A': 0, 'C': 0, 'D': 0, 'E': 1, 'F': 0, 'G': 0, 'H': 1, 'I': 2, 'K': 0, 'L': 0, 'M': 3, 'N': 1, 'P': 0, 'Q': 0, 'R': 1, 'S': 0, 'T': 0, 'V': 3, 'W': 0, 'Y': 2}",,,,1.65,1.63,1.68,,,,0.34,0.39,0.29,,,,0.93,0.92,0.93,,,,0.42,0.4,0.43,,,,0.13,0.13,0.13,,,,3.8,3.57,4.04,,,,"0 hours, 0 minutes, 47 seconds",,EGFR_patchF,relaxed_filters,default_4stage_multimer
EGFRpH_F_l30_s503832_mpnn7,4stage,30,503832,-0.3,"A431,A434,A436",MTEMHMNIYVRYKMNENNEKVMEVVIEYVP,"B4,B5,B6,B7,B8,B9,B10,B11,B12,B22,B24,B26,B29",1.35,0.31,0.92,0.91,0.92,,,,0.88,0.87,0.88,,,,0.87,0.86,0.88,,,,0.17,0.18,0.16,,,,0.18,0.19,0.17,,,,0.0,0,0,,,,0.0,0,0,,,,1.0,2,0,,,,0.0,0,0,,,,-88.03,-87.94,-88.11,,,,0.53,0.53,0.53,,,,0.75,0.75,0.75,,,,0.7,0.73,0.67,,,,-53.69,-56.94,-50.43,,,,1372.87,1400.0,1345.74,,,,-3.91,-4.07,-3.75,,,,58.64,59.45,57.82,,,,77.75,78.57,76.92,,,,13.5,14,13,,,,8.5,10,7,,,,62.64,71.43,53.85,,,,3.0,3.0,3.0,,,,22.25,21.43,23.08,,,,0.0,0,0,,,,0.0,0,0,,,,0.0,0,0,,,,0.0,0,0,,,,0.0,0,0,,,,0.0,0,0,,,,"{'A': 0.0, 'C': 0.0, 'D': 0.0, 'E': 0.0, 'F': 0.0, 'G': 0.0, 'H': 1.0, 'I': 2.0, 'K': 0.0, 'L': 0.0, 'M': 3.0, 'N': 1.0, 'P': 0.5, 'Q': 0.0, 'R': 1.0, 'S': 0.0, 'T': 0.0, 'V': 3.0, 'W': 0.0, 'Y': 2.0}","{'A': 0, 'C': 0, 'D': 0, 'E': 0, 'F': 0, 'G': 0, 'H': 1, 'I': 2, 'K': 0, 'L': 0, 'M': 3, 'N': 1, 'P': 1, 'Q': 0, 'R': 1, 'S': 0, 'T': 0, 'V': 3, 'W': 0, 'Y': 2}","{'A': 0, 'C': 0, 'D': 0, 'E': 0, 'F': 0, 'G': 0, 'H': 1, 'I': 2, 'K': 0, 'L': 0, 'M': 3, 'N': 1, 'P': 0, 'Q': 0, 'R': 1, 'S': 0, 'T': 0, 'V': 3, 'W': 0, 'Y': 2}",,,,1.5,1.48,1.52,,,,0.36,0.4,0.33,,,,0.85,0.78,0.93,,,,0.39,0.36,0.41,,,,0.17,0.22,0.13,,,,9.29,16.27,2.32,,,,"0 hours, 0 minutes, 45 seconds",,EGFR_patchF,relaxed_filters,default_4stage_multimer
EGFRpH_F_l30_s503832_mpnn8,4stage,30,503832,-0.3,"A431,A434,A436",APEMHMNIYVRYELDENNKKVMKVEIEYVP,"B3,B4,B5,B6,B7,B8,B9,B10,B11,B12,B22,B24,B26,B29",1.37,0.37,0.9,0.89,0.9,,,,0.88,0.87,0.88,,,,0.85,0.85,0.85,,,,0.19,0.19,0.19,,,,0.2,0.2,0.2,,,,0.0,0,0,,,,0.0,0,0,,,,2.0,0,4,,,,0.0,0,0,,,,-91.85,-93.11,-90.6,,,,0.53,0.53,0.53,,,,0.73,0.71,0.75,,,,0.65,0.6,0.7,,,,-51.89,-49.78,-53.99,,,,1364.74,1325.45,1404.03,,,,-3.8,-3.76,-3.85,,,,56.31,54.35,58.27,,,,71.43,71.43,71.43,,,,14.0,14,14,,,,8.0,7,9,,,,57.15,50.0,64.29,,,,4.0,4.0,4.0,,,,28.57,28.57,28.57,,,,0.0,0,0,,,,0.0,0,0,,,,0.0,0,0,,,,0.0,0,0,,,,0.0,0,0,,,,0.0,0,0,,,,"{'A': 0.0, 'C': 0.0, 'D': 0.0, 'E': 1.0, 'F': 0.0, 'G': 0.0, 'H': 1.0, 'I': 2.0, 'K': 0.0, 'L': 0.0, 'M': 3.0, 'N': 1.0, 'P': 0.0, 'Q': 0.0, 'R': 1.0, 'S': 0.0, 'T': 0.0, 'V': 3.0, 'W': 0.0, 'Y': 2.0}","{'A': 0, 'C': 0, 'D': 0, 'E': 1, 'F': 0, 'G': 0, 'H': 1, 'I': 2, 'K': 0, 'L': 0, 'M': 3, 'N': 1, 'P': 0, 'Q': 0, 'R': 1, 'S': 0, 'T': 0, 'V': 3, 'W': 0, 'Y': 2}","{'A': 0, 'C': 0, 'D': 0, 'E': 1, 'F': 0, 'G': 0, 'H': 1, 'I': 2, 'K': 0, 'L': 0, 'M': 3, 'N': 1, 'P': 0, 'Q': 0, 'R': 1, 'S': 0, 'T': 0, 'V': 3, 'W': 0, 'Y': 2}",,,,1.64,1.59,1.69,,,,0.34,0.4,0.29,,,,0.9,0.92,0.88,,,,0.39,0.4,0.38,,,,0.16,0.14,0.17,,,,5.79,3.49,8.08,,,,"0 hours, 0 minutes, 46 seconds",,EGFR_patchF,relaxed_filters,default_4stage_multimer
EGFRpH_F_l30_s503832_mpnn9,4stage,30,503832,-0.3,"A431,A434,A436",AVEMHMNIYVRYEMNENNEKVMKVEIELVP,"B3,B4,B5,B6,B7,B8,B9,B10,B11,B12,B22,B24,B26,B29",1.37,0.25,0.91,0.9,0.91,,,,0.88,0.87,0.88,,,,0.85,0.85,0.86,,,,0.18,0.19,0.17,,,,0.19,0.2,0.18,,,,0.0,0,0,,,,0.0,0,0,,,,0.5,1,0,,,,0.0,0,0,,,,-84.72,-84.32,-85.11,,,,0.53,0.53,0.53,,,,0.73,0.74,0.72,,,,0.7,0.72,0.68,,,,-50.2,-49.2,-51.2,,,,1399.24,1340.76,1457.73,,,,-3.59,-3.67,-3.51,,,,58.85,56.73,60.98,,,,74.18,76.92,71.43,,,,13.5,13,14,,,,8.5,7,10,,,,62.64,53.85,71.43,,,,3.0,3.0,3.0,,,,22.25,23.08,21.43,,,,0.0,0,0,,,,0.0,0,0,,,,0.0,0,0,,,,0.0,0,0,,,,0.0,0,0,,,,0.0,0,0,,,,"{'A': 0.0, 'C': 0.0, 'D': 0.0, 'E': 0.5, 'F': 0.0, 'G': 0.0, 'H': 1.0, 'I': 2.0, 'K': 0.0, 'L': 0.0, 'M': 3.0, 'N': 1.0, 'P': 0.0, 'Q': 0.0, 'R': 1.0, 'S': 0.0, 'T': 0.0, 'V': 3.0, 'W': 0.0, 'Y': 2.0}","{'A': 0, 'C': 0, 'D': 0, 'E': 0, 'F': 0, 'G': 0, 'H': 1, 'I': 2, 'K': 0, 'L': 0, 'M': 3, 'N': 1, 'P': 0, 'Q': 0, 'R': 1, 'S': 0, 'T': 0, 'V': 3, 'W': 0, 'Y': 2}","{'A': 0, 'C': 0, 'D': 0, 'E': 1, 'F': 0, 'G': 0, 'H': 1, 'I': 2, 'K': 0, 'L': 0, 'M': 3, 'N': 1, 'P': 0, 'Q': 0, 'R': 1, 'S': 0, 'T': 0, 'V': 3, 'W': 0, 'Y': 2}",,,,1.66,1.64,1.68,,,,0.34,0.39,0.28,,,,0.94,0.94,0.95,,,,0.42,0.41,0.44,,,,0.11,0.11,0.11,,,,3.61,3.42,3.8,,,,"0 hours, 0 minutes, 43 seconds",,EGFR_patchF,relaxed_filters,default_4stage_multimer
EGFRpH_F_l30_s503832_mpnn10,4stage,30,503832,-0.3,"A431,A434,A436",TPEMHMNIYVRYKMNENNEKVMEVVIEYVP,"B3,B4,B5,B6,B7,B8,B9,B10,B11,B12,B22,B24,B26,B29",1.37,0.31,0.92,0.91,0.92,,,,0.88,0.87,0.89,,,,0.86,0.86,0.87,,,,0.17,0.18,0.17,,,,0.18,0.19,0.18,,,,0.0,0,0,,,,0.0,0,0,,,,1.0,2,0,,,,0.0,0,0,,,,-94.59,-93.18,-95.99,,,,0.53,0.53,0.53,,,,0.72,0.71,0.73,,,,0.7,0.68,0.71,,,,-49.75,-47.28,-52.23,,,,1325.22,1301.75,1348.68,,,,-3.75,-3.63,-3.87,,,,56.82,55.31,58.33,,,,74.18,76.92,71.43,,,,13.5,13,14,,,,8.0,8,8,,,,59.34,61.54,57.14,,,,3.0,3.0,3.0,,,,22.25,23.08,21.43,,,,0.0,0,0,,,,0.0,0,0,,,,0.0,0,0,,,,0.0,0,0,,,,0.0,0,0,,,,0.0,0,0,,,,"{'A': 0.0, 'C': 0.0, 'D': 0.0, 'E': 0.5, 'F': 0.0, 'G': 0.0, 'H': 1.0, 'I': 2.0, 'K': 0.0, 'L': 0.0, 'M': 3.0, 'N': 1.0, 'P': 0.0, 'Q': 0.0, 'R': 1.0, 'S': 0.0, 'T': 0.0, 'V': 3.0, 'W': 0.0, 'Y': 2.0}","{'A': 0, 'C': 0, 'D': 0, 'E': 0, 'F': 0, 'G': 0, 'H': 1, 'I': 2, 'K': 0, 'L': 0, 'M': 3, 'N': 1, 'P': 0, 'Q': 0, 'R': 1, 'S': 0, 'T': 0, 'V': 3, 'W': 0, 'Y': 2}","{'A': 0, 'C': 0, 'D': 0, 'E': 1, 'F': 0, 'G': 0, 'H': 1, 'I': 2, 'K': 0, 'L': 0, 'M': 3, 'N': 1, 'P': 0, 'Q': 0, 'R': 1, 'S': 0, 'T': 0, 'V': 3, 'W': 0, 'Y': 2}",,,,1.51,1.47,1.55,,,,0.36,0.4,0.31,,,,0.92,0.91,0.93,,,,0.39,0.38,0.4,,,,0.13,0.14,0.12,,,,2.35,2.12,2.58,,,,"0 hours, 0 minutes, 41 seconds",,EGFR_patchF,relaxed_filters,default_4stage_multimer
EGFRpH_F_l30_s503832_mpnn11,4stage,30,503832,-0.3,"A431,A434,A436",SVEMHMNIYVRYKMNENNEKEMEVEIEYVP,"B4,B5,B6,B7,B8,B9,B10,B11,B12,B22,B24,B26,B29",1.39,0.44,0.9,0.9,0.9,,,,0.88,0.87,0.88,,,,0.85,0.85,0.86,,,,0.2,0.2,0.19,,,,0.2,0.2,0.2,,,,0.0,0,0,,,,0.0,0,0,,,,1.0,0,2,,,,0.0,0,0,,,,-83.73,-84.3,-83.17,,,,0.47,0.47,0.47,,,,0.73,0.73,0.73,,,,0.62,0.57,0.68,,,,-51.52,-51.7,-51.33,,,,1379.68,1396.02,1363.35,,,,-3.73,-3.7,-3.76,,,,56.98,57.16,56.81,,,,76.92,76.92,76.92,,,,13.0,13,13,,,,8.5,8,9,,,,65.39,61.54,69.23,,,,3.5,3.0,4.0,,,,26.92,23.08,30.77,,,,0.0,0,0,,,,0.0,0,0,,,,0.0,0,0,,,,0.0,0,0,,,,0.0,0,0,,,,0.0,0,0,,,,"{'A': 0.0, 'C': 0.0, 'D': 0.0, 'E': 0.0, 'F': 0.0, 'G': 0.0, 'H': 1.0, 'I': 2.0, 'K': 0.0, 'L': 0.0, 'M': 3.0, 'N': 1.0, 'P': 0.0, 'Q': 0.0, 'R': 1.0, 'S': 0.0, 'T': 0.0, 'V': 3.0, 'W': 0.0, 'Y': 2.0}","{'A': 0, 'C': 0, 'D': 0, 'E': 0, 'F': 0, 'G': 0, 'H': 1, 'I': 2, 'K': 0, 'L': 0, 'M': 3, 'N': 1, 'P': 0, 'Q': 0, 'R': 1, 'S': 0, 'T': 0, 'V': 3, 'W': 0, 'Y': 2}","{'A': 0, 'C': 0, 'D': 0, 'E': 0, 'F': 0, 'G': 0, 'H': 1, 'I': 2, 'K': 0, 'L': 0, 'M': 3, 'N': 1, 'P': 0, 'Q': 0, 'R': 1, 'S': 0, 'T': 0, 'V': 3, 'W': 0, 'Y': 2}",,,,1.7,1.74,1.66,,,,0.34,0.4,0.29,,,,0.93,0.93,0.93,,,,0.42,0.41,0.43,,,,0.12,0.13,0.12,,,,4.61,4.62,4.59,,,,"0 hours, 0 minutes, 46 seconds",,EGFR_patchF,relaxed_filters,default_4stage_multimer
EGFRpH_F_l30_s503832_mpnn13,4stage,30,503832,-0.3,"A431,A434,A436",MPEMHMNIYVRYKMNENNELVMEVVIEYVP,"B3,B4,B5,B6,B7,B8,B9,B10,B11,B12,B22,B24,B26,B29",1.4,0.31,0.91,0.91,0.9,,,,0.87,0.86,0.88,,,,0.85,0.85,0.85,,,,0.18,0.18,0.19,,,,0.2,0.19,0.2,,,,0.0,0,0,,,,0.0,0,0,,,,3.0,2,4,,,,0.0,0,0,,,,-95.5,-94.0,-96.99,,,,0.6,0.6,0.6,,,,0.74,0.75,0.73,,,,0.66,0.66,0.65,,,,-56.9,-56.9,-56.9,,,,1394.95,1427.62,1362.29,,,,-4.08,-3.99,-4.18,,,,60.59,62.64,58.55,,,,75.0,78.57,71.43,,,,14.0,14,14,,,,9.5,10,9,,,,67.86,71.43,64.29,,,,3.0,3.0,3.0,,,,21.43,21.43,21.43,,,,0.0,0,0,,,,0.0,0,0,,,,0.0,0,0,,,,0.0,0,0,,,,0.0,0,0,,,,0.0,0,0,,,,"{'A': 0.0, 'C': 0.0, 'D': 0.0, 'E': 0.5, 'F': 0.0, 'G': 0.0, 'H': 1.0, 'I': 2.0, 'K': 0.0, 'L': 0.0, 'M': 3.0, 'N': 1.0, 'P': 0.5, 'Q': 0.0, 'R': 1.0, 'S': 0.0, 'T': 0.0, 'V': 3.0, 'W': 0.0, 'Y': 2.0}","{'A': 0, 'C': 0, 'D': 0, 'E': 0, 'F': 0, 'G': 0, 'H': 1, 'I': 2, 'K': 0, 'L': 0, 'M': 3, 'N': 1, 'P': 1, 'Q': 0, 'R': 1, 'S': 0, 'T': 0, 'V': 3, 'W': 0, 'Y': 2}","{'A': 0, 'C': 0, 'D': 0, 'E': 1, 'F': 0, 'G': 0, 'H': 1, 'I': 2, 'K': 0, 'L': 0, 'M': 3, 'N': 1, 'P': 0, 'Q': 0, 'R': 1, 'S': 0, 'T': 0, 'V': 3, 'W': 0, 'Y': 2}",,,,1.38,1.39,1.38,,,,0.36,0.41,0.3,,,,0.92,0.91,0.93,,,,0.39,0.37,0.4,,,,0.14,0.15,0.13,,,,3.02,2.49,3.55,,,,"0 hours, 0 minutes, 44 seconds",,EGFR_patchF,relaxed_filters,default_4stage_multimer
EGFRpH_F_l30_s503832_mpnn14,4stage,30,503832,-0.3,"A431,A434,A436",MVEMHMNIYVRYKLDENNEKVMEVEIEYVP,"B4,B5,B6,B7,B8,B9,B10,B11,B12,B22,B23,B24,B26,B29,B30",1.4,0.44,0.91,0.9,0.91,,,,0.87,0.86,0.88,,,,0.85,0.85,0.86,,,,0.18,0.19,0.18,,,,0.2,0.2,0.19,,,,0.0,0,0,,,,0.0,0,0,,,,0.0,0,0,,,,0.0,0,0,,,,-82.81,-79.9,-85.73,,,,0.53,0.53,0.53,,,,0.73,0.72,0.75,,,,0.7,0.72,0.67,,,,-53.05,-49.17,-56.92,,,,1392.75,1375.49,1410.01,,,,-3.8,-3.57,-4.04,,,,59.02,57.73,60.31,,,,75.12,76.92,73.33,,,,14.0,13,15,,,,8.5,8,9,,,,60.77,61.54,60.0,,,,3.0,3.0,3.0,,,,21.54,23.08,20.0,,,,0.0,0,0,,,,0.0,0,0,,,,0.0,0,0,,,,0.0,0,0,,,,0.0,0,0,,,,0.0,0,0,,,,"{'A': 0.0, 'C': 0.0, 'D': 0.0, 'E': 0.5, 'F': 0.0, 'G': 0.0, 'H': 1.0, 'I': 2.0, 'K': 0.0, 'L': 0.0, 'M': 3.0, 'N': 1.0, 'P': 0.5, 'Q': 0.0, 'R': 1.0, 'S': 0.0, 'T': 0.0, 'V': 3.0, 'W': 0.0, 'Y': 2.0}","{'A': 0, 'C': 0, 'D': 0, 'E': 0, 'F': 0, 'G': 0, 'H': 1, 'I': 2, 'K': 0, 'L': 0, 'M': 3, 'N': 1, 'P': 0, 'Q': 0, 'R': 1, 'S': 0, 'T': 0, 'V': 3, 'W': 0, 'Y': 2}","{'A': 0, 'C': 0, 'D': 0, 'E': 1, 'F': 0, 'G': 0, 'H': 1, 'I': 2, 'K': 0, 'L': 0, 'M': 3, 'N': 1, 'P': 1, 'Q': 0, 'R': 1, 'S': 0, 'T': 0, 'V': 3, 'W': 0, 'Y': 2}",,,,1.54,1.55,1.54,,,,0.36,0.4,0.31,,,,0.91,0.93,0.89,,,,0.4,0.4,0.4,,,,0.15,0.13,0.16,,,,5.96,4.01,7.91,,,,"0 hours, 0 minutes, 45 seconds",,EGFR_patchF,relaxed_filters,default_4stage_multimer
EGFRpH_F_l30_s503832_mpnn15,4stage,30,503832,-0.3,"A431,A434,A436",AVEMHMNIYVRYKMDENNKMVMEVEIEYVP,"B4,B5,B6,B7,B8,B9,B10,B11,B12,B22,B24,B26,B29,B30",1.4,0.44,0.9,0.9,0.9,,,,0.88,0.87,0.88,,,,0.85,0.85,0.86,,,,0.18,0.18,0.18,,,,0.19,0.19,0.19,,,,0.0,0,0,,,,0.0,0,0,,,,1.5,0,3,,,,0.0,0,0,,,,-81.2,-79.92,-82.49,,,,0.57,0.57,0.57,,,,0.71,0.71,0.72,,,,0.69,0.67,0.7,,,,-50.31,-50.56,-50.06,,,,1390.64,1440.17,1341.12,,,,-3.62,-3.51,-3.73,,,,58.3,61.22,55.37,,,,75.0,71.43,78.57,,,,14.0,14,14,,,,8.5,9,8,,,,60.72,64.29,57.14,,,,3.5,3.0,4.0,,,,25.0,21.43,28.57,,,,0.0,0,0,,,,0.0,0,0,,,,0.0,0,0,,,,0.0,0,0,,,,0.0,0,0,,,,0.0,0,0,,,,"{'A': 0.0, 'C': 0.0, 'D': 0.0, 'E': 0.5, 'F': 0.0, 'G': 0.0, 'H': 1.0, 'I': 2.0, 'K': 0.0, 'L': 0.0, 'M': 3.0, 'N': 1.0, 'P': 0.5, 'Q': 0.0, 'R': 1.0, 'S': 0.0, 'T': 0.0, 'V': 3.0, 'W': 0.0, 'Y': 2.0}","{'A': 0, 'C': 0, 'D': 0, 'E': 1, 'F': 0, 'G': 0, 'H': 1, 'I': 2, 'K': 0, 'L': 0, 'M': 3, 'N': 1, 'P': 0, 'Q': 0, 'R': 1, 'S': 0, 'T': 0, 'V': 3, 'W': 0, 'Y': 2}","{'A': 0, 'C': 0, 'D': 0, 'E': 0, 'F': 0, 'G': 0, 'H': 1, 'I': 2, 'K': 0, 'L': 0, 'M': 3, 'N': 1, 'P': 1, 'Q': 0, 'R': 1, 'S': 0, 'T': 0, 'V': 3, 'W': 0, 'Y': 2}",,,,1.29,1.32,1.26,,,,0.35,0.4,0.3,,,,0.93,0.93,0.93,,,,0.42,0.41,0.43,,,,0.12,0.13,0.12,,,,4.35,4.07,4.62,,,,"0 hours, 0 minutes, 45 seconds",,EGFR_patchF,relaxed_filters,default_4stage_multimer
EGFRpH_F_l30_s503832_mpnn17,4stage,30,503832,-0.3,"A431,A434,A436",SPEMHMNIYVRYKMNDNNEKVMEVVIEYVP,"B4,B5,B6,B7,B8,B9,B10,B11,B12,B22,B24,B26,B29",1.42,0.31,0.91,0.9,0.91,,,,0.88,0.87,0.89,,,,0.86,0.86,0.87,,,,0.17,0.18,0.17,,,,0.18,0.19,0.18,,,,0.0,0,0,,,,0.0,0,0,,,,1.0,2,0,,,,0.0,0,0,,,,-96.31,-95.87,-96.76,,,,0.53,0.53,0.53,,,,0.77,0.76,0.78,,,,0.7,0.68,0.72,,,,-57.22,-59.79,-54.66,,,,1392.11,1457.48,1326.73,,,,-4.11,-4.1,-4.12,,,,59.09,61.2,56.98,,,,77.75,78.57,76.92,,,,13.5,14,13,,,,9.5,11,8,,,,70.05,78.57,61.54,,,,3.0,3.0,3.0,,,,22.25,21.43,23.08,,,,0.0,0,0,,,,0.0,0,0,,,,0.0,0,0,,,,0.0,0,0,,,,0.0,0,0,,,,0.0,0,0,,,,"{'A': 0.0, 'C': 0.0, 'D': 0.0, 'E': 0.0, 'F': 0.0, 'G': 0.0, 'H': 1.0, 'I': 2.0, 'K': 0.0, 'L': 0.0, 'M': 3.0, 'N': 1.0, 'P': 0.0, 'Q': 0.0, 'R': 1.0, 'S': 0.0, 'T': 0.0, 'V': 3.5, 'W': 0.0, 'Y': 2.0}","{'A': 0, 'C': 0, 'D': 0, 'E': 0, 'F': 0, 'G': 0, 'H': 1, 'I': 2, 'K': 0, 'L': 0, 'M': 3, 'N': 1, 'P': 0, 'Q': 0, 'R': 1, 'S': 0, 'T': 0, 'V': 4, 'W': 0, 'Y': 2}","{'A': 0, 'C': 0, 'D': 0, 'E': 0, 'F': 0, 'G': 0, 'H': 1, 'I': 2, 'K': 0, 'L': 0, 'M': 3, 'N': 1, 'P': 0, 'Q': 0, 'R': 1, 'S': 0, 'T': 0, 'V': 3, 'W': 0, 'Y': 2}",,,,1.58,1.58,1.57,,,,0.36,0.4,0.31,,,,0.92,0.91,0.93,,,,0.39,0.38,0.4,,,,0.14,0.14,0.13,,,,2.29,2.11,2.48,,,,"0 hours, 0 minutes, 44 seconds",,EGFR_patchF,relaxed_filters,default_4stage_multimer
EGFRpH_F_l30_s503832_mpnn18,4stage,30,503832,-0.3,"A431,A434,A436",SPEMHMNIYVRYEMNENNEKVMTVKIEYVP,"B4,B5,B6,B7,B8,B9,B10,B11,B12,B22,B23,B24,B26,B29,B30",1.43,0.31,0.9,0.9,0.9,,,,0.88,0.87,0.89,,,,0.85,0.85,0.86,,,,0.18,0.18,0.18,,,,0.19,0.19,0.19,,,,0.0,0,0,,,,0.0,0,0,,,,1.5,0,3,,,,0.0,0,0,,,,-91.45,-91.24,-91.67,,,,0.5,0.5,0.5,,,,0.73,0.72,0.74,,,,0.68,0.66,0.69,,,,-53.23,-51.99,-54.48,,,,1366.9,1399.21,1334.6,,,,-3.9,-3.72,-4.08,,,,57.0,58.41,55.59,,,,70.0,66.67,73.33,,,,15.0,15,15,,,,7.5,8,7,,,,50.0,53.33,46.67,,,,3.5,4.0,3.0,,,,23.34,26.67,20.0,,,,0.0,0,0,,,,0.0,0,0,,,,0.0,0,0,,,,0.0,0,0,,,,0.0,0,0,,,,0.0,0,0,,,,"{'A': 0.0, 'C': 0.0, 'D': 0.0, 'E': 0.5, 'F': 0.0, 'G': 0.0, 'H': 1.0, 'I': 2.0, 'K': 0.0, 'L': 0.0, 'M': 3.0, 'N': 1.0, 'P': 0.5, 'Q': 0.0, 'R': 1.0, 'S': 0.0, 'T': 1.0, 'V': 3.0, 'W': 0.0, 'Y': 2.0}","{'A': 0, 'C': 0, 'D': 0, 'E': 1, 'F': 0, 'G': 0, 'H': 1, 'I': 2, 'K': 0, 'L': 0, 'M': 3, 'N': 1, 'P': 0, 'Q': 0, 'R': 1, 'S': 0, 'T': 1, 'V': 3, 'W': 0, 'Y': 2}","{'A': 0, 'C': 0, 'D': 0, 'E': 0, 'F': 0, 'G': 0, 'H': 1, 'I': 2, 'K': 0, 'L': 0, 'M': 3, 'N': 1, 'P': 1, 'Q': 0, 'R': 1, 'S': 0, 'T': 1, 'V': 3, 'W': 0, 'Y': 2}",,,,1.24,1.22,1.26,,,,0.34,0.39,0.29,,,,0.92,0.91,0.93,,,,0.42,0.41,0.44,,,,0.13,0.14,0.12,,,,4.0,3.91,4.1,,,,"0 hours, 0 minutes, 44 seconds",,EGFR_patchF,relaxed_filters,default_4stage_multimer
EGFRpH_F_l35_s302938_mpnn1,4stage,35,302938,-0.3,"A431,A434,A436",MIMEIYVKWGENGDIVVEINITENGKTTVKTYTFS,"B1,B2,B3,B4,B5,B6,B7,B8,B9,B15,B17,B19,B32,B34,B35",0.95,0.55,0.94,0.93,0.94,,,,0.88,0.87,0.89,,,,0.9,0.89,0.91,,,,0.15,0.15,0.14,,,,0.15,0.16,0.15,,,,0.0,0,0,,,,0.0,0,0,,,,2.0,2,2,,,,0.0,0,0,,,,-114.5,-112.42,-116.57,,,,0.5,0.5,0.5,,,,0.68,0.69,0.67,,,,0.67,0.67,0.67,,,,-60.38,-59.99,-60.76,,,,1560.09,1575.6,1544.59,,,,-3.87,-3.81,-3.93,,,,67.81,69.56,66.05,,,,77.5,75.0,80.0,,,,15.5,16,15,,,,7.5,8,7,,,,48.34,50.0,46.67,,,,5.5,5.0,6.0,,,,35.62,31.25,40.0,,,,0.0,0,0,,,,0.0,0,0,,,,0.0,0,0,,,,0.0,0,0,,,,0.0,0,0,,,,0.0,0,0,,,,"{'A': 0.0, 'C': 0.0, 'D': 0.0, 'E': 1.0, 'F': 1.0, 'G': 0.0, 'H': 0.0, 'I': 4.0, 'K': 1.0, 'L': 0.0, 'M': 2.0, 'N': 0.0, 'P': 0.0, 'Q': 0.0, 'R': 0.0, 'S': 1.0, 'T': 0.5, 'V': 2.0, 'W': 1.0, 'Y': 2.0}","{'A': 0, 'C': 0, 'D': 0, 'E': 1, 'F': 1, 'G': 0, 'H': 0, 'I': 4, 'K': 1, 'L': 0, 'M': 2, 'N': 0, 'P': 0, 'Q': 0, 'R': 0, 'S': 1, 'T': 1, 'V': 2, 'W': 1, 'Y': 2}","{'A': 0, 'C': 0, 'D': 0, 'E': 1, 'F': 1, 'G': 0, 'H': 0, 'I': 4, 'K': 1, 'L': 0, 'M': 2, 'N': 0, 'P': 0, 'Q': 0, 'R': 0, 'S': 1, 'T': 0, 'V': 2, 'W': 1, 'Y': 2}",,,,0.85,0.8,0.91,,,,0.45,0.48,0.43,,,,0.95,0.95,0.96,,,,0.61,0.6,0.62,,,,0.08,0.09,0.08,,,,1.08,1.04,1.11,,,,"0 hours, 1 minutes, 31 seconds",,EGFR_patchF,relaxed_filters,default_4stage_multimer
EGFRpH_F_l35_s302938_mpnn2,4stage,35,302938,-0.3,"A431,A434,A436",MIMEIYVKWGEDGSIVVEIKKTENGKTTVETYVFS,"B1,B2,B3,B4,B5,B6,B7,B8,B9,B15,B17,B19,B32,B34,B35",0.98,0.45,0.94,0.93,0.94,,,,0.88,0.87,0.89,,,,0.9,0.89,0.91,,,,0.14,0.15,0.13,,,,0.16,0.17,0.15,,,,0.0,0,0,,,,0.0,0,0,,,,2.0,2,2,,,,0.0,0,0,,,,-122.66,-124.71,-120.6,,,,0.5,0.5,0.5,,,,0.69,0.69,0.68,,,,0.67,0.68,0.66,,,,-65.9,-68.68,-63.12,,,,1577.04,1615.7,1538.38,,,,-4.17,-4.25,-4.1,,,,69.15,73.02,65.28,,,,80.0,80.0,80.0,,,,15.0,15,15,,,,10.0,11,9,,,,66.66,73.33,60.0,,,,5.5,6.0,5.0,,,,36.66,40.0,33.33,,,,0.0,0,0,,,,0.0,0,0,,,,0.0,0,0,,,,0.0,0,0,,,,0.0,0,0,,,,0.0,0,0,,,,"{'A': 0.0, 'C': 0.0, 'D': 0.0, 'E': 1.0, 'F': 1.0, 'G': 0.0, 'H': 0.0, 'I': 4.0, 'K': 1.0, 'L': 0.0, 'M': 2.0, 'N': 0.0, 'P': 0.0, 'Q': 0.0, 'R': 0.0, 'S': 1.0, 'T': 0.0, 'V': 2.0, 'W': 1.0, 'Y': 2.0}","{'A': 0, 'C': 0, 'D': 0, 'E': 1, 'F': 1, 'G': 0, 'H': 0, 'I': 4, 'K': 1, 'L': 0, 'M': 2, 'N': 0, 'P': 0, 'Q': 0, 'R': 0, 'S': 1, 'T': 0, 'V': 2, 'W': 1, 'Y': 2}","{'A': 0, 'C': 0, 'D': 0, 'E': 1, 'F': 1, 'G': 0, 'H': 0, 'I': 4, 'K': 1, 'L': 0, 'M': 2, 'N': 0, 'P': 0, 'Q': 0, 'R': 0, 'S': 1, 'T': 0, 'V': 2, 'W': 1, 'Y': 2}",,,,0.92,0.9,0.93,,,,0.46,0.49,0.44,,,,0.95,0.94,0.96,,,,0.58,0.57,0.6,,,,0.1,0.1,0.09,,,,1.48,1.41,1.56,,,,"0 hours, 0 minutes, 49 seconds",,EGFR_patchF,relaxed_filters,default_4stage_multimer
EGFRpH_F_l35_s302938_mpnn3,4stage,35,302938,-0.3,"A431,A434,A436",MIMEIYVKWGENGDIVVEIKTTKDGKTTVETYTFS,"B1,B2,B3,B4,B5,B6,B7,B8,B9,B15,B17,B19,B32,B34,B35",0.99,0.45,0.94,0.93,0.94,,,,0.88,0.87,0.89,,,,0.9,0.89,0.91,,,,0.15,0.15,0.14,,,,0.15,0.16,0.15,,,,0.0,0,0,,,,0.0,0,0,,,,2.0,2,2,,,,0.0,0,0,,,,-114.95,-117.75,-112.16,,,,0.47,0.47,0.47,,,,0.69,0.69,0.68,,,,0.67,0.66,0.68,,,,-66.79,-68.72,-64.86,,,,1576.22,1616.1,1536.35,,,,-4.23,-4.25,-4.22,,,,67.18,70.19,64.17,,,,80.0,80.0,80.0,,,,15.0,15,15,,,,10.0,11,9,,,,66.66,73.33,60.0,,,,5.5,6.0,5.0,,,,36.66,40.0,33.33,,,,0.0,0,0,,,,0.0,0,0,,,,0.0,0,0,,,,0.0,0,0,,,,0.0,0,0,,,,0.0,0,0,,,,"{'A': 0.0, 'C': 0.0, 'D': 0.0, 'E': 1.0, 'F': 1.0, 'G': 0.0, 'H': 0.0, 'I': 4.0, 'K': 1.0, 'L': 0.0, 'M': 2.0, 'N': 0.0, 'P': 0.0, 'Q': 0.0, 'R': 0.0, 'S': 1.0, 'T': 0.0, 'V': 2.0, 'W': 1.0, 'Y': 2.0}","{'A': 0, 'C': 0, 'D': 0, 'E': 1, 'F': 1, 'G': 0, 'H': 0, 'I': 4, 'K': 1, 'L': 0, 'M': 2, 'N': 0, 'P': 0, 'Q': 0, 'R': 0, 'S': 1, 'T': 0, 'V': 2, 'W': 1, 'Y': 2}","{'A': 0, 'C': 0, 'D': 0, 'E': 1, 'F': 1, 'G': 0, 'H': 0, 'I': 4, 'K': 1, 'L': 0, 'M': 2, 'N': 0, 'P': 0, 'Q': 0, 'R': 0, 'S': 1, 'T': 0, 'V': 2, 'W': 1, 'Y': 2}",,,,0.88,0.86,0.9,,,,0.45,0.48,0.43,,,,0.95,0.95,0.96,,,,0.6,0.59,0.61,,,,0.08,0.09,0.08,,,,1.29,1.23,1.36,,,,"0 hours, 0 minutes, 49 seconds",,EGFR_patchF,relaxed_filters,default_4stage_multimer
EGFRpH_F_l35_s302938_mpnn4,4stage,35,302938,-0.3,"A431,A434,A436",MIMEIYVKWGEDGSIVVEIKITKDGKTTTTTYVFS,"B1,B2,B3,B4,B5,B6,B7,B8,B9,B15,B17,B19,B32,B34,B35",0.99,0.5,0.94,0.93,0.94,,,,0.88,0.87,0.89,,,,0.9,0.89,0.91,,,,0.14,0.15,0.13,,,,0.15,0.16,0.15,,,,0.0,0,0,,,,0.0,0,0,,,,3.0,3,3,,,,0.0,0,0,,,,-122.36,-123.23,-121.48,,,,0.5,0.5,0.5,,,,0.71,0.7,0.72,,,,0.7,0.71,0.68,,,,-68.06,-68.16,-67.95,,,,1626.47,1626.18,1626.76,,,,-4.19,-4.19,-4.18,,,,69.83,70.1,69.56,,,,80.0,80.0,80.0,,,,15.0,15,15,,,,11.0,11,11,,,,73.33,73.33,73.33,,,,5.5,6.0,5.0,,,,36.66,40.0,33.33,,,,0.0,0,0,,,,0.0,0,0,,,,0.0,0,0,,,,0.0,0,0,,,,0.0,0,0,,,,0.0,0,0,,,,"{'A': 0.0, 'C': 0.0, 'D': 0.0, 'E': 1.0, 'F': 1.0, 'G': 0.0, 'H': 0.0, 'I': 4.0, 'K': 1.0, 'L': 0.0, 'M': 2.0, 'N': 0.0, 'P': 0.0, 'Q': 0.0, 'R': 0.0, 'S': 1.0, 'T': 0.0, 'V': 2.0, 'W': 1.0, 'Y': 2.0}","{'A': 0, 'C': 0, 'D': 0, 'E': 1, 'F': 1, 'G': 0, 'H': 0, 'I': 4, 'K': 1, 'L': 0, 'M': 2, 'N': 0, 'P': 0, 'Q': 0, 'R': 0, 'S': 1, 'T': 0, 'V': 2, 'W': 1, 'Y': 2}","{'A': 0, 'C': 0, 'D': 0, 'E': 1, 'F': 1, 'G': 0, 'H': 0, 'I': 4, 'K': 1, 'L': 0, 'M': 2, 'N': 0, 'P': 0, 'Q': 0, 'R': 0, 'S': 1, 'T': 0, 'V': 2, 'W': 1, 'Y': 2}",,,,0.92,0.91,0.92,,,,0.44,0.47,0.41,,,,0.96,0.96,0.96,,,,0.6,0.59,0.61,,,,0.08,0.08,0.08,,,,1.35,1.25,1.45,,,,"0 hours, 0 minutes, 47 seconds",,EGFR_patchF,relaxed_filters,default_4stage_multimer
EGFRpH_F_l35_s302938_mpnn5,4stage,35,302938,-0.3,"A431,A434,A436",MIMEIYVKWGENGDIVVEIKTTKDGKTTVETYVFS,"B1,B2,B3,B4,B5,B6,B7,B8,B9,B15,B17,B19,B32,B34,B35",0.99,0.5,0.94,0.93,0.94,,,,0.88,0.87,0.89,,,,0.9,0.89,0.91,,,,0.15,0.15,0.14,,,,0.15,0.16,0.15,,,,0.0,0,0,,,,0.0,0,0,,,,2.0,2,2,,,,0.0,0,0,,,,-117.45,-119.78,-115.12,,,,0.5,0.5,0.5,,,,0.67,0.68,0.66,,,,0.66,0.63,0.69,,,,-64.28,-65.27,-63.29,,,,1566.45,1598.53,1534.37,,,,-4.1,-4.08,-4.12,,,,66.63,69.26,64.0,,,,80.0,80.0,80.0,,,,15.0,15,15,,,,9.0,10,8,,,,60.0,66.67,53.33,,,,6.0,6.0,6.0,,,,40.0,40.0,40.0,,,,0.0,0,0,,,,0.0,0,0,,,,0.0,0,0,,,,0.0,0,0,,,,0.0,0,0,,,,0.0,0,0,,,,"{'A': 0.0, 'C': 0.0, 'D': 0.0, 'E': 1.0, 'F': 1.0, 'G': 0.0, 'H': 0.0, 'I': 4.0, 'K': 1.0, 'L': 0.0, 'M': 2.0, 'N': 0.0, 'P': 0.0, 'Q': 0.0, 'R': 0.0, 'S': 1.0, 'T': 0.0, 'V': 2.0, 'W': 1.0, 'Y': 2.0}","{'A': 0, 'C': 0, 'D': 0, 'E': 1, 'F': 1, 'G': 0, 'H': 0, 'I': 4, 'K': 1, 'L': 0, 'M': 2, 'N': 0, 'P': 0, 'Q': 0, 'R': 0, 'S': 1, 'T': 0, 'V': 2, 'W': 1, 'Y': 2}","{'A': 0, 'C': 0, 'D': 0, 'E': 1, 'F': 1, 'G': 0, 'H': 0, 'I': 4, 'K': 1, 'L': 0, 'M': 2, 'N': 0, 'P': 0, 'Q': 0, 'R': 0, 'S': 1, 'T': 0, 'V': 2, 'W': 1, 'Y': 2}",,,,0.85,0.83,0.87,,,,0.45,0.48,0.43,,,,0.95,0.95,0.96,,,,0.6,0.59,0.61,,,,0.08,0.09,0.08,,,,1.3,1.24,1.36,,,,"0 hours, 0 minutes, 48 seconds",,EGFR_patchF,relaxed_filters,default_4stage_multimer
EGFRpH_F_l35_s302938_mpnn6,4stage,35,302938,-0.3,"A431,A434,A436",MIMEIYVKWGEDGSIVVEINITKDGKTTTKTYVFS,"B1,B2,B3,B4,B5,B6,B7,B8,B9,B15,B17,B19,B32,B34,B35",1.01,0.45,0.94,0.93,0.94,,,,0.88,0.87,0.89,,,,0.9,0.89,0.91,,,,0.14,0.15,0.13,,,,0.15,0.16,0.15,,,,0.0,0,0,,,,0.0,0,0,,,,2.5,2,3,,,,0.0,0,0,,,,-121.61,-122.5,-120.72,,,,0.5,0.5,0.5,,,,0.7,0.7,0.7,,,,0.67,0.6,0.73,,,,-65.07,-66.65,-63.49,,,,1596.56,1645.22,1547.89,,,,-4.07,-4.05,-4.1,,,,69.59,71.51,67.67,,,,80.0,80.0,80.0,,,,15.0,15,15,,,,9.0,10,8,,,,60.0,66.67,53.33,,,,5.5,6.0,5.0,,,,36.66,40.0,33.33,,,,0.0,0,0,,,,0.0,0,0,,,,0.0,0,0,,,,0.0,0,0,,,,0.0,0,0,,,,0.0,0,0,,,,"{'A': 0.0, 'C': 0.0, 'D': 0.0, 'E': 1.0, 'F': 1.0, 'G': 0.0, 'H': 0.0, 'I': 4.0, 'K': 1.0, 'L': 0.0, 'M': 2.0, 'N': 0.0, 'P': 0.0, 'Q': 0.0, 'R': 0.0, 'S': 1.0, 'T': 0.0, 'V': 2.0, 'W': 1.0, 'Y': 2.0}","{'A': 0, 'C': 0, 'D': 0, 'E': 1, 'F': 1, 'G': 0, 'H': 0, 'I': 4, 'K': 1, 'L': 0, 'M': 2, 'N': 0, 'P': 0, 'Q': 0, 'R': 0, 'S': 1, 'T': 0, 'V': 2, 'W': 1, 'Y': 2}","{'A': 0, 'C': 0, 'D': 0, 'E': 1, 'F': 1, 'G': 0, 'H': 0, 'I': 4, 'K': 1, 'L': 0, 'M': 2, 'N': 0, 'P': 0, 'Q': 0, 'R': 0, 'S': 1, 'T': 0, 'V': 2, 'W': 1, 'Y': 2}",,,,0.88,0.85,0.9,,,,0.45,0.48,0.42,,,,0.96,0.96,0.96,,,,0.6,0.59,0.61,,,,0.08,0.09,0.08,,,,1.27,1.21,1.33,,,,"0 hours, 0 minutes, 47 seconds",,EGFR_patchF,relaxed_filters,default_4stage_multimer
EGFRpH_F_l35_s302938_mpnn7,4stage,35,302938,-0.3,"A431,A434,A436",MIMEIYVKWGEDGSIVVEIKTTVDGKTTVETYVFS,"B1,B2,B3,B4,B5,B6,B7,B8,B9,B15,B17,B19,B32,B34,B35",1.01,0.4,0.94,0.93,0.94,,,,0.88,0.87,0.89,,,,0.9,0.89,0.91,,,,0.14,0.15,0.13,,,,0.15,0.16,0.15,,,,0.0,0,0,,,,0.0,0,0,,,,2.0,2,2,,,,0.0,0,0,,,,-124.0,-123.29,-124.7,,,,0.53,0.53,0.53,,,,0.69,0.69,0.68,,,,0.69,0.67,0.7,,,,-66.84,-67.53,-66.14,,,,1587.35,1605.01,1569.69,,,,-4.21,-4.21,-4.21,,,,70.06,70.51,69.61,,,,79.28,78.57,80.0,,,,14.5,14,15,,,,10.0,11,9,,,,69.28,78.57,60.0,,,,5.5,6.0,5.0,,,,38.09,42.86,33.33,,,,0.0,0,0,,,,0.0,0,0,,,,0.0,0,0,,,,0.0,0,0,,,,0.0,0,0,,,,0.0,0,0,,,,"{'A': 0.0, 'C': 0.0, 'D': 0.0, 'E': 1.0, 'F': 1.0, 'G': 0.0, 'H': 0.0, 'I': 4.0, 'K': 1.0, 'L': 0.0, 'M': 2.0, 'N': 0.0, 'P': 0.0, 'Q': 0.0, 'R': 0.0, 'S': 1.0, 'T': 0.0, 'V': 2.0, 'W': 1.0, 'Y': 1.5}","{'A': 0, 'C': 0, 'D': 0, 'E': 1, 'F': 1, 'G': 0, 'H': 0, 'I': 4, 'K': 1, 'L': 0, 'M': 2, 'N': 0, 'P': 0, 'Q': 0, 'R': 0, 'S': 1, 'T': 0, 'V': 2, 'W': 1, 'Y': 1}","{'A': 0, 'C': 0, 'D': 0, 'E': 1, 'F': 1, 'G': 0, 'H': 0, 'I': 4, 'K': 1, 'L': 0, 'M': 2, 'N': 0, 'P': 0, 'Q': 0, 'R': 0, 'S': 1, 'T': 0, 'V': 2, 'W': 1, 'Y': 2}",,,,0.91,0.89,0.92,,,,0.46,0.49,0.44,,,,0.95,0.95,0.96,,,,0.6,0.59,0.61,,,,0.08,0.09,0.08,,,,1.44,1.37,1.5,,,,"0 hours, 0 minutes, 47 seconds",,EGFR_patchF,relaxed_filters,default_4stage_multimer
EGFRpH_F_l35_s302938_mpnn8,4stage,35,302938,-0.3,"A431,A434,A436",MIMEIYVKWGEDGSIVVEIKTTKDGKTTIETYVFS,"B1,B2,B3,B4,B5,B6,B7,B8,B9,B15,B17,B19,B32,B34,B35",1.02,0.4,0.94,0.93,0.94,,,,0.88,0.87,0.89,,,,0.9,0.89,0.91,,,,0.14,0.15,0.13,,,,0.15,0.16,0.15,,,,0.0,0,0,,,,0.0,0,0,,,,1.5,2,1,,,,0.0,0,0,,,,-120.85,-120.91,-120.8,,,,0.5,0.5,0.5,,,,0.69,0.68,0.69,,,,0.68,0.62,0.74,,,,-64.25,-66.53,-61.97,,,,1562.21,1605.63,1518.79,,,,-4.11,-4.14,-4.08,,,,66.4,68.95,63.84,,,,80.0,80.0,80.0,,,,15.0,15,15,,,,9.5,11,8,,,,63.33,73.33,53.33,,,,5.5,6.0,5.0,,,,36.66,40.0,33.33,,,,0.0,0,0,,,,0.0,0,0,,,,0.0,0,0,,,,0.0,0,0,,,,0.0,0,0,,,,0.0,0,0,,,,"{'A': 0.0, 'C': 0.0, 'D': 0.0, 'E': 1.0, 'F': 1.0, 'G': 0.0, 'H': 0.0, 'I': 4.0, 'K': 1.0, 'L': 0.0, 'M': 2.0, 'N': 0.0, 'P': 0.0, 'Q': 0.0, 'R': 0.0, 'S': 1.0, 'T': 0.0, 'V': 2.0, 'W': 1.0, 'Y': 2.0}","{'A': 0, 'C': 0, 'D': 0, 'E': 1, 'F': 1, 'G': 0, 'H': 0, 'I': 4, 'K': 1, 'L': 0, 'M': 2, 'N': 0, 'P': 0, 'Q': 0, 'R': 0, 'S': 1, 'T': 0, 'V': 2, 'W': 1, 'Y': 2}","{'A': 0, 'C': 0, 'D': 0, 'E': 1, 'F': 1, 'G': 0, 'H': 0, 'I': 4, 'K': 1, 'L': 0, 'M': 2, 'N': 0, 'P': 0, 'Q': 0, 'R': 0, 'S': 1, 'T': 0, 'V': 2, 'W': 1, 'Y': 2}",,,,0.96,0.93,0.98,,,,0.46,0.49,0.43,,,,0.95,0.95,0.96,,,,0.6,0.59,0.61,,,,0.08,0.09,0.08,,,,1.53,1.42,1.64,,,,"0 hours, 0 minutes, 47 seconds",,EGFR_patchF,relaxed_filters,default_4stage_multimer
EGFRpH_F_l35_s302938_mpnn9,4stage,35,302938,-0.3,"A431,A434,A436",MIMEIYVKWGENGDIVVEINRTENGKTTTTTYTFS,"B1,B2,B3,B4,B5,B6,B7,B8,B9,B15,B17,B19,B32,B34,B35",1.02,0.55,0.94,0.93,0.94,,,,0.88,0.87,0.89,,,,0.9,0.89,0.91,,,,0.15,0.15,0.14,,,,0.15,0.16,0.15,,,,0.0,0,0,,,,0.0,0,0,,,,1.5,2,1,,,,0.0,0,0,,,,-111.48,-109.02,-113.94,,,,0.44,0.44,0.44,,,,0.69,0.7,0.67,,,,0.7,0.68,0.71,,,,-63.59,-63.65,-63.53,,,,1579.13,1606.01,1552.25,,,,-4.03,-3.96,-4.09,,,,71.63,72.55,70.72,,,,80.0,80.0,80.0,,,,15.0,15,15,,,,8.5,9,8,,,,56.66,60.0,53.33,,,,5.0,5.0,5.0,,,,33.33,33.33,33.33,,,,0.0,0,0,,,,0.0,0,0,,,,0.0,0,0,,,,0.0,0,0,,,,0.0,0,0,,,,0.0,0,0,,,,"{'A': 0.0, 'C': 0.0, 'D': 0.0, 'E': 1.0, 'F': 1.0, 'G': 0.0, 'H': 0.0, 'I': 4.0, 'K': 1.0, 'L': 0.0, 'M': 2.0, 'N': 0.0, 'P': 0.0, 'Q': 0.0, 'R': 0.0, 'S': 1.0, 'T': 0.0, 'V': 2.0, 'W': 1.0, 'Y': 2.0}","{'A': 0, 'C': 0, 'D': 0, 'E': 1, 'F': 1, 'G': 0, 'H': 0, 'I': 4, 'K': 1, 'L': 0, 'M': 2, 'N': 0, 'P': 0, 'Q': 0, 'R': 0, 'S': 1, 'T': 0, 'V': 2, 'W': 1, 'Y': 2}","{'A': 0, 'C': 0, 'D': 0, 'E': 1, 'F': 1, 'G': 0, 'H': 0, 'I': 4, 'K': 1, 'L': 0, 'M': 2, 'N': 0, 'P': 0, 'Q': 0, 'R': 0, 'S': 1, 'T': 0, 'V': 2, 'W': 1, 'Y': 2}",,,,0.82,0.76,0.88,,,,0.45,0.48,0.43,,,,0.95,0.95,0.96,,,,0.6,0.59,0.62,,,,0.08,0.09,0.08,,,,0.96,0.94,0.99,,,,"0 hours, 0 minutes, 43 seconds",,EGFR_patchF,relaxed_filters,default_4stage_multimer
EGFRpH_F_l35_s302938_mpnn10,4stage,35,302938,-0.3,"A431,A434,A436",MIMEIYVKWGEDGSIVVEINTTENGKTTTETYTFS,"B1,B2,B3,B4,B5,B6,B7,B8,B9,B15,B17,B19,B34,B35",1.02,0.4,0.94,0.93,0.94,,,,0.88,0.87,0.89,,,,0.9,0.89,0.91,,,,0.14,0.15,0.13,,,,0.15,0.16,0.15,,,,0.0,0,0,,,,0.0,0,0,,,,2.0,2,2,,,,0.0,0,0,,,,-116.24,-114.88,-117.6,,,,0.44,0.44,0.44,,,,0.68,0.67,0.69,,,,0.66,0.65,0.66,,,,-65.37,-66.0,-64.73,,,,1573.79,1570.67,1576.91,,,,-4.15,-4.2,-4.1,,,,69.47,69.4,69.53,,,,78.57,78.57,78.57,,,,14.0,14,14,,,,10.5,11,10,,,,75.0,78.57,71.43,,,,6.0,6.0,6.0,,,,42.86,42.86,42.86,,,,0.0,0,0,,,,0.0,0,0,,,,0.0,0,0,,,,0.0,0,0,,,,0.0,0,0,,,,0.0,0,0,,,,"{'A': 0.0, 'C': 0.0, 'D': 0.0, 'E': 1.0, 'F': 1.0, 'G': 0.0, 'H': 0.0, 'I': 4.0, 'K': 1.0, 'L': 0.0, 'M': 2.0, 'N': 0.0, 'P': 0.0, 'Q': 0.0, 'R': 0.0, 'S': 1.0, 'T': 0.0, 'V': 2.0, 'W': 1.0, 'Y': 1.0}","{'A': 0, 'C': 0, 'D': 0, 'E': 1, 'F': 1, 'G': 0, 'H': 0, 'I': 4, 'K': 1, 'L': 0, 'M': 2, 'N': 0, 'P': 0, 'Q': 0, 'R': 0, 'S': 1, 'T': 0, 'V': 2, 'W': 1, 'Y': 1}","{'A': 0, 'C': 0, 'D': 0, 'E': 1, 'F': 1, 'G': 0, 'H': 0, 'I': 4, 'K': 1, 'L': 0, 'M': 2, 'N': 0, 'P': 0, 'Q': 0, 'R': 0, 'S': 1, 'T': 0, 'V': 2, 'W': 1, 'Y': 1}",,,,0.88,0.86,0.9,,,,0.45,0.48,0.43,,,,0.96,0.96,0.96,,,,0.6,0.59,0.62,,,,0.08,0.09,0.08,,,,1.31,1.25,1.37,,,,"0 hours, 0 minutes, 47 seconds",,EGFR_patchF,relaxed_filters,default_4stage_multimer
EGFRpH_F_l35_s302938_mpnn11,4stage,35,302938,-0.3,"A431,A434,A436",MIMEIYVKWGDDGSIVVEIKKTENGKTTVETYVFS,"B1,B2,B3,B4,B5,B6,B7,B8,B9,B15,B17,B19,B32,B34,B35",1.03,0.45,0.94,0.93,0.94,,,,0.88,0.87,0.89,,,,0.9,0.89,0.9,,,,0.15,0.15,0.14,,,,0.16,0.17,0.15,,,,0.0,0,0,,,,0.0,0,0,,,,2.0,2,2,,,,0.0,0,0,,,,-119.53,-121.01,-118.05,,,,0.5,0.5,0.5,,,,0.69,0.7,0.68,,,,0.67,0.67,0.66,,,,-64.34,-67.44,-61.25,,,,1566.72,1612.52,1520.92,,,,-4.11,-4.18,-4.03,,,,69.31,73.45,65.18,,,,80.0,80.0,80.0,,,,15.0,15,15,,,,9.5,11,8,,,,63.33,73.33,53.33,,,,5.5,6.0,5.0,,,,36.66,40.0,33.33,,,,0.0,0,0,,,,0.0,0,0,,,,0.0,0,0,,,,0.0,0,0,,,,0.0,0,0,,,,0.0,0,0,,,,"{'A': 0.0, 'C': 0.0, 'D': 0.0, 'E': 1.0, 'F': 1.0, 'G': 0.0, 'H': 0.0, 'I': 4.0, 'K': 1.0, 'L': 0.0, 'M': 2.0, 'N': 0.0, 'P': 0.0, 'Q': 0.0, 'R': 0.0, 'S': 1.0, 'T': 0.0, 'V': 2.0, 'W': 1.0, 'Y': 2.0}","{'A': 0, 'C': 0, 'D': 0, 'E': 1, 'F': 1, 'G': 0, 'H': 0, 'I': 4, 'K': 1, 'L': 0, 'M': 2, 'N': 0, 'P': 0, 'Q': 0, 'R': 0, 'S': 1, 'T': 0, 'V': 2, 'W': 1, 'Y': 2}","{'A': 0, 'C': 0, 'D': 0, 'E': 1, 'F': 1, 'G': 0, 'H': 0, 'I': 4, 'K': 1, 'L': 0, 'M': 2, 'N': 0, 'P': 0, 'Q': 0, 'R': 0, 'S': 1, 'T': 0, 'V': 2, 'W': 1, 'Y': 2}",,,,0.9,0.88,0.91,,,,0.46,0.49,0.43,,,,0.95,0.94,0.96,,,,0.58,0.57,0.6,,,,0.09,0.1,0.08,,,,1.5,1.4,1.6,,,,"0 hours, 0 minutes, 46 seconds",,EGFR_patchF,relaxed_filters,default_4stage_multimer
EGFRpH_F_l35_s302938_mpnn12,4stage,35,302938,-0.3,"A431,A434,A436",MIMEIYVKWGEDGNIVVEIKITKDGKTETKTYVFS,"B1,B2,B3,B4,B5,B6,B7,B8,B9,B15,B17,B19,B32,B34,B35",1.03,0.5,0.94,0.93,0.94,,,,0.88,0.87,0.89,,,,0.9,0.89,0.9,,,,0.15,0.15,0.14,,,,0.16,0.17,0.15,,,,0.0,0,0,,,,0.0,0,0,,,,3.0,3,3,,,,0.0,0,0,,,,-118.24,-121.44,-115.04,,,,0.5,0.5,0.5,,,,0.7,0.7,0.7,,,,0.71,0.69,0.73,,,,-64.7,-67.33,-62.08,,,,1596.97,1620.55,1573.38,,,,-4.05,-4.15,-3.95,,,,67.97,69.0,66.95,,,,80.0,80.0,80.0,,,,15.0,15,15,,,,10.0,11,9,,,,66.66,73.33,60.0,,,,4.5,5.0,4.0,,,,30.0,33.33,26.67,,,,0.0,0,0,,,,0.0,0,0,,,,0.0,0,0,,,,0.0,0,0,,,,0.0,0,0,,,,0.0,0,0,,,,"{'A': 0.0, 'C': 0.0, 'D': 0.0, 'E': 1.0, 'F': 1.0, 'G': 0.0, 'H': 0.0, 'I': 4.0, 'K': 1.0, 'L': 0.0, 'M': 2.0, 'N': 0.0, 'P': 0.0, 'Q': 0.0, 'R': 0.0, 'S': 1.0, 'T': 0.0, 'V': 2.0, 'W': 1.0, 'Y': 2.0}","{'A': 0, 'C': 0, 'D': 0, 'E': 1, 'F': 1, 'G': 0, 'H': 0, 'I': 4, 'K': 1, 'L': 0, 'M': 2, 'N': 0, 'P': 0, 'Q': 0, 'R': 0, 'S': 1, 'T': 0, 'V': 2, 'W': 1, 'Y': 2}","{'A': 0, 'C': 0, 'D': 0, 'E': 1, 'F': 1, 'G': 0, 'H': 0, 'I': 4, 'K': 1, 'L': 0, 'M': 2, 'N': 0, 'P': 0, 'Q': 0, 'R': 0, 'S': 1, 'T': 0, 'V': 2, 'W': 1, 'Y': 2}",,,,0.86,0.85,0.88,,,,0.45,0.48,0.42,,,,0.95,0.95,0.96,,,,0.59,0.58,0.6,,,,0.09,0.09,0.09,,,,1.33,1.26,1.41,,,,"0 hours, 0 minutes, 47 seconds",,EGFR_patchF,relaxed_filters,default_4stage_multimer
EGFRpH_F_l35_s302938_mpnn13,4stage,35,302938,-0.3,"A431,A434,A436",MIMEIYVKWGEDGSIVVEIKTTVNGKTTTETYVFS,"B1,B2,B3,B4,B5,B6,B7,B8,B9,B15,B17,B19,B32,B34,B35",1.03,0.4,0.94,0.93,0.94,,,,0.88,0.87,0.89,,,,0.9,0.89,0.91,,,,0.14,0.15,0.13,,,,0.15,0.16,0.14,,,,0.0,0,0,,,,0.0,0,0,,,,2.0,2,2,,,,0.0,0,0,,,,-121.94,-121.88,-121.99,,,,0.5,0.5,0.5,,,,0.7,0.7,0.71,,,,0.67,0.66,0.67,,,,-66.83,-67.54,-66.11,,,,1580.59,1624.69,1536.49,,,,-4.23,-4.16,-4.3,,,,69.91,72.12,67.69,,,,80.0,80.0,80.0,,,,15.0,15,15,,,,10.0,11,9,,,,66.66,73.33,60.0,,,,5.5,6.0,5.0,,,,36.66,40.0,33.33,,,,0.0,0,0,,,,0.0,0,0,,,,0.0,0,0,,,,0.0,0,0,,,,0.0,0,0,,,,0.0,0,0,,,,"{'A': 0.0, 'C': 0.0, 'D': 0.0, 'E': 1.0, 'F': 1.0, 'G': 0.0, 'H': 0.0, 'I': 4.0, 'K': 1.0, 'L': 0.0, 'M': 2.0, 'N': 0.0, 'P': 0.0, 'Q': 0.0, 'R': 0.0, 'S': 1.0, 'T': 0.0, 'V': 2.0, 'W': 1.0, 'Y': 2.0}","{'A': 0, 'C': 0, 'D': 0, 'E': 1, 'F': 1, 'G': 0, 'H': 0, 'I': 4, 'K': 1, 'L': 0, 'M': 2, 'N': 0, 'P': 0, 'Q': 0, 'R': 0, 'S': 1, 'T': 0, 'V': 2, 'W': 1, 'Y': 2}","{'A': 0, 'C': 0, 'D': 0, 'E': 1, 'F': 1, 'G': 0, 'H': 0, 'I': 4, 'K': 1, 'L': 0, 'M': 2, 'N': 0, 'P': 0, 'Q': 0, 'R': 0, 'S': 1, 'T': 0, 'V': 2, 'W': 1, 'Y': 2}",,,,0.9,0.88,0.92,,,,0.46,0.48,0.44,,,,0.96,0.95,0.97,,,,0.61,0.6,0.62,,,,0.08,0.09,0.08,,,,1.41,1.34,1.47,,,,"0 hours, 0 minutes, 47 seconds",,EGFR_patchF,relaxed_filters,default_4stage_multimer
EGFRpH_F_l35_s302938_mpnn14,4stage,35,302938,-0.3,"A431,A434,A436",MIMEIYVKWGEDGNIVVEINITENGVTTTKTYTFS,"B1,B2,B3,B4,B5,B6,B7,B8,B9,B15,B17,B19,B32,B34,B35",1.03,0.4,0.93,0.92,0.94,,,,0.88,0.87,0.89,,,,0.9,0.89,0.9,,,,0.15,0.15,0.14,,,,0.16,0.17,0.15,,,,0.0,0,0,,,,0.0,0,0,,,,1.5,2,1,,,,0.0,0,0,,,,-116.84,-115.52,-118.17,,,,0.5,0.5,0.5,,,,0.69,0.7,0.68,,,,0.7,0.68,0.72,,,,-63.7,-65.93,-61.48,,,,1590.47,1606.1,1574.84,,,,-4.0,-4.11,-3.9,,,,72.84,73.75,71.93,,,,80.0,80.0,80.0,,,,15.0,15,15,,,,9.5,11,8,,,,63.33,73.33,53.33,,,,5.5,5.0,6.0,,,,36.66,33.33,40.0,,,,0.0,0,0,,,,0.0,0,0,,,,0.0,0,0,,,,0.0,0,0,,,,0.0,0,0,,,,0.0,0,0,,,,"{'A': 0.0, 'C': 0.0, 'D': 0.0, 'E': 1.0, 'F': 1.0, 'G': 0.0, 'H': 0.0, 'I': 4.0, 'K': 1.0, 'L': 0.0, 'M': 2.0, 'N': 0.0, 'P': 0.0, 'Q': 0.0, 'R': 0.0, 'S': 1.0, 'T': 0.0, 'V': 2.0, 'W': 1.0, 'Y': 2.0}","{'A': 0, 'C': 0, 'D': 0, 'E': 1, 'F': 1, 'G': 0, 'H': 0, 'I': 4, 'K': 1, 'L': 0, 'M': 2, 'N': 0, 'P': 0, 'Q': 0, 'R': 0, 'S': 1, 'T': 0, 'V': 2, 'W': 1, 'Y': 2}","{'A': 0, 'C': 0, 'D': 0, 'E': 1, 'F': 1, 'G': 0, 'H': 0, 'I': 4, 'K': 1, 'L': 0, 'M': 2, 'N': 0, 'P': 0, 'Q': 0, 'R': 0, 'S': 1, 'T': 0, 'V': 2, 'W': 1, 'Y': 2}",,,,0.76,0.75,0.76,,,,0.45,0.48,0.42,,,,0.95,0.95,0.96,,,,0.6,0.59,0.62,,,,0.08,0.09,0.08,,,,0.98,0.93,1.03,,,,"0 hours, 0 minutes, 46 seconds",,EGFR_patchF,relaxed_filters,default_4stage_multimer
EGFRpH_F_l35_s302938_mpnn15,4stage,35,302938,-0.3,"A431,A434,A436",MIMEIYVKWGENGNIVVEIKITENGKTTVKTYTFS,"B1,B2,B3,B4,B5,B6,B7,B8,B9,B15,B17,B19,B32,B34,B35",1.04,0.5,0.93,0.92,0.94,,,,0.88,0.87,0.89,,,,0.9,0.89,0.91,,,,0.15,0.15,0.14,,,,0.16,0.17,0.15,,,,0.0,0,0,,,,0.0,0,0,,,,2.5,2,3,,,,0.0,0,0,,,,-115.95,-117.61,-114.29,,,,0.5,0.5,0.5,,,,0.7,0.71,0.69,,,,0.59,0.62,0.56,,,,-66.68,-67.57,-65.79,,,,1602.06,1632.78,1571.34,,,,-4.17,-4.14,-4.19,,,,67.89,69.87,65.91,,,,80.0,80.0,80.0,,,,15.0,15,15,,,,10.0,11,9,,,,66.66,73.33,60.0,,,,6.0,5.0,7.0,,,,40.0,33.33,46.67,,,,0.0,0,0,,,,0.0,0,0,,,,0.0,0,0,,,,0.0,0,0,,,,0.0,0,0,,,,0.0,0,0,,,,"{'A': 0.0, 'C': 0.0, 'D': 0.0, 'E': 1.0, 'F': 1.0, 'G': 0.0, 'H': 0.0, 'I': 4.0, 'K': 1.0, 'L': 0.0, 'M': 2.0, 'N': 0.0, 'P': 0.0, 'Q': 0.0, 'R': 0.0, 'S': 1.0, 'T': 0.0, 'V': 2.0, 'W': 1.0, 'Y': 2.0}","{'A': 0, 'C': 0, 'D': 0, 'E': 1, 'F': 1, 'G': 0, 'H': 0, 'I': 4, 'K': 1, 'L': 0, 'M': 2, 'N': 0, 'P': 0, 'Q': 0, 'R': 0, 'S': 1, 'T': 0, 'V': 2, 'W': 1, 'Y': 2}","{'A': 0, 'C': 0, 'D': 0, 'E': 1, 'F': 1, 'G': 0, 'H': 0, 'I': 4, 'K': 1, 'L': 0, 'M': 2, 'N': 0, 'P': 0, 'Q': 0, 'R': 0, 'S': 1, 'T': 0, 'V': 2, 'W': 1, 'Y': 2}",,,,0.92,0.86,0.98,,,,0.45,0.48,0.42,,,,0.95,0.95,0.96,,,,0.6,0.59,0.61,,,,0.09,0.09,0.09,,,,1.29,1.24,1.34,,,,"0 hours, 0 minutes, 46 seconds",,EGFR_patchF,relaxed_filters,default_4stage_multimer
EGFRpH_F_l35_s302938_mpnn16,4stage,35,302938,-0.3,"A431,A434,A436",MIMEIYVKWGEDGSIVVTIKITENGKTTEKVYVFS,"B1,B2,B3,B4,B5,B6,B7,B8,B9,B15,B17,B19,B34,B35",1.04,0.55,0.94,0.93,0.94,,,,0.88,0.87,0.89,,,,0.9,0.89,0.91,,,,0.14,0.15,0.13,,,,0.15,0.16,0.15,,,,0.0,0,0,,,,0.0,0,0,,,,3.5,3,4,,,,0.0,0,0,,,,-120.01,-120.3,-119.72,,,,0.53,0.53,0.53,,,,0.7,0.71,0.7,,,,0.72,0.72,0.72,,,,-67.64,-67.73,-67.55,,,,1585.63,1616.96,1554.31,,,,-4.27,-4.19,-4.35,,,,66.73,67.9,65.57,,,,79.28,80.0,78.57,,,,14.5,15,14,,,,11.0,11,11,,,,75.95,73.33,78.57,,,,6.0,6.0,6.0,,,,41.43,40.0,42.86,,,,0.0,0,0,,,,0.0,0,0,,,,0.0,0,0,,,,0.0,0,0,,,,0.0,0,0,,,,0.0,0,0,,,,"{'A': 0.0, 'C': 0.0, 'D': 0.0, 'E': 1.0, 'F': 1.0, 'G': 0.0, 'H': 0.0, 'I': 4.0, 'K': 1.0, 'L': 0.0, 'M': 2.0, 'N': 0.0, 'P': 0.0, 'Q': 0.0, 'R': 0.0, 'S': 1.0, 'T': 0.0, 'V': 2.0, 'W': 1.0, 'Y': 1.5}","{'A': 0, 'C': 0, 'D': 0, 'E': 1, 'F': 1, 'G': 0, 'H': 0, 'I': 4, 'K': 1, 'L': 0, 'M': 2, 'N': 0, 'P': 0, 'Q': 0, 'R': 0, 'S': 1, 'T': 0, 'V': 2, 'W': 1, 'Y': 2}","{'A': 0, 'C': 0, 'D': 0, 'E': 1, 'F': 1, 'G': 0, 'H': 0, 'I': 4, 'K': 1, 'L': 0, 'M': 2, 'N': 0, 'P': 0, 'Q': 0, 'R': 0, 'S': 1, 'T': 0, 'V': 2, 'W': 1, 'Y': 1}",,,,0.96,0.96,0.96,,,,0.45,0.47,0.43,,,,0.96,0.96,0.96,,,,0.61,0.6,0.62,,,,0.08,0.08,0.08,,,,1.51,1.36,1.66,,,,"0 hours, 0 minutes, 47 seconds",,EGFR_patchF,relaxed_filters,default_4stage_multimer
EGFRpH_F_l35_s302938_mpnn17,4stage,35,302938,-0.3,"A431,A434,A436",MIMEIYVKWGSDGSIVVEINITKDGKTTTKTYTFS,"B1,B2,B3,B4,B5,B6,B7,B8,B9,B15,B17,B19,B32,B34,B35",1.04,0.4,0.94,0.93,0.94,,,,0.88,0.87,0.89,,,,0.9,0.89,0.9,,,,0.15,0.15,0.14,,,,0.15,0.16,0.15,,,,0.0,0,0,,,,0.0,0,0,,,,3.0,3,3,,,,0.0,0,0,,,,-117.37,-119.04,-115.69,,,,0.47,0.47,0.47,,,,0.69,0.69,0.68,,,,0.67,0.69,0.65,,,,-63.12,-66.23,-60.01,,,,1586.48,1644.41,1528.55,,,,-3.98,-4.03,-3.93,,,,69.4,71.73,67.07,,,,80.0,80.0,80.0,,,,15.0,15,15,,,,8.5,10,7,,,,56.67,66.67,46.67,,,,6.0,6.0,6.0,,,,40.0,40.0,40.0,,,,0.0,0,0,,,,0.0,0,0,,,,0.0,0,0,,,,0.0,0,0,,,,0.0,0,0,,,,0.0,0,0,,,,"{'A': 0.0, 'C': 0.0, 'D': 0.0, 'E': 1.0, 'F': 1.0, 'G': 0.0, 'H': 0.0, 'I': 4.0, 'K': 1.0, 'L': 0.0, 'M': 2.0, 'N': 0.0, 'P': 0.0, 'Q': 0.0, 'R': 0.0, 'S': 1.0, 'T': 0.0, 'V': 2.0, 'W': 1.0, 'Y': 2.0}","{'A': 0, 'C': 0, 'D': 0, 'E': 1, 'F': 1, 'G': 0, 'H': 0, 'I': 4, 'K': 1, 'L': 0, 'M': 2, 'N': 0, 'P': 0, 'Q': 0, 'R': 0, 'S': 1, 'T': 0, 'V': 2, 'W': 1, 'Y': 2}","{'A': 0, 'C': 0, 'D': 0, 'E': 1, 'F': 1, 'G': 0, 'H': 0, 'I': 4, 'K': 1, 'L': 0, 'M': 2, 'N': 0, 'P': 0, 'Q': 0, 'R': 0, 'S': 1, 'T': 0, 'V': 2, 'W': 1, 'Y': 2}",,,,0.86,0.83,0.89,,,,0.44,0.47,0.42,,,,0.95,0.95,0.96,,,,0.59,0.58,0.61,,,,0.08,0.09,0.08,,,,1.38,1.25,1.5,,,,"0 hours, 0 minutes, 45 seconds",,EGFR_patchF,relaxed_filters,default_4stage_multimer
EGFRpH_F_l35_s302938_mpnn18,4stage,35,302938,-0.3,"A431,A434,A436",MIMEIYVKWGENGDIVVEIRKTVDGKTTVTTYTFS,"B1,B2,B3,B4,B5,B6,B7,B8,B9,B15,B17,B19,B32,B34,B35",1.05,0.5,0.94,0.93,0.94,,,,0.88,0.87,0.89,,,,0.9,0.89,0.91,,,,0.15,0.15,0.14,,,,0.15,0.16,0.15,,,,0.0,0,0,,,,0.0,0,0,,,,2.0,2,2,,,,0.0,0,0,,,,-116.8,-116.27,-117.33,,,,0.5,0.5,0.5,,,,0.68,0.68,0.67,,,,0.68,0.7,0.65,,,,-65.44,-65.81,-65.08,,,,1602.01,1609.06,1594.97,,,,-4.08,-4.09,-4.08,,,,68.43,69.57,67.29,,,,80.0,80.0,80.0,,,,15.0,15,15,,,,10.0,10,10,,,,66.67,66.67,66.67,,,,6.0,6.0,6.0,,,,40.0,40.0,40.0,,,,0.0,0,0,,,,0.0,0,0,,,,0.0,0,0,,,,0.0,0,0,,,,0.0,0,0,,,,0.0,0,0,,,,"{'A': 0.0, 'C': 0.0, 'D': 0.0, 'E': 1.0, 'F': 1.0, 'G': 0.0, 'H': 0.0, 'I': 4.0, 'K': 1.0, 'L': 0.0, 'M': 2.0, 'N': 0.0, 'P': 0.0, 'Q': 0.0, 'R': 0.0, 'S': 1.0, 'T': 0.0, 'V': 2.0, 'W': 1.0, 'Y': 2.0}","{'A': 0, 'C': 0, 'D': 0, 'E': 1, 'F': 1, 'G': 0, 'H': 0, 'I': 4, 'K': 1, 'L': 0, 'M': 2, 'N': 0, 'P': 0, 'Q': 0, 'R': 0, 'S': 1, 'T': 0, 'V': 2, 'W': 1, 'Y': 2}","{'A': 0, 'C': 0, 'D': 0, 'E': 1, 'F': 1, 'G': 0, 'H': 0, 'I': 4, 'K': 1, 'L': 0, 'M': 2, 'N': 0, 'P': 0, 'Q': 0, 'R': 0, 'S': 1, 'T': 0, 'V': 2, 'W': 1, 'Y': 2}",,,,0.82,0.79,0.85,,,,0.46,0.48,0.45,,,,0.95,0.94,0.96,,,,0.6,0.58,0.62,,,,0.08,0.09,0.08,,,,1.0,0.99,1.02,,,,"0 hours, 0 minutes, 46 seconds",,EGFR_patchF,relaxed_filters,default_4stage_multimer
EGFRpH_F_l35_s302938_mpnn19,4stage,35,302938,-0.3,"A431,A434,A436",MIMEIYVKWGSDGSIVVLINRTENGKTTTTTYVFS,"B1,B2,B3,B4,B5,B6,B7,B8,B9,B15,B17,B19,B34,B35",1.06,0.5,0.93,0.93,0.93,,,,0.88,0.87,0.89,,,,0.9,0.89,0.9,,,,0.15,0.15,0.15,,,,0.16,0.16,0.16,,,,0.0,0,0,,,,0.0,0,0,,,,3.0,4,2,,,,0.0,0,0,,,,-117.9,-117.76,-118.04,,,,0.5,0.5,0.5,,,,0.68,0.7,0.66,,,,0.65,0.69,0.6,,,,-65.23,-66.06,-64.41,,,,1598.07,1620.71,1575.42,,,,-4.08,-4.08,-4.09,,,,74.16,76.2,72.12,,,,79.28,80.0,78.57,,,,14.5,15,14,,,,9.5,11,8,,,,65.23,73.33,57.14,,,,5.0,6.0,4.0,,,,34.28,40.0,28.57,,,,0.0,0,0,,,,0.0,0,0,,,,0.0,0,0,,,,0.0,0,0,,,,0.0,0,0,,,,0.0,0,0,,,,"{'A': 0.0, 'C': 0.0, 'D': 0.0, 'E': 1.0, 'F': 1.0, 'G': 0.0, 'H': 0.0, 'I': 4.0, 'K': 1.0, 'L': 0.0, 'M': 2.0, 'N': 0.0, 'P': 0.0, 'Q': 0.0, 'R': 0.0, 'S': 1.0, 'T': 0.0, 'V': 2.0, 'W': 1.0, 'Y': 1.5}","{'A': 0, 'C': 0, 'D': 0, 'E': 1, 'F': 1, 'G': 0, 'H': 0, 'I': 4, 'K': 1, 'L': 0, 'M': 2, 'N': 0, 'P': 0, 'Q': 0, 'R': 0, 'S': 1, 'T': 0, 'V': 2, 'W': 1, 'Y': 2}","{'A': 0, 'C': 0, 'D': 0, 'E': 1, 'F': 1, 'G': 0, 'H': 0, 'I': 4, 'K': 1, 'L': 0, 'M': 2, 'N': 0, 'P': 0, 'Q': 0, 'R': 0, 'S': 1, 'T': 0, 'V': 2, 'W': 1, 'Y': 1}",,,,1.69,0.83,2.55,,,,0.45,0.48,0.42,,,,0.95,0.95,0.96,,,,0.58,0.57,0.6,,,,0.08,0.09,0.08,,,,1.53,1.41,1.66,,,,"0 hours, 0 minutes, 46 seconds",,EGFR_patchF,relaxed_filters,default_4stage_multimer
EGFRpH_F_l35_s302938_mpnn20,4stage,35,302938,-0.3,"A431,A434,A436",MIMEIYVKWGPNGDIVVEIKITKDGKTTVTTYVFS,"B1,B2,B3,B4,B5,B6,B7,B8,B9,B15,B17,B19,B32,B34,B35",1.07,0.65,0.94,0.93,0.94,,,,0.88,0.87,0.89,,,,0.9,0.89,0.91,,,,0.14,0.15,0.13,,,,0.15,0.16,0.15,,,,0.0,0,0,,,,0.0,0,0,,,,4.0,3,5,,,,0.0,0,0,,,,-115.03,-118.97,-111.1,,,,0.56,0.56,0.56,,,,0.71,0.7,0.72,,,,0.67,0.67,0.66,,,,-66.41,-68.75,-64.08,,,,1603.16,1625.58,1580.74,,,,-4.14,-4.23,-4.05,,,,68.96,70.64,67.28,,,,80.0,80.0,80.0,,,,15.0,15,15,,,,10.0,11,9,,,,66.66,73.33,60.0,,,,5.5,6.0,5.0,,,,36.66,40.0,33.33,,,,0.0,0,0,,,,0.0,0,0,,,,0.0,0,0,,,,0.0,0,0,,,,0.0,0,0,,,,0.0,0,0,,,,"{'A': 0.0, 'C': 0.0, 'D': 0.0, 'E': 1.0, 'F': 1.0, 'G': 0.0, 'H': 0.0, 'I': 4.0, 'K': 1.0, 'L': 0.0, 'M': 2.0, 'N': 0.0, 'P': 0.0, 'Q': 0.0, 'R': 0.0, 'S': 1.0, 'T': 0.0, 'V': 2.0, 'W': 1.0, 'Y': 2.0}","{'A': 0, 'C': 0, 'D': 0, 'E': 1, 'F': 1, 'G': 0, 'H': 0, 'I': 4, 'K': 1, 'L': 0, 'M': 2, 'N': 0, 'P': 0, 'Q': 0, 'R': 0, 'S': 1, 'T': 0, 'V': 2, 'W': 1, 'Y': 2}","{'A': 0, 'C': 0, 'D': 0, 'E': 1, 'F': 1, 'G': 0, 'H': 0, 'I': 4, 'K': 1, 'L': 0, 'M': 2, 'N': 0, 'P': 0, 'Q': 0, 'R': 0, 'S': 1, 'T': 0, 'V': 2, 'W': 1, 'Y': 2}",,,,0.83,0.83,0.84,,,,0.45,0.47,0.43,,,,0.95,0.95,0.96,,,,0.6,0.59,0.61,,,,0.08,0.09,0.08,,,,1.16,1.08,1.23,,,,"0 hours, 0 minutes, 41 seconds",,EGFR_patchF,relaxed_filters,default_4stage_multimer
EGFRpH_F_l37_s199389_mpnn1,4stage,37,199389,-0.3,"A431,A434,A436",DMLVYIDKETGSIVIVPADNPNKPTGPNWRVIEVKEM,"B2,B4,B6,B10,B11,B12,B13,B14,B15,B16,B17,B20,B29,B30,B32,B33,B34,B35,B36,B37",0.91,0.37,0.9,0.89,0.9,,,,0.88,0.87,0.89,,,,0.87,0.86,0.88,,,,0.17,0.18,0.17,,,,0.19,0.2,0.18,,,,0.0,0,0,,,,0.0,0,0,,,,1.0,1,1,,,,0.0,0,0,,,,-124.37,-124.12,-124.62,,,,0.52,0.52,0.52,,,,0.71,0.72,0.71,,,,0.67,0.65,0.68,,,,-53.28,-53.11,-53.45,,,,1554.29,1540.04,1568.54,,,,-3.43,-3.45,-3.41,,,,67.62,65.49,69.75,,,,58.95,57.89,60.0,,,,19.5,19,20,,,,5.0,5,5,,,,25.66,26.32,25.0,,,,5.5,4.0,7.0,,,,28.02,21.05,35.0,,,,0.0,0,0,,,,0.0,0,0,,,,0.0,0,0,,,,0.0,0,0,,,,0.0,0,0,,,,0.0,0,0,,,,"{'A': 0.0, 'C': 0.0, 'D': 0.0, 'E': 2.0, 'F': 0.0, 'G': 1.0, 'H': 0.0, 'I': 4.0, 'K': 1.0, 'L': 0.0, 'M': 2.0, 'N': 1.0, 'P': 1.0, 'Q': 0.0, 'R': 1.0, 'S': 1.0, 'T': 1.0, 'V': 4.0, 'W': 0.5, 'Y': 0.0}","{'A': 0, 'C': 0, 'D': 0, 'E': 2, 'F': 0, 'G': 1, 'H': 0, 'I': 4, 'K': 1, 'L': 0, 'M': 2, 'N': 1, 'P': 1, 'Q': 0, 'R': 1, 'S': 1, 'T': 1, 'V': 4, 'W': 0, 'Y': 0}","{'A': 0, 'C': 0, 'D': 0, 'E': 2, 'F': 0, 'G': 1, 'H': 0, 'I': 4, 'K': 1, 'L': 0, 'M': 2, 'N': 1, 'P': 1, 'Q': 0, 'R': 1, 'S': 1, 'T': 1, 'V': 4, 'W': 1, 'Y': 0}",,,,0.89,0.9,0.88,,,,0.36,0.41,0.32,,,,0.92,0.91,0.93,,,,0.6,0.57,0.63,,,,0.11,0.11,0.1,,,,1.02,1.0,1.04,,,,"0 hours, 1 minutes, 35 seconds",,EGFR_patchF,relaxed_filters,default_4stage_multimer
EGFRpH_F_l37_s199389_mpnn2,4stage,37,199389,-0.3,"A431,A434,A436",NMLVYINKETGSIVIVPADNPNKPTGPNWRVIEVKEM,"B2,B4,B6,B10,B11,B12,B13,B14,B15,B16,B17,B20,B30,B32,B33,B34,B35,B36,B37",0.92,0.37,0.9,0.89,0.91,,,,0.88,0.87,0.89,,,,0.87,0.86,0.88,,,,0.17,0.18,0.16,,,,0.19,0.2,0.18,,,,0.0,0,0,,,,0.0,0,0,,,,0.0,0,0,,,,0.0,0,0,,,,-122.2,-122.54,-121.86,,,,0.52,0.52,0.52,,,,0.72,0.72,0.73,,,,0.67,0.66,0.68,,,,-53.51,-53.38,-53.63,,,,1587.12,1623.46,1550.77,,,,-3.38,-3.29,-3.46,,,,69.25,71.14,67.35,,,,58.95,60.0,57.89,,,,19.5,20,19,,,,5.0,5,5,,,,25.66,25.0,26.32,,,,4.5,4.0,5.0,,,,23.16,20.0,26.32,,,,0.0,0,0,,,,0.0,0,0,,,,0.0,0,0,,,,0.0,0,0,,,,0.0,0,0,,,,0.0,0,0,,,,"{'A': 0.0, 'C': 0.0, 'D': 0.0, 'E': 2.0, 'F': 0.0, 'G': 1.0, 'H': 0.0, 'I': 4.0, 'K': 1.0, 'L': 0.0, 'M': 2.0, 'N': 1.0, 'P': 1.0, 'Q': 0.0, 'R': 1.0, 'S': 1.0, 'T': 1.0, 'V': 4.0, 'W': 0.5, 'Y': 0.0}","{'A': 0, 'C': 0, 'D': 0, 'E': 2, 'F': 0, 'G': 1, 'H': 0, 'I': 4, 'K': 1, 'L': 0, 'M': 2, 'N': 1, 'P': 1, 'Q': 0, 'R': 1, 'S': 1, 'T': 1, 'V': 4, 'W': 1, 'Y': 0}","{'A': 0, 'C': 0, 'D': 0, 'E': 2, 'F': 0, 'G': 1, 'H': 0, 'I': 4, 'K': 1, 'L': 0, 'M': 2, 'N': 1, 'P': 1, 'Q': 0, 'R': 1, 'S': 1, 'T': 1, 'V': 4, 'W': 0, 'Y': 0}",,,,0.82,0.82,0.83,,,,0.37,0.42,0.32,,,,0.93,0.92,0.94,,,,0.61,0.6,0.63,,,,0.1,0.11,0.09,,,,0.97,0.97,0.98,,,,"0 hours, 0 minutes, 49 seconds",,EGFR_patchF,relaxed_filters,default_4stage_multimer
EGFRpH_F_l37_s199389_mpnn3,4stage,37,199389,-0.3,"A431,A434,A436",DMLVYINKETGSIVIVPADDPNKPTGPNWRVIEVKEM,"B2,B4,B6,B10,B11,B12,B13,B14,B15,B16,B17,B29,B30,B32,B33,B34,B35,B36,B37",0.93,0.44,0.89,0.85,0.92,,,,0.86,0.84,0.89,,,,0.81,0.74,0.89,,,,0.21,0.26,0.15,,,,0.23,0.3,0.17,,,,0.0,0,0,,,,0.0,0,0,,,,0.0,0,0,,,,0.0,0,0,,,,-125.81,-125.41,-126.22,,,,0.51,0.5,0.52,,,,0.7,0.69,0.72,,,,0.65,0.63,0.67,,,,-51.72,-50.16,-53.28,,,,1612.18,1624.92,1599.43,,,,-3.21,-3.09,-3.33,,,,71.52,70.42,72.62,,,,60.52,57.89,63.16,,,,19.0,19,19,,,,5.0,5,5,,,,26.32,26.32,26.32,,,,4.5,4.0,5.0,,,,23.69,21.05,26.32,,,,0.0,0,0,,,,0.0,0,0,,,,0.0,0,0,,,,0.0,0,0,,,,0.0,0,0,,,,0.0,0,0,,,,"{'A': 0.0, 'C': 0.0, 'D': 0.5, 'E': 2.0, 'F': 0.0, 'G': 1.0, 'H': 0.0, 'I': 4.0, 'K': 1.0, 'L': 0.0, 'M': 2.0, 'N': 0.0, 'P': 1.0, 'Q': 0.0, 'R': 1.0, 'S': 1.0, 'T': 1.0, 'V': 4.0, 'W': 0.5, 'Y': 0.0}","{'A': 0, 'C': 0, 'D': 1, 'E': 2, 'F': 0, 'G': 1, 'H': 0, 'I': 4, 'K': 1, 'L': 0, 'M': 2, 'N': 0, 'P': 1, 'Q': 0, 'R': 1, 'S': 1, 'T': 1, 'V': 4, 'W': 0, 'Y': 0}","{'A': 0, 'C': 0, 'D': 0, 'E': 2, 'F': 0, 'G': 1, 'H': 0, 'I': 4, 'K': 1, 'L': 0, 'M': 2, 'N': 0, 'P': 1, 'Q': 0, 'R': 1, 'S': 1, 'T': 1, 'V': 4, 'W': 1, 'Y': 0}",,,,1.02,1.07,0.97,,,,0.37,0.41,0.33,,,,0.92,0.91,0.93,,,,0.59,0.57,0.62,,,,0.11,0.11,0.1,,,,1.12,1.11,1.12,,,,"0 hours, 0 minutes, 47 seconds",,EGFR_patchF,relaxed_filters,default_4stage_multimer
EGFRpH_F_l37_s199389_mpnn4,4stage,37,199389,-0.3,"A431,A434,A436",DMLVYINKETGSIVIVPADNKNKPTGPNWRVIEVKEM,"B2,B4,B6,B10,B11,B12,B13,B14,B15,B16,B17,B20,B29,B30,B32,B33,B34,B35,B36",0.95,0.44,0.9,0.89,0.91,,,,0.88,0.86,0.89,,,,0.88,0.86,0.89,,,,0.17,0.18,0.16,,,,0.19,0.2,0.18,,,,0.0,0,0,,,,0.0,0,0,,,,0.5,0,1,,,,0.0,0,0,,,,-121.44,-119.71,-123.17,,,,0.46,0.47,0.45,,,,0.71,0.72,0.71,,,,0.65,0.66,0.64,,,,-52.88,-51.97,-53.78,,,,1506.4,1538.59,1474.22,,,,-3.51,-3.38,-3.65,,,,62.13,61.72,62.54,,,,58.95,60.0,57.89,,,,19.5,20,19,,,,5.0,5,5,,,,25.66,25.0,26.32,,,,5.0,4.0,6.0,,,,25.79,20.0,31.58,,,,0.0,0,0,,,,0.0,0,0,,,,0.0,0,0,,,,0.0,0,0,,,,0.0,0,0,,,,0.0,0,0,,,,"{'A': 0.0, 'C': 0.0, 'D': 0.0, 'E': 2.0, 'F': 0.0, 'G': 1.0, 'H': 0.0, 'I': 4.0, 'K': 1.0, 'L': 0.0, 'M': 1.5, 'N': 1.0, 'P': 1.0, 'Q': 0.0, 'R': 1.0, 'S': 1.0, 'T': 1.0, 'V': 4.0, 'W': 1.0, 'Y': 0.0}","{'A': 0, 'C': 0, 'D': 0, 'E': 2, 'F': 0, 'G': 1, 'H': 0, 'I': 4, 'K': 1, 'L': 0, 'M': 2, 'N': 1, 'P': 1, 'Q': 0, 'R': 1, 'S': 1, 'T': 1, 'V': 4, 'W': 1, 'Y': 0}","{'A': 0, 'C': 0, 'D': 0, 'E': 2, 'F': 0, 'G': 1, 'H': 0, 'I': 4, 'K': 1, 'L': 0, 'M': 1, 'N': 1, 'P': 1, 'Q': 0, 'R': 1, 'S': 1, 'T': 1, 'V': 4, 'W': 1, 'Y': 0}",,,,0.84,0.84,0.84,,,,0.37,0.42,0.32,,,,0.92,0.91,0.93,,,,0.6,0.58,0.63,,,,0.1,0.11,0.09,,,,0.96,0.93,0.99,,,,"0 hours, 0 minutes, 48 seconds",,EGFR_patchF,relaxed_filters,default_4stage_multimer
EGFRpH_F_l37_s199389_mpnn5,4stage,37,199389,-0.3,"A431,A434,A436",NMLVYINKETGSIVIVPADNKNKPTGPNWRVIEVKEM,"B2,B4,B6,B10,B11,B12,B13,B14,B15,B16,B17,B20,B29,B30,B32,B33,B34,B35,B36,B37",0.95,0.44,0.9,0.89,0.91,,,,0.88,0.86,0.89,,,,0.87,0.86,0.88,,,,0.17,0.18,0.17,,,,0.19,0.2,0.18,,,,0.0,0,0,,,,0.0,0,0,,,,0.5,0,1,,,,0.0,0,0,,,,-120.44,-120.11,-120.77,,,,0.48,0.48,0.48,,,,0.72,0.73,0.72,,,,0.65,0.65,0.64,,,,-53.65,-53.53,-53.77,,,,1590.71,1615.81,1565.61,,,,-3.37,-3.31,-3.43,,,,66.75,67.78,65.71,,,,60.0,60.0,60.0,,,,20.0,20,20,,,,5.0,5,5,,,,25.0,25.0,25.0,,,,5.0,4.0,6.0,,,,25.0,20.0,30.0,,,,0.0,0,0,,,,0.0,0,0,,,,0.0,0,0,,,,0.0,0,0,,,,0.0,0,0,,,,0.0,0,0,,,,"{'A': 0.0, 'C': 0.0, 'D': 0.0, 'E': 2.0, 'F': 0.0, 'G': 1.0, 'H': 0.0, 'I': 4.0, 'K': 1.0, 'L': 0.0, 'M': 2.0, 'N': 1.0, 'P': 1.0, 'Q': 0.0, 'R': 1.0, 'S': 1.0, 'T': 1.0, 'V': 4.0, 'W': 1.0, 'Y': 0.0}","{'A': 0, 'C': 0, 'D': 0, 'E': 2, 'F': 0, 'G': 1, 'H': 0, 'I': 4, 'K': 1, 'L': 0, 'M': 2, 'N': 1, 'P': 1, 'Q': 0, 'R': 1, 'S': 1, 'T': 1, 'V': 4, 'W': 1, 'Y': 0}","{'A': 0, 'C': 0, 'D': 0, 'E': 2, 'F': 0, 'G': 1, 'H': 0, 'I': 4, 'K': 1, 'L': 0, 'M': 2, 'N': 1, 'P': 1, 'Q': 0, 'R': 1, 'S': 1, 'T': 1, 'V': 4, 'W': 1, 'Y': 0}",,,,0.75,0.75,0.75,,,,0.37,0.42,0.32,,,,0.93,0.92,0.94,,,,0.62,0.6,0.64,,,,0.1,0.11,0.09,,,,0.94,0.91,0.96,,,,"0 hours, 0 minutes, 47 seconds",,EGFR_patchF,relaxed_filters,default_4stage_multimer
EGFRpH_F_l37_s199389_mpnn6,4stage,37,199389,-0.3,"A431,A434,A436",DMLVYIDKETGSIVIVPADNKNKPTGPNWRYIEVKEM,"B2,B4,B6,B10,B11,B12,B13,B14,B15,B16,B17,B20,B29,B32,B33,B34,B35,B36,B37",0.97,0.44,0.9,0.89,0.9,,,,0.88,0.87,0.89,,,,0.87,0.86,0.88,,,,0.17,0.18,0.17,,,,0.19,0.2,0.18,,,,0.0,0,0,,,,0.0,0,0,,,,0.0,0,0,,,,0.0,0,0,,,,-120.34,-118.43,-122.24,,,,0.46,0.45,0.47,,,,0.71,0.71,0.72,,,,0.65,0.67,0.62,,,,-52.04,-50.87,-53.21,,,,1508.01,1516.12,1499.91,,,,-3.45,-3.35,-3.55,,,,63.18,63.06,63.3,,,,63.16,63.16,63.16,,,,19.0,19,19,,,,5.0,5,5,,,,26.32,26.32,26.32,,,,4.5,4.0,5.0,,,,23.69,21.05,26.32,,,,0.0,0,0,,,,0.0,0,0,,,,0.0,0,0,,,,0.0,0,0,,,,0.0,0,0,,,,0.0,0,0,,,,"{'A': 0.0, 'C': 0.0, 'D': 0.0, 'E': 2.0, 'F': 0.0, 'G': 1.0, 'H': 0.0, 'I': 4.0, 'K': 1.0, 'L': 0.0, 'M': 2.0, 'N': 1.0, 'P': 1.0, 'Q': 0.0, 'R': 0.0, 'S': 1.0, 'T': 1.0, 'V': 4.0, 'W': 1.0, 'Y': 0.0}","{'A': 0, 'C': 0, 'D': 0, 'E': 2, 'F': 0, 'G': 1, 'H': 0, 'I': 4, 'K': 1, 'L': 0, 'M': 2, 'N': 1, 'P': 1, 'Q': 0, 'R': 0, 'S': 1, 'T': 1, 'V': 4, 'W': 1, 'Y': 0}","{'A': 0, 'C': 0, 'D': 0, 'E': 2, 'F': 0, 'G': 1, 'H': 0, 'I': 4, 'K': 1, 'L': 0, 'M': 2, 'N': 1, 'P': 1, 'Q': 0, 'R': 0, 'S': 1, 'T': 1, 'V': 4, 'W': 1, 'Y': 0}",,,,1.16,1.05,1.26,,,,0.36,0.41,0.32,,,,0.92,0.9,0.93,,,,0.59,0.57,0.62,,,,0.11,0.12,0.1,,,,1.18,1.07,1.28,,,,"0 hours, 0 minutes, 48 seconds",,EGFR_patchF,relaxed_filters,default_4stage_multimer
EGFRpH_F_l37_s199389_mpnn7,4stage,37,199389,-0.3,"A431,A434,A436",DMLVYINKETGSIVIVPADNPNKPTGPNWRVIEVKEM,"B2,B4,B6,B10,B11,B12,B13,B14,B15,B16,B17,B20,B29,B30,B32,B33,B34,B35,B36,B37",0.97,0.37,0.9,0.89,0.91,,,,0.88,0.86,0.89,,,,0.88,0.86,0.89,,,,0.17,0.18,0.16,,,,0.18,0.2,0.17,,,,0.0,0,0,,,,0.0,0,0,,,,0.0,0,0,,,,0.0,0,0,,,,-126.6,-128.22,-124.99,,,,0.52,0.52,0.52,,,,0.72,0.72,0.72,,,,0.66,0.67,0.65,,,,-55.31,-56.0,-54.62,,,,1549.28,1600.44,1498.11,,,,-3.58,-3.5,-3.65,,,,67.82,70.89,64.75,,,,60.0,60.0,60.0,,,,20.0,20,20,,,,5.0,5,5,,,,25.0,25.0,25.0,,,,5.0,5.0,5.0,,,,25.0,25.0,25.0,,,,0.0,0,0,,,,0.0,0,0,,,,0.0,0,0,,,,0.0,0,0,,,,0.0,0,0,,,,0.0,0,0,,,,"{'A': 0.0, 'C': 0.0, 'D': 0.0, 'E': 2.0, 'F': 0.0, 'G': 1.0, 'H': 0.0, 'I': 4.0, 'K': 1.0, 'L': 0.0, 'M': 2.0, 'N': 1.0, 'P': 1.0, 'Q': 0.0, 'R': 1.0, 'S': 1.0, 'T': 1.0, 'V': 4.0, 'W': 1.0, 'Y': 0.0}","{'A': 0, 'C': 0, 'D': 0, 'E': 2, 'F': 0, 'G': 1, 'H': 0, 'I': 4, 'K': 1, 'L': 0, 'M': 2, 'N': 1, 'P': 1, 'Q': 0, 'R': 1, 'S': 1, 'T': 1, 'V': 4, 'W': 1, 'Y': 0}","{'A': 0, 'C': 0, 'D': 0, 'E': 2, 'F': 0, 'G': 1, 'H': 0, 'I': 4, 'K': 1, 'L': 0, 'M': 2, 'N': 1, 'P': 1, 'Q': 0, 'R': 1, 'S': 1, 'T': 1, 'V': 4, 'W': 1, 'Y': 0}",,,,0.91,0.9,0.92,,,,0.38,0.42,0.33,,,,0.92,0.91,0.93,,,,0.6,0.58,0.63,,,,0.1,0.11,0.09,,,,1.02,1.04,1.01,,,,"0 hours, 0 minutes, 48 seconds",,EGFR_patchF,relaxed_filters,default_4stage_multimer
EGFRpH_F_l37_s199389_mpnn8,4stage,37,199389,-0.3,"A431,A434,A436",DMLVYINKETGSIVIVPADAKNKPTGPNWRVIEVKEM,"B2,B4,B6,B10,B11,B12,B13,B14,B15,B16,B17,B29,B30,B32,B33,B34,B35,B36,B37",1.0,0.44,0.91,0.9,0.91,,,,0.88,0.87,0.89,,,,0.88,0.87,0.88,,,,0.17,0.17,0.17,,,,0.18,0.19,0.18,,,,0.0,0,0,,,,0.0,0,0,,,,0.5,0,1,,,,0.0,0,0,,,,-124.23,-125.61,-122.86,,,,0.48,0.47,0.5,,,,0.71,0.71,0.71,,,,0.64,0.63,0.65,,,,-52.44,-53.12,-51.76,,,,1555.03,1563.07,1546.98,,,,-3.38,-3.4,-3.35,,,,64.75,64.45,65.05,,,,63.16,63.16,63.16,,,,19.0,19,19,,,,5.5,6,5,,,,28.95,31.58,26.32,,,,3.5,2.0,5.0,,,,18.43,10.53,26.32,,,,0.0,0,0,,,,0.0,0,0,,,,0.0,0,0,,,,0.0,0,0,,,,0.0,0,0,,,,0.0,0,0,,,,"{'A': 0.0, 'C': 0.0, 'D': 0.0, 'E': 2.0, 'F': 0.0, 'G': 1.0, 'H': 0.0, 'I': 4.0, 'K': 1.0, 'L': 0.0, 'M': 2.0, 'N': 0.0, 'P': 1.0, 'Q': 0.0, 'R': 1.0, 'S': 1.0, 'T': 1.0, 'V': 4.0, 'W': 1.0, 'Y': 0.0}","{'A': 0, 'C': 0, 'D': 0, 'E': 2, 'F': 0, 'G': 1, 'H': 0, 'I': 4, 'K': 1, 'L': 0, 'M': 2, 'N': 0, 'P': 1, 'Q': 0, 'R': 1, 'S': 1, 'T': 1, 'V': 4, 'W': 1, 'Y': 0}","{'A': 0, 'C': 0, 'D': 0, 'E': 2, 'F': 0, 'G': 1, 'H': 0, 'I': 4, 'K': 1, 'L': 0, 'M': 2, 'N': 0, 'P': 1, 'Q': 0, 'R': 1, 'S': 1, 'T': 1, 'V': 4, 'W': 1, 'Y': 0}",,,,0.9,0.92,0.87,,,,0.36,0.41,0.31,,,,0.93,0.92,0.93,,,,0.61,0.59,0.64,,,,0.1,0.11,0.09,,,,1.0,0.97,1.04,,,,"0 hours, 0 minutes, 47 seconds",,EGFR_patchF,relaxed_filters,default_4stage_multimer
EGFRpH_F_l37_s199389_mpnn9,4stage,37,199389,-0.3,"A431,A434,A436",DMLVYIDKETGSIVIVPADNKNKPTGPNWRKIEVKEM,"B2,B4,B6,B10,B11,B12,B13,B14,B15,B16,B17,B20,B29,B30,B32,B33,B34,B35,B36,B37",1.01,0.44,0.91,0.9,0.91,,,,0.88,0.87,0.89,,,,0.88,0.87,0.89,,,,0.17,0.18,0.16,,,,0.18,0.19,0.18,,,,0.0,0,0,,,,0.0,0,0,,,,0.5,0,1,,,,0.0,0,0,,,,-117.91,-116.27,-119.55,,,,0.44,0.45,0.43,,,,0.71,0.72,0.7,,,,0.62,0.62,0.63,,,,-54.45,-56.15,-52.74,,,,1567.45,1573.33,1561.58,,,,-3.47,-3.57,-3.38,,,,64.47,62.99,65.96,,,,61.58,63.16,60.0,,,,19.5,19,20,,,,5.5,6,5,,,,28.29,31.58,25.0,,,,3.0,2.0,4.0,,,,15.27,10.53,20.0,,,,0.0,0,0,,,,0.0,0,0,,,,0.0,0,0,,,,0.0,0,0,,,,0.0,0,0,,,,0.0,0,0,,,,"{'A': 0.0, 'C': 0.0, 'D': 0.0, 'E': 1.5, 'F': 0.0, 'G': 1.0, 'H': 0.0, 'I': 4.0, 'K': 1.0, 'L': 0.0, 'M': 2.0, 'N': 1.0, 'P': 1.0, 'Q': 0.0, 'R': 1.0, 'S': 1.0, 'T': 1.0, 'V': 4.0, 'W': 1.0, 'Y': 0.0}","{'A': 0, 'C': 0, 'D': 0, 'E': 1, 'F': 0, 'G': 1, 'H': 0, 'I': 4, 'K': 1, 'L': 0, 'M': 2, 'N': 1, 'P': 1, 'Q': 0, 'R': 1, 'S': 1, 'T': 1, 'V': 4, 'W': 1, 'Y': 0}","{'A': 0, 'C': 0, 'D': 0, 'E': 2, 'F': 0, 'G': 1, 'H': 0, 'I': 4, 'K': 1, 'L': 0, 'M': 2, 'N': 1, 'P': 1, 'Q': 0, 'R': 1, 'S': 1, 'T': 1, 'V': 4, 'W': 1, 'Y': 0}",,,,0.86,0.9,0.82,,,,0.38,0.42,0.34,,,,0.9,0.88,0.92,,,,0.57,0.54,0.61,,,,0.12,0.13,0.1,,,,1.14,1.22,1.06,,,,"0 hours, 0 minutes, 48 seconds",,EGFR_patchF,relaxed_filters,default_4stage_multimer
EGFRpH_F_l32_s856811_mpnn1,4stage,32,856811,-0.3,"A431,A434,A436",PVYKQIVIRYDPETGDLVVELDDKVMRVKMPP,"B1,B2,B3,B4,B5,B6,B7,B8,B9,B10,B17,B19,B21,B26,B28,B29,B30,B31",0.87,0.54,0.87,0.86,0.88,,,,0.87,0.86,0.88,,,,0.86,0.85,0.87,,,,0.18,0.2,0.17,,,,0.2,0.21,0.19,,,,0.0,0,0,,,,0.0,0,0,,,,0.0,0,0,,,,0.0,0,0,,,,-111.9,-113.83,-109.97,,,,0.57,0.58,0.57,,,,0.69,0.69,0.7,,,,0.61,0.6,0.63,,,,-64.58,-63.92,-65.24,,,,1780.41,1799.6,1761.22,,,,-3.62,-3.55,-3.7,,,,78.96,80.16,77.76,,,,77.78,77.78,77.78,,,,18.0,18,18,,,,7.0,7,7,,,,38.89,38.89,38.89,,,,5.0,5.0,5.0,,,,27.78,27.78,27.78,,,,0.0,0,0,,,,0.0,0,0,,,,0.0,0,0,,,,0.0,0,0,,,,0.0,0,0,,,,0.0,0,0,,,,"{'A': 0.0, 'C': 0.0, 'D': 0.0, 'E': 0.0, 'F': 0.0, 'G': 0.0, 'H': 0.0, 'I': 2.0, 'K': 2.0, 'L': 2.0, 'M': 2.0, 'N': 0.0, 'P': 2.0, 'Q': 1.0, 'R': 1.0, 'S': 0.0, 'T': 0.0, 'V': 4.0, 'W': 0.0, 'Y': 2.0}","{'A': 0, 'C': 0, 'D': 0, 'E': 0, 'F': 0, 'G': 0, 'H': 0, 'I': 2, 'K': 2, 'L': 2, 'M': 2, 'N': 0, 'P': 2, 'Q': 1, 'R': 1, 'S': 0, 'T': 0, 'V': 4, 'W': 0, 'Y': 2}","{'A': 0, 'C': 0, 'D': 0, 'E': 0, 'F': 0, 'G': 0, 'H': 0, 'I': 2, 'K': 2, 'L': 2, 'M': 2, 'N': 0, 'P': 2, 'Q': 1, 'R': 1, 'S': 0, 'T': 0, 'V': 4, 'W': 0, 'Y': 2}",,,,1.17,1.2,1.15,,,,0.38,0.41,0.34,,,,0.81,0.85,0.78,,,,0.4,0.42,0.37,,,,0.2,0.18,0.21,,,,3.58,3.39,3.78,,,,"0 hours, 1 minutes, 33 seconds",,EGFR_patchF,relaxed_filters,default_4stage_multimer
EGFRpH_F_l32_s856811_mpnn2,4stage,32,856811,-0.3,"A431,A434,A436",PVYKQIVIRYDPETGDLVVELDDKKMVVKMPP,"B1,B2,B3,B4,B5,B6,B7,B8,B9,B10,B17,B19,B21,B26,B27,B28,B29,B30,B31",0.89,0.62,0.87,0.85,0.89,,,,0.87,0.86,0.88,,,,0.85,0.84,0.87,,,,0.18,0.2,0.17,,,,0.2,0.22,0.18,,,,0.0,0,0,,,,0.0,0,0,,,,0.0,0,0,,,,0.0,0,0,,,,-108.06,-108.23,-107.88,,,,0.57,0.58,0.57,,,,0.69,0.69,0.68,,,,0.66,0.64,0.67,,,,-63.17,-64.38,-61.97,,,,1709.59,1730.81,1688.36,,,,-3.7,-3.72,-3.67,,,,75.65,75.51,75.79,,,,77.71,76.47,78.95,,,,18.0,17,19,,,,7.5,8,7,,,,41.95,47.06,36.84,,,,5.0,5.0,5.0,,,,27.87,29.41,26.32,,,,0.0,0,0,,,,0.0,0,0,,,,0.0,0,0,,,,0.0,0,0,,,,0.0,0,0,,,,0.0,0,0,,,,"{'A': 0.0, 'C': 0.0, 'D': 0.0, 'E': 0.0, 'F': 0.0, 'G': 0.0, 'H': 0.0, 'I': 2.0, 'K': 2.0, 'L': 2.0, 'M': 2.0, 'N': 0.0, 'P': 1.5, 'Q': 1.0, 'R': 1.0, 'S': 0.0, 'T': 0.0, 'V': 4.5, 'W': 0.0, 'Y': 2.0}","{'A': 0, 'C': 0, 'D': 0, 'E': 0, 'F': 0, 'G': 0, 'H': 0, 'I': 2, 'K': 2, 'L': 2, 'M': 2, 'N': 0, 'P': 1, 'Q': 1, 'R': 1, 'S': 0, 'T': 0, 'V': 4, 'W': 0, 'Y': 2}","{'A': 0, 'C': 0, 'D': 0, 'E': 0, 'F': 0, 'G': 0, 'H': 0, 'I': 2, 'K': 2, 'L': 2, 'M': 2, 'N': 0, 'P': 2, 'Q': 1, 'R': 1, 'S': 0, 'T': 0, 'V': 5, 'W': 0, 'Y': 2}",,,,1.22,1.28,1.16,,,,0.38,0.41,0.34,,,,0.8,0.85,0.76,,,,0.38,0.41,0.35,,,,0.21,0.18,0.23,,,,3.6,3.45,3.76,,,,"0 hours, 0 minutes, 47 seconds",,EGFR_patchF,relaxed_filters,default_4stage_multimer
EGFRpH_F_l32_s856811_mpnn3,4stage,32,856811,-0.3,"A431,A434,A436",PVYKQIVIRYDPETGDLVVQLDDKVMRVKMPP,"B1,B2,B3,B4,B5,B6,B7,B8,B9,B10,B17,B19,B21,B26,B28,B29,B30,B31",0.89,0.54,0.88,0.87,0.89,,,,0.87,0.86,0.88,,,,0.87,0.86,0.88,,,,0.18,0.19,0.17,,,,0.19,0.2,0.18,,,,0.0,0,0,,,,0.0,0,0,,,,0.0,0,0,,,,0.0,0,0,,,,-110.07,-111.66,-108.48,,,,0.57,0.57,0.57,,,,0.7,0.72,0.69,,,,0.65,0.7,0.6,,,,-64.5,-67.07,-61.92,,,,1782.62,1854.47,1710.78,,,,-3.62,-3.62,-3.62,,,,79.95,83.13,76.77,,,,75.73,73.68,77.78,,,,18.5,19,18,,,,7.0,7,7,,,,37.87,36.84,38.89,,,,5.0,6.0,4.0,,,,26.9,31.58,22.22,,,,0.0,0,0,,,,0.0,0,0,,,,0.0,0,0,,,,0.0,0,0,,,,0.0,0,0,,,,0.0,0,0,,,,"{'A': 0.0, 'C': 0.0, 'D': 0.0, 'E': 0.0, 'F': 0.0, 'G': 0.0, 'H': 0.0, 'I': 2.0, 'K': 2.0, 'L': 2.0, 'M': 2.0, 'N': 0.0, 'P': 2.0, 'Q': 1.0, 'R': 1.5, 'S': 0.0, 'T': 0.0, 'V': 4.0, 'W': 0.0, 'Y': 2.0}","{'A': 0, 'C': 0, 'D': 0, 'E': 0, 'F': 0, 'G': 0, 'H': 0, 'I': 2, 'K': 2, 'L': 2, 'M': 2, 'N': 0, 'P': 2, 'Q': 1, 'R': 2, 'S': 0, 'T': 0, 'V': 4, 'W': 0, 'Y': 2}","{'A': 0, 'C': 0, 'D': 0, 'E': 0, 'F': 0, 'G': 0, 'H': 0, 'I': 2, 'K': 2, 'L': 2, 'M': 2, 'N': 0, 'P': 2, 'Q': 1, 'R': 1, 'S': 0, 'T': 0, 'V': 4, 'W': 0, 'Y': 2}",,,,1.15,1.17,1.13,,,,0.38,0.41,0.34,,,,0.84,0.86,0.83,,,,0.42,0.43,0.41,,,,0.17,0.17,0.18,,,,3.62,3.45,3.79,,,,"0 hours, 0 minutes, 48 seconds",,EGFR_patchF,relaxed_filters,default_4stage_multimer
EGFRpH_F_l32_s856811_mpnn4,4stage,32,856811,-0.3,"A431,A434,A436",PVYKQIVIRYDPETGDLVVQLDDKTMVVKMPP,"B1,B2,B3,B4,B5,B6,B7,B8,B9,B10,B17,B19,B21,B26,B27,B28,B29,B30,B31",0.92,0.62,0.89,0.88,0.9,,,,0.87,0.86,0.88,,,,0.87,0.86,0.88,,,,0.17,0.19,0.16,,,,0.18,0.2,0.17,,,,0.0,0,0,,,,0.0,0,0,,,,0.0,0,0,,,,0.0,0,0,,,,-110.45,-111.88,-109.03,,,,0.57,0.57,0.57,,,,0.7,0.69,0.72,,,,0.68,0.68,0.67,,,,-64.14,-65.34,-62.93,,,,1798.15,1758.19,1838.11,,,,-3.57,-3.72,-3.42,,,,81.4,79.04,83.75,,,,78.37,77.78,78.95,,,,18.5,18,19,,,,7.5,8,7,,,,40.64,44.44,36.84,,,,4.0,3.0,5.0,,,,21.5,16.67,26.32,,,,0.0,0,0,,,,0.0,0,0,,,,0.0,0,0,,,,0.0,0,0,,,,0.0,0,0,,,,0.0,0,0,,,,"{'A': 0.0, 'C': 0.0, 'D': 0.0, 'E': 0.0, 'F': 0.0, 'G': 0.0, 'H': 0.0, 'I': 2.0, 'K': 2.0, 'L': 2.0, 'M': 2.0, 'N': 0.0, 'P': 2.0, 'Q': 1.0, 'R': 1.0, 'S': 0.0, 'T': 0.0, 'V': 4.5, 'W': 0.0, 'Y': 2.0}","{'A': 0, 'C': 0, 'D': 0, 'E': 0, 'F': 0, 'G': 0, 'H': 0, 'I': 2, 'K': 2, 'L': 2, 'M': 2, 'N': 0, 'P': 2, 'Q': 1, 'R': 1, 'S': 0, 'T': 0, 'V': 4, 'W': 0, 'Y': 2}","{'A': 0, 'C': 0, 'D': 0, 'E': 0, 'F': 0, 'G': 0, 'H': 0, 'I': 2, 'K': 2, 'L': 2, 'M': 2, 'N': 0, 'P': 2, 'Q': 1, 'R': 1, 'S': 0, 'T': 0, 'V': 5, 'W': 0, 'Y': 2}",,,,1.19,1.22,1.15,,,,0.38,0.41,0.35,,,,0.86,0.87,0.86,,,,0.45,0.46,0.44,,,,0.17,0.16,0.17,,,,3.65,3.56,3.74,,,,"0 hours, 0 minutes, 46 seconds",,EGFR_patchF,relaxed_filters,default_4stage_multimer
EGFRpH_F_l32_s856811_mpnn5,4stage,32,856811,-0.3,"A431,A434,A436",PVYKQIVIRYDPETGNLVVQLDDKTMIVKMPP,"B1,B2,B3,B4,B5,B6,B7,B8,B9,B10,B17,B19,B21,B26,B27,B28,B29,B30,B31",0.93,0.46,0.89,0.88,0.9,,,,0.87,0.86,0.88,,,,0.87,0.86,0.88,,,,0.17,0.19,0.16,,,,0.18,0.2,0.17,,,,0.0,0,0,,,,0.0,0,0,,,,0.0,0,0,,,,0.0,0,0,,,,-111.71,-111.45,-111.97,,,,0.58,0.58,0.59,,,,0.73,0.75,0.71,,,,0.64,0.63,0.64,,,,-62.09,-64.21,-59.98,,,,1685.77,1703.89,1667.65,,,,-3.69,-3.77,-3.6,,,,75.75,77.43,74.08,,,,78.95,78.95,78.95,,,,19.0,19,19,,,,8.5,9,8,,,,44.74,47.37,42.11,,,,4.0,4.0,4.0,,,,21.05,21.05,21.05,,,,0.0,0,0,,,,0.0,0,0,,,,0.0,0,0,,,,0.0,0,0,,,,0.0,0,0,,,,0.0,0,0,,,,"{'A': 0.0, 'C': 0.0, 'D': 0.0, 'E': 0.0, 'F': 0.0, 'G': 0.0, 'H': 0.0, 'I': 3.0, 'K': 2.0, 'L': 2.0, 'M': 2.0, 'N': 0.0, 'P': 2.0, 'Q': 1.0, 'R': 1.0, 'S': 0.0, 'T': 0.0, 'V': 4.0, 'W': 0.0, 'Y': 2.0}","{'A': 0, 'C': 0, 'D': 0, 'E': 0, 'F': 0, 'G': 0, 'H': 0, 'I': 3, 'K': 2, 'L': 2, 'M': 2, 'N': 0, 'P': 2, 'Q': 1, 'R': 1, 'S': 0, 'T': 0, 'V': 4, 'W': 0, 'Y': 2}","{'A': 0, 'C': 0, 'D': 0, 'E': 0, 'F': 0, 'G': 0, 'H': 0, 'I': 3, 'K': 2, 'L': 2, 'M': 2, 'N': 0, 'P': 2, 'Q': 1, 'R': 1, 'S': 0, 'T': 0, 'V': 4, 'W': 0, 'Y': 2}",,,,1.01,1.04,0.98,,,,0.37,0.41,0.33,,,,0.84,0.86,0.82,,,,0.43,0.45,0.41,,,,0.17,0.16,0.19,,,,3.63,3.59,3.67,,,,"0 hours, 0 minutes, 47 seconds",,EGFR_patchF,relaxed_filters,default_4stage_multimer
EGFRpH_F_l32_s856811_mpnn6,4stage,32,856811,-0.3,"A431,A434,A436",PVYKQIVIRYDPETGDLVVQLDDKEMVVKMPP,"B1,B2,B3,B4,B5,B6,B7,B8,B9,B10,B17,B19,B21,B26,B28,B29,B30,B31",0.93,0.62,0.88,0.87,0.88,,,,0.87,0.86,0.88,,,,0.86,0.85,0.87,,,,0.18,0.19,0.17,,,,0.2,0.21,0.19,,,,0.0,0,0,,,,0.0,0,0,,,,0.0,0,0,,,,0.0,0,0,,,,-109.34,-109.01,-109.67,,,,0.57,0.57,0.57,,,,0.67,0.67,0.66,,,,0.64,0.66,0.62,,,,-60.69,-60.89,-60.48,,,,1728.32,1718.78,1737.85,,,,-3.51,-3.54,-3.48,,,,79.17,78.21,80.14,,,,77.78,77.78,77.78,,,,18.0,18,18,,,,7.0,7,7,,,,38.89,38.89,38.89,,,,4.5,3.0,6.0,,,,25.0,16.67,33.33,,,,0.0,0,0,,,,0.0,0,0,,,,0.0,0,0,,,,0.0,0,0,,,,0.0,0,0,,,,0.0,0,0,,,,"{'A': 0.0, 'C': 0.0, 'D': 0.0, 'E': 0.0, 'F': 0.0, 'G': 0.0, 'H': 0.0, 'I': 2.0, 'K': 2.0, 'L': 2.0, 'M': 2.0, 'N': 0.0, 'P': 2.0, 'Q': 1.0, 'R': 1.0, 'S': 0.0, 'T': 0.0, 'V': 4.0, 'W': 0.0, 'Y': 2.0}","{'A': 0, 'C': 0, 'D': 0, 'E': 0, 'F': 0, 'G': 0, 'H': 0, 'I': 2, 'K': 2, 'L': 2, 'M': 2, 'N': 0, 'P': 2, 'Q': 1, 'R': 1, 'S': 0, 'T': 0, 'V': 4, 'W': 0, 'Y': 2}","{'A': 0, 'C': 0, 'D': 0, 'E': 0, 'F': 0, 'G': 0, 'H': 0, 'I': 2, 'K': 2, 'L': 2, 'M': 2, 'N': 0, 'P': 2, 'Q': 1, 'R': 1, 'S': 0, 'T': 0, 'V': 4, 'W': 0, 'Y': 2}",,,,1.23,1.27,1.18,,,,0.38,0.41,0.35,,,,0.84,0.86,0.83,,,,0.42,0.43,0.4,,,,0.18,0.17,0.19,,,,3.62,3.49,3.76,,,,"0 hours, 0 minutes, 46 seconds",,EGFR_patchF,relaxed_filters,default_4stage_multimer
EGFRpH_F_l32_s856811_mpnn7,4stage,32,856811,-0.3,"A431,A434,A436",PVYKQIVIRYDPETGDLVVELDDKVMVVKMPP,"B1,B2,B3,B4,B5,B6,B7,B8,B9,B10,B17,B19,B21,B26,B27,B28,B29,B30,B31",0.93,0.62,0.89,0.88,0.89,,,,0.87,0.86,0.88,,,,0.87,0.86,0.88,,,,0.17,0.19,0.16,,,,0.19,0.2,0.18,,,,0.0,0,0,,,,0.0,0,0,,,,0.0,0,0,,,,0.0,0,0,,,,-112.24,-111.93,-112.54,,,,0.6,0.6,0.6,,,,0.69,0.69,0.7,,,,0.67,0.65,0.69,,,,-64.85,-64.26,-65.44,,,,1752.48,1771.66,1733.3,,,,-3.71,-3.63,-3.78,,,,79.38,81.12,77.64,,,,78.37,77.78,78.95,,,,18.5,18,19,,,,7.0,7,7,,,,37.87,38.89,36.84,,,,4.5,4.0,5.0,,,,24.27,22.22,26.32,,,,0.0,0,0,,,,0.0,0,0,,,,0.0,0,0,,,,0.0,0,0,,,,0.0,0,0,,,,0.0,0,0,,,,"{'A': 0.0, 'C': 0.0, 'D': 0.0, 'E': 0.0, 'F': 0.0, 'G': 0.0, 'H': 0.0, 'I': 2.0, 'K': 2.0, 'L': 2.0, 'M': 2.0, 'N': 0.0, 'P': 2.0, 'Q': 1.0, 'R': 1.0, 'S': 0.0, 'T': 0.0, 'V': 4.5, 'W': 0.0, 'Y': 2.0}","{'A': 0, 'C': 0, 'D': 0, 'E': 0, 'F': 0, 'G': 0, 'H': 0, 'I': 2, 'K': 2, 'L': 2, 'M': 2, 'N': 0, 'P': 2, 'Q': 1, 'R': 1, 'S': 0, 'T': 0, 'V': 4, 'W': 0, 'Y': 2}","{'A': 0, 'C': 0, 'D': 0, 'E': 0, 'F': 0, 'G': 0, 'H': 0, 'I': 2, 'K': 2, 'L': 2, 'M': 2, 'N': 0, 'P': 2, 'Q': 1, 'R': 1, 'S': 0, 'T': 0, 'V': 5, 'W': 0, 'Y': 2}",,,,1.21,1.26,1.15,,,,0.38,0.41,0.34,,,,0.84,0.86,0.83,,,,0.43,0.44,0.42,,,,0.17,0.17,0.18,,,,3.62,3.49,3.75,,,,"0 hours, 0 minutes, 46 seconds",,EGFR_patchF,relaxed_filters,default_4stage_multimer
EGFRpH_F_l32_s856811_mpnn8,4stage,32,856811,-0.3,"A431,A434,A436",PVYKQIVIRYDPETGNLVVQLDDKTMVVKMPP,"B1,B2,B3,B4,B5,B6,B7,B8,B9,B10,B17,B19,B21,B26,B27,B28,B29,B30,B31",0.95,0.54,0.89,0.87,0.9,,,,0.87,0.86,0.88,,,,0.87,0.86,0.88,,,,0.17,0.19,0.16,,,,0.19,0.2,0.18,,,,0.0,0,0,,,,0.0,0,0,,,,0.0,0,0,,,,0.0,0,0,,,,-112.75,-112.54,-112.97,,,,0.59,0.59,0.59,,,,0.72,0.72,0.72,,,,0.67,0.66,0.67,,,,-63.59,-64.88,-62.31,,,,1702.63,1736.09,1669.17,,,,-3.74,-3.74,-3.73,,,,77.97,79.88,76.06,,,,78.95,78.95,78.95,,,,19.0,19,19,,,,9.0,9,9,,,,47.37,47.37,47.37,,,,4.0,4.0,4.0,,,,21.05,21.05,21.05,,,,0.0,0,0,,,,0.0,0,0,,,,0.0,0,0,,,,0.0,0,0,,,,0.0,0,0,,,,0.0,0,0,,,,"{'A': 0.0, 'C': 0.0, 'D': 0.0, 'E': 0.0, 'F': 0.0, 'G': 0.0, 'H': 0.0, 'I': 2.0, 'K': 2.0, 'L': 2.0, 'M': 2.0, 'N': 0.0, 'P': 2.0, 'Q': 1.0, 'R': 1.0, 'S': 0.0, 'T': 0.0, 'V': 5.0, 'W': 0.0, 'Y': 2.0}","{'A': 0, 'C': 0, 'D': 0, 'E': 0, 'F': 0, 'G': 0, 'H': 0, 'I': 2, 'K': 2, 'L': 2, 'M': 2, 'N': 0, 'P': 2, 'Q': 1, 'R': 1, 'S': 0, 'T': 0, 'V': 5, 'W': 0, 'Y': 2}","{'A': 0, 'C': 0, 'D': 0, 'E': 0, 'F': 0, 'G': 0, 'H': 0, 'I': 2, 'K': 2, 'L': 2, 'M': 2, 'N': 0, 'P': 2, 'Q': 1, 'R': 1, 'S': 0, 'T': 0, 'V': 5, 'W': 0, 'Y': 2}",,,,1.0,1.02,0.99,,,,0.38,0.41,0.34,,,,0.86,0.87,0.85,,,,0.44,0.45,0.43,,,,0.17,0.16,0.17,,,,3.62,3.54,3.71,,,,"0 hours, 0 minutes, 45 seconds",,EGFR_patchF,relaxed_filters,default_4stage_multimer
EGFRpH_F_l32_s856811_mpnn9,4stage,32,856811,-0.3,"A431,A434,A436",PVYKQIVIRYNPETGDLVVQLDDKEMIVKMPP,"B1,B2,B3,B4,B5,B6,B7,B8,B9,B10,B17,B19,B21,B26,B28,B29,B30,B31",0.95,0.46,0.89,0.88,0.89,,,,0.87,0.86,0.88,,,,0.87,0.86,0.88,,,,0.18,0.19,0.17,,,,0.19,0.2,0.18,,,,0.0,0,0,,,,0.0,0,0,,,,0.0,0,0,,,,0.0,0,0,,,,-111.37,-112.83,-109.91,,,,0.59,0.59,0.59,,,,0.69,0.69,0.68,,,,0.67,0.67,0.67,,,,-63.32,-62.65,-63.99,,,,1720.6,1710.12,1731.08,,,,-3.68,-3.66,-3.7,,,,81.31,81.11,81.5,,,,78.37,78.95,77.78,,,,18.5,19,18,,,,7.5,7,8,,,,40.64,36.84,44.44,,,,4.5,4.0,5.0,,,,24.41,21.05,27.78,,,,0.0,0,0,,,,0.0,0,0,,,,0.0,0,0,,,,0.0,0,0,,,,0.0,0,0,,,,0.0,0,0,,,,"{'A': 0.0, 'C': 0.0, 'D': 0.0, 'E': 0.0, 'F': 0.0, 'G': 0.0, 'H': 0.0, 'I': 2.5, 'K': 2.0, 'L': 2.0, 'M': 2.0, 'N': 0.0, 'P': 2.0, 'Q': 1.0, 'R': 1.0, 'S': 0.0, 'T': 0.0, 'V': 4.0, 'W': 0.0, 'Y': 2.0}","{'A': 0, 'C': 0, 'D': 0, 'E': 0, 'F': 0, 'G': 0, 'H': 0, 'I': 3, 'K': 2, 'L': 2, 'M': 2, 'N': 0, 'P': 2, 'Q': 1, 'R': 1, 'S': 0, 'T': 0, 'V': 4, 'W': 0, 'Y': 2}","{'A': 0, 'C': 0, 'D': 0, 'E': 0, 'F': 0, 'G': 0, 'H': 0, 'I': 2, 'K': 2, 'L': 2, 'M': 2, 'N': 0, 'P': 2, 'Q': 1, 'R': 1, 'S': 0, 'T': 0, 'V': 4, 'W': 0, 'Y': 2}",,,,0.98,1.03,0.93,,,,0.38,0.41,0.35,,,,0.82,0.85,0.8,,,,0.4,0.42,0.37,,,,0.19,0.17,0.21,,,,3.66,3.5,3.82,,,,"0 hours, 0 minutes, 45 seconds",,EGFR_patchF,relaxed_filters,default_4stage_multimer
EGFRpH_F_l32_s856811_mpnn10,4stage,32,856811,-0.3,"A431,A434,A436",PVYKQIVIRYDEETGDLVVTLDDKVMRVKMPP,"B1,B2,B3,B4,B5,B6,B7,B8,B9,B10,B17,B19,B21,B26,B27,B28,B29,B30,B31",0.95,0.46,0.88,0.87,0.89,,,,0.87,0.86,0.88,,,,0.86,0.85,0.88,,,,0.18,0.19,0.17,,,,0.2,0.21,0.18,,,,0.0,0,0,,,,0.0,0,0,,,,0.0,0,0,,,,0.0,0,0,,,,-106.74,-108.57,-104.91,,,,0.54,0.55,0.53,,,,0.69,0.7,0.69,,,,0.67,0.67,0.67,,,,-63.75,-65.84,-61.65,,,,1774.78,1804.54,1745.03,,,,-3.59,-3.65,-3.53,,,,77.11,79.06,75.16,,,,73.68,73.68,73.68,,,,19.0,19,19,,,,7.5,8,7,,,,39.48,42.11,36.84,,,,5.5,5.0,6.0,,,,28.95,26.32,31.58,,,,0.0,0,0,,,,0.0,0,0,,,,0.0,0,0,,,,0.0,0,0,,,,0.0,0,0,,,,0.0,0,0,,,,"{'A': 0.0, 'C': 0.0, 'D': 0.0, 'E': 0.0, 'F': 0.0, 'G': 0.0, 'H': 0.0, 'I': 2.0, 'K': 2.0, 'L': 2.0, 'M': 2.0, 'N': 0.0, 'P': 2.0, 'Q': 1.0, 'R': 2.0, 'S': 0.0, 'T': 0.0, 'V': 4.0, 'W': 0.0, 'Y': 2.0}","{'A': 0, 'C': 0, 'D': 0, 'E': 0, 'F': 0, 'G': 0, 'H': 0, 'I': 2, 'K': 2, 'L': 2, 'M': 2, 'N': 0, 'P': 2, 'Q': 1, 'R': 2, 'S': 0, 'T': 0, 'V': 4, 'W': 0, 'Y': 2}","{'A': 0, 'C': 0, 'D': 0, 'E': 0, 'F': 0, 'G': 0, 'H': 0, 'I': 2, 'K': 2, 'L': 2, 'M': 2, 'N': 0, 'P': 2, 'Q': 1, 'R': 2, 'S': 0, 'T': 0, 'V': 4, 'W': 0, 'Y': 2}",,,,1.0,1.0,1.0,,,,0.37,0.41,0.33,,,,0.85,0.86,0.85,,,,0.45,0.45,0.45,,,,0.17,0.17,0.17,,,,3.57,3.53,3.61,,,,"0 hours, 0 minutes, 46 seconds",,EGFR_patchF,relaxed_filters,default_4stage_multimer
EGFRpH_F_l32_s856811_mpnn11,4stage,32,856811,-0.3,"A431,A434,A436",PVYKQIVIRYDPETGDLVVQLDDKEMIVKMPP,"B1,B2,B3,B4,B5,B6,B7,B8,B9,B10,B17,B19,B21,B26,B27,B28,B29,B30,B31",0.97,0.54,0.88,0.87,0.88,,,,0.87,0.86,0.88,,,,0.86,0.86,0.87,,,,0.18,0.19,0.17,,,,0.19,0.2,0.18,,,,0.0,0,0,,,,0.0,0,0,,,,0.0,0,0,,,,0.0,0,0,,,,-111.61,-111.93,-111.28,,,,0.57,0.57,0.57,,,,0.69,0.7,0.69,,,,0.64,0.64,0.63,,,,-63.83,-65.78,-61.87,,,,1767.83,1794.7,1740.96,,,,-3.61,-3.67,-3.55,,,,82.84,83.79,81.89,,,,78.95,78.95,78.95,,,,19.0,19,19,,,,7.5,8,7,,,,39.48,42.11,36.84,,,,4.0,3.0,5.0,,,,21.05,15.79,26.32,,,,0.0,0,0,,,,0.0,0,0,,,,0.0,0,0,,,,0.0,0,0,,,,0.0,0,0,,,,0.0,0,0,,,,"{'A': 0.0, 'C': 0.0, 'D': 0.0, 'E': 0.0, 'F': 0.0, 'G': 0.0, 'H': 0.0, 'I': 3.0, 'K': 2.0, 'L': 2.0, 'M': 2.0, 'N': 0.0, 'P': 2.0, 'Q': 1.0, 'R': 1.0, 'S': 0.0, 'T': 0.0, 'V': 4.0, 'W': 0.0, 'Y': 2.0}","{'A': 0, 'C': 0, 'D': 0, 'E': 0, 'F': 0, 'G': 0, 'H': 0, 'I': 3, 'K': 2, 'L': 2, 'M': 2, 'N': 0, 'P': 2, 'Q': 1, 'R': 1, 'S': 0, 'T': 0, 'V': 4, 'W': 0, 'Y': 2}","{'A': 0, 'C': 0, 'D': 0, 'E': 0, 'F': 0, 'G': 0, 'H': 0, 'I': 3, 'K': 2, 'L': 2, 'M': 2, 'N': 0, 'P': 2, 'Q': 1, 'R': 1, 'S': 0, 'T': 0, 'V': 4, 'W': 0, 'Y': 2}",,,,1.21,1.25,1.16,,,,0.38,0.42,0.34,,,,0.84,0.86,0.82,,,,0.42,0.43,0.4,,,,0.18,0.17,0.19,,,,3.58,3.43,3.73,,,,"0 hours, 0 minutes, 47 seconds",,EGFR_patchF,relaxed_filters,default_4stage_multimer
EGFRpH_F_l32_s856811_mpnn12,4stage,32,856811,-0.3,"A431,A434,A436",PVYKQIVIRYDPETGDLVVQLDDKVMTVKMPP,"B1,B2,B3,B4,B5,B6,B7,B8,B9,B10,B17,B19,B21,B26,B27,B28,B29,B30,B31",0.97,0.54,0.89,0.88,0.9,,,,0.87,0.86,0.88,,,,0.87,0.86,0.88,,,,0.17,0.18,0.16,,,,0.18,0.19,0.17,,,,0.0,0,0,,,,0.0,0,0,,,,0.0,0,0,,,,0.0,0,0,,,,-110.12,-111.38,-108.87,,,,0.57,0.57,0.57,,,,0.69,0.7,0.69,,,,0.65,0.64,0.65,,,,-63.25,-66.2,-60.29,,,,1793.79,1800.15,1787.43,,,,-3.53,-3.68,-3.37,,,,81.97,82.27,81.68,,,,73.68,73.68,73.68,,,,19.0,19,19,,,,7.5,7,8,,,,39.48,36.84,42.11,,,,3.5,3.0,4.0,,,,18.42,15.79,21.05,,,,0.0,0,0,,,,0.0,0,0,,,,0.0,0,0,,,,0.0,0,0,,,,0.0,0,0,,,,0.0,0,0,,,,"{'A': 0.0, 'C': 0.0, 'D': 0.0, 'E': 0.0, 'F': 0.0, 'G': 0.0, 'H': 0.0, 'I': 2.0, 'K': 2.0, 'L': 2.0, 'M': 2.0, 'N': 0.0, 'P': 2.0, 'Q': 1.0, 'R': 1.0, 'S': 0.0, 'T': 1.0, 'V': 4.0, 'W': 0.0, 'Y': 2.0}","{'A': 0, 'C': 0, 'D': 0, 'E': 0, 'F': 0, 'G': 0, 'H': 0, 'I': 2, 'K': 2, 'L': 2, 'M': 2, 'N': 0, 'P': 2, 'Q': 1, 'R': 1, 'S': 0, 'T': 1, 'V': 4, 'W': 0, 'Y': 2}","{'A': 0, 'C': 0, 'D': 0, 'E': 0, 'F': 0, 'G': 0, 'H': 0, 'I': 2, 'K': 2, 'L': 2, 'M': 2, 'N': 0, 'P': 2, 'Q': 1, 'R': 1, 'S': 0, 'T': 1, 'V': 4, 'W': 0, 'Y': 2}",,,,1.19,1.22,1.16,,,,0.38,0.41,0.35,,,,0.86,0.87,0.85,,,,0.45,0.45,0.44,,,,0.17,0.16,0.17,,,,3.56,3.5,3.63,,,,"0 hours, 0 minutes, 46 seconds",,EGFR_patchF,relaxed_filters,default_4stage_multimer
EGFRpH_F_l32_s856811_mpnn13,4stage,32,856811,-0.3,"A431,A434,A436",PVYKQIVIRYDPKTGDLVVQLDDKTMVVKMPP,"B1,B2,B3,B4,B5,B6,B7,B8,B9,B10,B17,B19,B21,B26,B27,B28,B29,B30,B31",0.97,0.62,0.89,0.88,0.9,,,,0.87,0.86,0.88,,,,0.87,0.86,0.88,,,,0.17,0.18,0.16,,,,0.18,0.2,0.17,,,,0.0,0,0,,,,0.0,0,0,,,,0.0,0,0,,,,0.0,0,0,,,,-110.48,-110.53,-110.43,,,,0.57,0.57,0.57,,,,0.71,0.69,0.73,,,,0.67,0.7,0.64,,,,-64.31,-64.3,-64.33,,,,1754.0,1753.91,1754.09,,,,-3.67,-3.67,-3.67,,,,76.94,76.03,77.86,,,,80.65,82.35,78.95,,,,18.0,17,19,,,,8.0,8,8,,,,44.59,47.06,42.11,,,,3.5,3.0,4.0,,,,19.35,17.65,21.05,,,,0.0,0,0,,,,0.0,0,0,,,,0.0,0,0,,,,0.0,0,0,,,,0.0,0,0,,,,0.0,0,0,,,,"{'A': 0.0, 'C': 0.0, 'D': 0.0, 'E': 0.0, 'F': 0.0, 'G': 0.0, 'H': 0.0, 'I': 2.0, 'K': 1.5, 'L': 2.0, 'M': 2.0, 'N': 0.0, 'P': 2.0, 'Q': 1.0, 'R': 1.0, 'S': 0.0, 'T': 0.0, 'V': 4.5, 'W': 0.0, 'Y': 2.0}","{'A': 0, 'C': 0, 'D': 0, 'E': 0, 'F': 0, 'G': 0, 'H': 0, 'I': 2, 'K': 1, 'L': 2, 'M': 2, 'N': 0, 'P': 2, 'Q': 1, 'R': 1, 'S': 0, 'T': 0, 'V': 4, 'W': 0, 'Y': 2}","{'A': 0, 'C': 0, 'D': 0, 'E': 0, 'F': 0, 'G': 0, 'H': 0, 'I': 2, 'K': 2, 'L': 2, 'M': 2, 'N': 0, 'P': 2, 'Q': 1, 'R': 1, 'S': 0, 'T': 0, 'V': 5, 'W': 0, 'Y': 2}",,,,1.17,1.23,1.1,,,,0.38,0.41,0.35,,,,0.86,0.87,0.85,,,,0.44,0.45,0.43,,,,0.17,0.16,0.17,,,,3.74,3.66,3.82,,,,"0 hours, 0 minutes, 43 seconds",,EGFR_patchF,relaxed_filters,default_4stage_multimer
EGFRpH_F_l32_s856811_mpnn14,4stage,32,856811,-0.3,"A431,A434,A436",PVYKQIVIRYDPETGDLVVELDDKVMTVKMPP,"B1,B2,B3,B4,B5,B6,B7,B8,B9,B10,B17,B19,B21,B26,B28,B29,B30,B31",0.98,0.54,0.89,0.88,0.89,,,,0.87,0.86,0.88,,,,0.87,0.86,0.88,,,,0.18,0.19,0.17,,,,0.19,0.2,0.18,,,,0.0,0,0,,,,0.0,0,0,,,,0.0,0,0,,,,0.0,0,0,,,,-112.96,-113.43,-112.48,,,,0.57,0.57,0.57,,,,0.7,0.71,0.69,,,,0.64,0.65,0.62,,,,-65.2,-65.8,-64.6,,,,1792.33,1787.4,1797.26,,,,-3.63,-3.68,-3.59,,,,81.52,81.89,81.14,,,,75.73,73.68,77.78,,,,18.5,19,18,,,,7.5,8,7,,,,40.5,42.11,38.89,,,,5.0,4.0,6.0,,,,27.19,21.05,33.33,,,,0.0,0,0,,,,0.0,0,0,,,,0.0,0,0,,,,0.0,0,0,,,,0.0,0,0,,,,0.0,0,0,,,,"{'A': 0.0, 'C': 0.0, 'D': 0.0, 'E': 0.0, 'F': 0.0, 'G': 0.0, 'H': 0.0, 'I': 2.0, 'K': 2.0, 'L': 2.0, 'M': 2.0, 'N': 0.0, 'P': 2.0, 'Q': 1.0, 'R': 1.0, 'S': 0.0, 'T': 0.5, 'V': 4.0, 'W': 0.0, 'Y': 2.0}","{'A': 0, 'C': 0, 'D': 0, 'E': 0, 'F': 0, 'G': 0, 'H': 0, 'I': 2, 'K': 2, 'L': 2, 'M': 2, 'N': 0, 'P': 2, 'Q': 1, 'R': 1, 'S': 0, 'T': 1, 'V': 4, 'W': 0, 'Y': 2}","{'A': 0, 'C': 0, 'D': 0, 'E': 0, 'F': 0, 'G': 0, 'H': 0, 'I': 2, 'K': 2, 'L': 2, 'M': 2, 'N': 0, 'P': 2, 'Q': 1, 'R': 1, 'S': 0, 'T': 0, 'V': 4, 'W': 0, 'Y': 2}",,,,1.21,1.26,1.17,,,,0.37,0.41,0.33,,,,0.84,0.86,0.82,,,,0.43,0.44,0.42,,,,0.18,0.17,0.19,,,,3.52,3.43,3.61,,,,"0 hours, 0 minutes, 45 seconds",,EGFR_patchF,relaxed_filters,default_4stage_multimer
EGFRpH_F_l32_s856811_mpnn15,4stage,32,856811,-0.3,"A431,A434,A436",PVYKQIVIRYDPETGDLIVTLDDKVMTVKMPP,"B1,B2,B3,B4,B5,B6,B7,B8,B9,B10,B17,B19,B21,B26,B28,B29,B30,B31",0.98,0.46,0.9,0.89,0.9,,,,0.87,0.86,0.88,,,,0.87,0.86,0.88,,,,0.17,0.18,0.16,,,,0.18,0.19,0.17,,,,0.0,0,0,,,,0.0,0,0,,,,0.0,0,0,,,,0.0,0,0,,,,-108.05,-106.1,-110.0,,,,0.58,0.59,0.57,,,,0.66,0.64,0.67,,,,0.66,0.64,0.67,,,,-60.87,-59.96,-61.78,,,,1798.81,1866.71,1730.9,,,,-3.39,-3.21,-3.57,,,,82.58,84.78,80.38,,,,73.89,70.0,77.78,,,,19.0,20,18,,,,8.5,9,8,,,,44.72,45.0,44.44,,,,5.5,6.0,5.0,,,,28.89,30.0,27.78,,,,0.0,0,0,,,,0.0,0,0,,,,0.0,0,0,,,,0.0,0,0,,,,0.0,0,0,,,,0.0,0,0,,,,"{'A': 0.0, 'C': 0.0, 'D': 0.0, 'E': 0.0, 'F': 0.0, 'G': 0.0, 'H': 0.0, 'I': 2.0, 'K': 2.5, 'L': 2.0, 'M': 2.0, 'N': 0.0, 'P': 2.0, 'Q': 1.0, 'R': 1.0, 'S': 0.0, 'T': 0.5, 'V': 4.0, 'W': 0.0, 'Y': 2.0}","{'A': 0, 'C': 0, 'D': 0, 'E': 0, 'F': 0, 'G': 0, 'H': 0, 'I': 2, 'K': 3, 'L': 2, 'M': 2, 'N': 0, 'P': 2, 'Q': 1, 'R': 1, 'S': 0, 'T': 1, 'V': 4, 'W': 0, 'Y': 2}","{'A': 0, 'C': 0, 'D': 0, 'E': 0, 'F': 0, 'G': 0, 'H': 0, 'I': 2, 'K': 2, 'L': 2, 'M': 2, 'N': 0, 'P': 2, 'Q': 1, 'R': 1, 'S': 0, 'T': 0, 'V': 4, 'W': 0, 'Y': 2}",,,,1.21,1.27,1.15,,,,0.38,0.41,0.34,,,,0.86,0.87,0.86,,,,0.46,0.46,0.46,,,,0.16,0.16,0.16,,,,3.52,3.46,3.58,,,,"0 hours, 0 minutes, 45 seconds",,EGFR_patchF,relaxed_filters,default_4stage_multimer
EGFRpH_F_l32_s856811_mpnn16,4stage,32,856811,-0.3,"A431,A434,A436",PVYKQIVIRYDEETGDLVVQLDDKEMVVKMPP,"B1,B2,B3,B4,B5,B6,B7,B8,B9,B10,B17,B19,B21,B26,B28,B29,B30",1.0,0.54,0.88,0.87,0.88,,,,0.87,0.86,0.88,,,,0.85,0.85,0.86,,,,0.18,0.19,0.18,,,,0.2,0.21,0.19,,,,0.0,0,0,,,,0.0,0,0,,,,0.0,0,0,,,,0.0,0,0,,,,-105.92,-104.37,-107.47,,,,0.56,0.55,0.57,,,,0.68,0.69,0.67,,,,0.63,0.6,0.66,,,,-60.75,-59.9,-61.61,,,,1714.92,1758.0,1671.84,,,,-3.55,-3.41,-3.69,,,,75.53,76.25,74.82,,,,77.71,78.95,76.47,,,,18.0,19,17,,,,7.5,7,8,,,,41.95,36.84,47.06,,,,3.5,3.0,4.0,,,,19.66,15.79,23.53,,,,0.0,0,0,,,,0.0,0,0,,,,0.0,0,0,,,,0.0,0,0,,,,0.0,0,0,,,,0.0,0,0,,,,"{'A': 0.0, 'C': 0.0, 'D': 0.0, 'E': 0.0, 'F': 0.0, 'G': 0.0, 'H': 0.0, 'I': 2.0, 'K': 2.0, 'L': 2.0, 'M': 2.0, 'N': 0.0, 'P': 1.5, 'Q': 1.0, 'R': 1.0, 'S': 0.0, 'T': 0.0, 'V': 4.5, 'W': 0.0, 'Y': 2.0}","{'A': 0, 'C': 0, 'D': 0, 'E': 0, 'F': 0, 'G': 0, 'H': 0, 'I': 2, 'K': 2, 'L': 2, 'M': 2, 'N': 0, 'P': 2, 'Q': 1, 'R': 1, 'S': 0, 'T': 0, 'V': 5, 'W': 0, 'Y': 2}","{'A': 0, 'C': 0, 'D': 0, 'E': 0, 'F': 0, 'G': 0, 'H': 0, 'I': 2, 'K': 2, 'L': 2, 'M': 2, 'N': 0, 'P': 1, 'Q': 1, 'R': 1, 'S': 0, 'T': 0, 'V': 4, 'W': 0, 'Y': 2}",,,,1.23,1.28,1.18,,,,0.37,0.41,0.33,,,,0.85,0.86,0.84,,,,0.42,0.43,0.42,,,,0.17,0.17,0.18,,,,3.64,3.5,3.78,,,,"0 hours, 0 minutes, 46 seconds",,EGFR_patchF,relaxed_filters,default_4stage_multimer
EGFRpH_F_l35_s647729_mpnn10,4stage,35,647729,-0.3,"A431,A434,A436",GKSAHEIVEDVMKAMKEDKEKGKPMEVYINYDENS,"B4,B5,B7,B8,B11,B12,B15,B24,B25,B26,B27,B28,B29,B30,B31,B33",1.19,0.25,0.82,0.83,0.81,,,,0.86,0.85,0.87,,,,0.79,0.78,0.79,,,,0.24,0.24,0.24,,,,0.26,0.25,0.26,,,,0.0,0,0,,,,0.0,0,0,,,,2.0,2,2,,,,0.0,0,0,,,,-85.22,-86.9,-83.53,,,,0.42,0.43,0.42,,,,0.74,0.74,0.75,,,,0.65,0.66,0.63,,,,-62.68,-63.82,-61.54,,,,1666.2,1692.2,1640.2,,,,-3.76,-3.77,-3.75,,,,71.33,72.93,69.73,,,,72.8,70.59,75.0,,,,16.5,17,16,,,,9.5,10,9,,,,57.53,58.82,56.25,,,,5.0,5.0,5.0,,,,30.33,29.41,31.25,,,,0.0,0,0,,,,0.0,0,0,,,,0.0,0,0,,,,0.0,0,0,,,,0.0,0,0,,,,0.0,0,0,,,,"{'A': 1.0, 'C': 0.0, 'D': 0.5, 'E': 2.0, 'F': 0.0, 'G': 0.0, 'H': 1.0, 'I': 2.0, 'K': 0.0, 'L': 0.0, 'M': 3.0, 'N': 1.0, 'P': 1.0, 'Q': 0.0, 'R': 0.0, 'S': 0.0, 'T': 0.0, 'V': 3.0, 'W': 0.0, 'Y': 2.0}","{'A': 1, 'C': 0, 'D': 1, 'E': 2, 'F': 0, 'G': 0, 'H': 1, 'I': 2, 'K': 0, 'L': 0, 'M': 3, 'N': 1, 'P': 1, 'Q': 0, 'R': 0, 'S': 0, 'T': 0, 'V': 3, 'W': 0, 'Y': 2}","{'A': 1, 'C': 0, 'D': 0, 'E': 2, 'F': 0, 'G': 0, 'H': 1, 'I': 2, 'K': 0, 'L': 0, 'M': 3, 'N': 1, 'P': 1, 'Q': 0, 'R': 0, 'S': 0, 'T': 0, 'V': 3, 'W': 0, 'Y': 2}",,,,1.31,1.24,1.39,,,,0.41,0.45,0.37,,,,0.81,0.83,0.8,,,,0.4,0.4,0.39,,,,0.31,0.3,0.32,,,,12.59,13.33,11.84,,,,"0 hours, 1 minutes, 6 seconds",,EGFR_patchF,relaxed_filters,default_4stage_multimer
EGFRpH_F_l35_s647729_mpnn14,4stage,35,647729,-0.3,"A431,A434,A436",GKSAHEIVEDVMKKMKEDKEKGKPMEVYINYDENS,"B4,B5,B7,B8,B11,B12,B15,B24,B25,B26,B27,B28,B29,B30,B31,B33",1.22,0.25,0.83,0.83,0.84,,,,0.86,0.85,0.87,,,,0.8,0.79,0.8,,,,0.23,0.23,0.23,,,,0.25,0.25,0.25,,,,0.0,0,0,,,,0.0,0,0,,,,2.0,2,2,,,,0.0,0,0,,,,-88.57,-85.21,-91.94,,,,0.42,0.41,0.43,,,,0.7,0.68,0.71,,,,0.6,0.62,0.59,,,,-59.22,-56.77,-61.66,,,,1695.76,1707.62,1683.91,,,,-3.49,-3.32,-3.66,,,,73.39,73.57,73.22,,,,75.0,75.0,75.0,,,,16.0,16,16,,,,8.5,9,8,,,,53.12,56.25,50.0,,,,3.5,4.0,3.0,,,,21.88,25.0,18.75,,,,0.0,0,0,,,,0.0,0,0,,,,0.0,0,0,,,,0.0,0,0,,,,0.0,0,0,,,,0.0,0,0,,,,"{'A': 1.0, 'C': 0.0, 'D': 0.0, 'E': 2.0, 'F': 0.0, 'G': 0.0, 'H': 1.0, 'I': 2.0, 'K': 0.0, 'L': 0.0, 'M': 3.0, 'N': 1.0, 'P': 1.0, 'Q': 0.0, 'R': 0.0, 'S': 0.0, 'T': 0.0, 'V': 3.0, 'W': 0.0, 'Y': 2.0}","{'A': 1, 'C': 0, 'D': 0, 'E': 2, 'F': 0, 'G': 0, 'H': 1, 'I': 2, 'K': 0, 'L': 0, 'M': 3, 'N': 1, 'P': 1, 'Q': 0, 'R': 0, 'S': 0, 'T': 0, 'V': 3, 'W': 0, 'Y': 2}","{'A': 1, 'C': 0, 'D': 0, 'E': 2, 'F': 0, 'G': 0, 'H': 1, 'I': 2, 'K': 0, 'L': 0, 'M': 3, 'N': 1, 'P': 1, 'Q': 0, 'R': 0, 'S': 0, 'T': 0, 'V': 3, 'W': 0, 'Y': 2}",,,,1.71,1.63,1.78,,,,0.43,0.47,0.39,,,,0.83,0.84,0.82,,,,0.41,0.41,0.4,,,,0.3,0.28,0.31,,,,12.15,12.05,12.25,,,,"0 hours, 0 minutes, 48 seconds",,EGFR_patchF,relaxed_filters,default_4stage_multimer
EGFRpH_F_l35_s647729_mpnn19,4stage,35,647729,-0.3,"A431,A434,A436",GQSAHEIVEAVMKAMEEDEKEGKPMEVYINYSENS,"B4,B5,B7,B8,B11,B12,B15,B18,B23,B24,B25,B26,B27,B28,B29,B30,B31,B33",1.28,0.31,0.86,0.81,0.91,,,,0.87,0.85,0.89,,,,0.82,0.77,0.88,,,,0.2,0.25,0.15,,,,0.22,0.27,0.17,,,,0.0,0,0,,,,0.0,0,0,,,,1.5,2,1,,,,0.0,0,0,,,,-84.59,-79.55,-89.64,,,,0.43,0.43,0.43,,,,0.72,0.71,0.74,,,,0.63,0.64,0.62,,,,-68.53,-67.5,-69.55,,,,1707.22,1661.65,1752.78,,,,-4.01,-4.06,-3.97,,,,77.84,74.34,81.33,,,,68.63,70.59,66.67,,,,17.5,17,18,,,,10.5,9,12,,,,59.8,52.94,66.67,,,,4.5,6.0,3.0,,,,25.98,35.29,16.67,,,,0.0,0,0,,,,0.0,0,0,,,,0.0,0,0,,,,0.0,0,0,,,,0.0,0,0,,,,0.0,0,0,,,,"{'A': 1.0, 'C': 0.0, 'D': 1.0, 'E': 2.0, 'F': 0.0, 'G': 0.0, 'H': 1.0, 'I': 2.0, 'K': 0.5, 'L': 0.0, 'M': 3.0, 'N': 1.0, 'P': 1.0, 'Q': 0.0, 'R': 0.0, 'S': 0.0, 'T': 0.0, 'V': 3.0, 'W': 0.0, 'Y': 2.0}","{'A': 1, 'C': 0, 'D': 1, 'E': 2, 'F': 0, 'G': 0, 'H': 1, 'I': 2, 'K': 0, 'L': 0, 'M': 3, 'N': 1, 'P': 1, 'Q': 0, 'R': 0, 'S': 0, 'T': 0, 'V': 3, 'W': 0, 'Y': 2}","{'A': 1, 'C': 0, 'D': 1, 'E': 2, 'F': 0, 'G': 0, 'H': 1, 'I': 2, 'K': 1, 'L': 0, 'M': 3, 'N': 1, 'P': 1, 'Q': 0, 'R': 0, 'S': 0, 'T': 0, 'V': 3, 'W': 0, 'Y': 2}",,,,1.28,1.26,1.3,,,,0.41,0.44,0.38,,,,0.81,0.82,0.81,,,,0.4,0.4,0.4,,,,0.3,0.3,0.3,,,,11.41,12.33,10.49,,,,"0 hours, 0 minutes, 49 seconds",,EGFR_patchF,relaxed_filters,default_4stage_multimer
EGFRpH_F_l33_s788691_mpnn1,4stage,33,788691,-0.3,"A431,A434,A436",PVPKVERVRFTIENEDENGNMVTMVYDMEYPLP,"B6,B7,B8,B9,B10,B11,B12,B13,B14,B15,B21,B23,B26,B28,B30,B32",1.15,0.27,0.81,0.82,0.81,,,,0.85,0.85,0.86,,,,0.77,0.79,0.75,,,,0.28,0.26,0.3,,,,0.3,0.27,0.32,,,,0.0,0,0,,,,0.0,0,0,,,,1.5,2,1,,,,0.0,0,0,,,,-100.38,-102.18,-98.58,,,,0.55,0.55,0.55,,,,0.69,0.7,0.69,,,,0.69,0.69,0.7,,,,-51.74,-49.69,-53.8,,,,1505.2,1551.04,1459.37,,,,-3.45,-3.2,-3.69,,,,58.61,60.58,56.63,,,,50.0,50.0,50.0,,,,16.0,16,16,,,,12.5,12,13,,,,78.12,75.0,81.25,,,,3.0,3.0,3.0,,,,18.75,18.75,18.75,,,,0.0,0,0,,,,0.0,0,0,,,,0.0,0,0,,,,0.0,0,0,,,,0.0,0,0,,,,0.0,0,0,,,,"{'A': 0.0, 'C': 0.0, 'D': 0.0, 'E': 3.0, 'F': 1.0, 'G': 0.5, 'H': 0.0, 'I': 1.0, 'K': 0.0, 'L': 1.0, 'M': 2.0, 'N': 1.0, 'P': 0.0, 'Q': 0.0, 'R': 2.0, 'S': 0.0, 'T': 1.5, 'V': 1.0, 'W': 0.0, 'Y': 2.0}","{'A': 0, 'C': 0, 'D': 0, 'E': 3, 'F': 1, 'G': 1, 'H': 0, 'I': 1, 'K': 0, 'L': 1, 'M': 2, 'N': 1, 'P': 0, 'Q': 0, 'R': 2, 'S': 0, 'T': 1, 'V': 1, 'W': 0, 'Y': 2}","{'A': 0, 'C': 0, 'D': 0, 'E': 3, 'F': 1, 'G': 0, 'H': 0, 'I': 1, 'K': 0, 'L': 1, 'M': 2, 'N': 1, 'P': 0, 'Q': 0, 'R': 2, 'S': 0, 'T': 2, 'V': 1, 'W': 0, 'Y': 2}",,,,2.46,2.42,2.5,,,,0.4,0.46,0.33,,,,0.91,0.9,0.91,,,,0.41,0.41,0.42,,,,0.16,0.16,0.16,,,,2.9,3.08,2.71,,,,"0 hours, 1 minutes, 36 seconds",,EGFR_patchF,relaxed_filters,default_4stage_multimer
EGFRpH_F_l33_s788691_mpnn2,4stage,33,788691,-0.3,"A431,A434,A436",APPKVERVRFTIENEDENGNMVTMVYDMEYPLP,"B6,B7,B8,B9,B10,B11,B12,B13,B14,B15,B21,B23,B26,B28,B30,B32",1.16,0.2,0.83,0.83,0.83,,,,0.85,0.85,0.86,,,,0.78,0.79,0.77,,,,0.27,0.25,0.28,,,,0.29,0.27,0.3,,,,0.0,0,0,,,,0.0,0,0,,,,1.5,2,1,,,,0.0,0,0,,,,-97.75,-97.02,-98.47,,,,0.55,0.55,0.55,,,,0.69,0.67,0.7,,,,0.66,0.64,0.68,,,,-49.87,-49.81,-49.93,,,,1428.35,1422.46,1434.23,,,,-3.49,-3.5,-3.48,,,,56.64,56.32,56.96,,,,51.66,53.33,50.0,,,,15.5,15,16,,,,11.0,11,11,,,,71.04,73.33,68.75,,,,2.5,2.0,3.0,,,,16.04,13.33,18.75,,,,0.0,0,0,,,,0.0,0,0,,,,0.0,0,0,,,,0.0,0,0,,,,0.0,0,0,,,,0.0,0,0,,,,"{'A': 0.0, 'C': 0.0, 'D': 0.0, 'E': 3.0, 'F': 1.0, 'G': 0.0, 'H': 0.0, 'I': 1.0, 'K': 0.0, 'L': 1.0, 'M': 2.0, 'N': 1.0, 'P': 0.0, 'Q': 0.0, 'R': 2.0, 'S': 0.0, 'T': 1.5, 'V': 1.0, 'W': 0.0, 'Y': 2.0}","{'A': 0, 'C': 0, 'D': 0, 'E': 3, 'F': 1, 'G': 0, 'H': 0, 'I': 1, 'K': 0, 'L': 1, 'M': 2, 'N': 1, 'P': 0, 'Q': 0, 'R': 2, 'S': 0, 'T': 1, 'V': 1, 'W': 0, 'Y': 2}","{'A': 0, 'C': 0, 'D': 0, 'E': 3, 'F': 1, 'G': 0, 'H': 0, 'I': 1, 'K': 0, 'L': 1, 'M': 2, 'N': 1, 'P': 0, 'Q': 0, 'R': 2, 'S': 0, 'T': 2, 'V': 1, 'W': 0, 'Y': 2}",,,,2.46,2.41,2.52,,,,0.4,0.47,0.34,,,,0.92,0.91,0.92,,,,0.41,0.41,0.42,,,,0.15,0.15,0.15,,,,2.79,2.95,2.63,,,,"0 hours, 0 minutes, 48 seconds",,EGFR_patchF,relaxed_filters,default_4stage_multimer
EGFRpH_F_l33_s788691_mpnn3,4stage,33,788691,-0.3,"A431,A434,A436",PPPKVERVRFTIENEDENGNMVTMVYDMEYPLP,"B6,B7,B8,B9,B10,B11,B12,B13,B14,B15,B19,B21,B23,B26,B28,B30,B32",1.16,0.27,0.81,0.8,0.82,,,,0.85,0.84,0.86,,,,0.74,0.74,0.75,,,,0.29,0.3,0.29,,,,0.32,0.32,0.32,,,,0.0,0,0,,,,0.0,0,0,,,,2.0,3,1,,,,0.0,0,0,,,,-102.19,-103.46,-100.92,,,,0.55,0.55,0.55,,,,0.71,0.7,0.73,,,,0.7,0.68,0.72,,,,-50.5,-50.09,-50.91,,,,1496.65,1484.86,1508.44,,,,-3.37,-3.37,-3.37,,,,57.66,57.02,58.3,,,,46.87,46.67,47.06,,,,16.0,15,17,,,,11.0,11,11,,,,69.02,73.33,64.71,,,,1.5,1.0,2.0,,,,9.21,6.67,11.76,,,,0.0,0,0,,,,0.0,0,0,,,,0.0,0,0,,,,0.0,0,0,,,,0.0,0,0,,,,0.0,0,0,,,,"{'A': 0.0, 'C': 0.0, 'D': 0.0, 'E': 3.0, 'F': 1.0, 'G': 0.5, 'H': 0.0, 'I': 1.0, 'K': 0.0, 'L': 0.5, 'M': 2.0, 'N': 1.0, 'P': 0.0, 'Q': 0.0, 'R': 2.0, 'S': 0.0, 'T': 2.0, 'V': 1.0, 'W': 0.0, 'Y': 2.0}","{'A': 0, 'C': 0, 'D': 0, 'E': 3, 'F': 1, 'G': 0, 'H': 0, 'I': 1, 'K': 0, 'L': 0, 'M': 2, 'N': 1, 'P': 0, 'Q': 0, 'R': 2, 'S': 0, 'T': 2, 'V': 1, 'W': 0, 'Y': 2}","{'A': 0, 'C': 0, 'D': 0, 'E': 3, 'F': 1, 'G': 1, 'H': 0, 'I': 1, 'K': 0, 'L': 1, 'M': 2, 'N': 1, 'P': 0, 'Q': 0, 'R': 2, 'S': 0, 'T': 2, 'V': 1, 'W': 0, 'Y': 2}",,,,2.59,2.56,2.62,,,,0.4,0.47,0.34,,,,0.91,0.9,0.92,,,,0.41,0.4,0.41,,,,0.15,0.16,0.15,,,,2.93,3.09,2.77,,,,"0 hours, 0 minutes, 47 seconds",,EGFR_patchF,relaxed_filters,default_4stage_multimer
EGFRpH_F_l33_s788691_mpnn6,4stage,33,788691,-0.3,"A431,A434,A436",APPKIERVRFTIENEDENGNMVTMVYDMEYPLP,"B4,B6,B7,B8,B9,B10,B11,B12,B13,B14,B15,B21,B23,B26,B28,B30,B32",1.18,0.2,0.82,0.83,0.82,,,,0.85,0.85,0.86,,,,0.78,0.79,0.76,,,,0.27,0.26,0.28,,,,0.29,0.27,0.31,,,,0.0,0,0,,,,0.0,0,0,,,,1.5,2,1,,,,0.0,0,0,,,,-96.82,-98.09,-95.55,,,,0.55,0.55,0.55,,,,0.69,0.68,0.7,,,,0.69,0.69,0.7,,,,-52.73,-52.39,-53.07,,,,1516.12,1509.81,1522.44,,,,-3.48,-3.47,-3.49,,,,60.81,62.13,59.5,,,,47.06,47.06,47.06,,,,17.0,17,17,,,,11.5,11,12,,,,67.65,64.71,70.59,,,,4.5,5.0,4.0,,,,26.47,29.41,23.53,,,,0.0,0,0,,,,0.0,0,0,,,,0.0,0,0,,,,0.0,0,0,,,,0.0,0,0,,,,0.0,0,0,,,,"{'A': 0.0, 'C': 0.0, 'D': 0.0, 'E': 3.0, 'F': 1.0, 'G': 0.0, 'H': 0.0, 'I': 1.0, 'K': 1.0, 'L': 1.0, 'M': 2.0, 'N': 1.0, 'P': 0.0, 'Q': 0.0, 'R': 2.0, 'S': 0.0, 'T': 2.0, 'V': 1.0, 'W': 0.0, 'Y': 2.0}","{'A': 0, 'C': 0, 'D': 0, 'E': 3, 'F': 1, 'G': 0, 'H': 0, 'I': 1, 'K': 1, 'L': 1, 'M': 2, 'N': 1, 'P': 0, 'Q': 0, 'R': 2, 'S': 0, 'T': 2, 'V': 1, 'W': 0, 'Y': 2}","{'A': 0, 'C': 0, 'D': 0, 'E': 3, 'F': 1, 'G': 0, 'H': 0, 'I': 1, 'K': 1, 'L': 1, 'M': 2, 'N': 1, 'P': 0, 'Q': 0, 'R': 2, 'S': 0, 'T': 2, 'V': 1, 'W': 0, 'Y': 2}",,,,2.08,2.1,2.06,,,,0.4,0.46,0.34,,,,0.91,0.9,0.92,,,,0.41,0.4,0.42,,,,0.15,0.16,0.15,,,,2.75,2.94,2.57,,,,"0 hours, 0 minutes, 48 seconds",,EGFR_patchF,relaxed_filters,default_4stage_multimer
EGFRpH_F_l33_s788691_mpnn7,4stage,33,788691,-0.3,"A431,A434,A436",PPPKIERVRFTIENENENGEMVTMVYDMEYPLP,"B4,B6,B7,B8,B9,B10,B11,B12,B13,B14,B15,B21,B23,B28,B30,B32",1.2,0.33,0.83,0.83,0.83,,,,0.85,0.85,0.86,,,,0.78,0.79,0.77,,,,0.26,0.25,0.27,,,,0.28,0.26,0.3,,,,0.0,0,0,,,,0.0,0,0,,,,1.5,3,0,,,,0.0,0,0,,,,-102.12,-98.14,-106.11,,,,0.55,0.55,0.55,,,,0.67,0.66,0.68,,,,0.61,0.57,0.65,,,,-55.47,-53.39,-57.55,,,,1535.71,1499.56,1571.87,,,,-3.61,-3.56,-3.66,,,,60.94,59.7,62.17,,,,45.41,47.06,43.75,,,,16.5,17,16,,,,13.5,13,14,,,,81.98,76.47,87.5,,,,2.5,2.0,3.0,,,,15.25,11.76,18.75,,,,0.0,0,0,,,,0.0,0,0,,,,0.0,0,0,,,,0.0,0,0,,,,0.0,0,0,,,,0.0,0,0,,,,"{'A': 0.0, 'C': 0.0, 'D': 0.0, 'E': 3.0, 'F': 1.0, 'G': 0.0, 'H': 0.0, 'I': 1.0, 'K': 1.0, 'L': 1.0, 'M': 2.0, 'N': 1.0, 'P': 0.0, 'Q': 0.0, 'R': 2.0, 'S': 0.0, 'T': 2.0, 'V': 1.0, 'W': 0.0, 'Y': 1.5}","{'A': 0, 'C': 0, 'D': 0, 'E': 3, 'F': 1, 'G': 0, 'H': 0, 'I': 1, 'K': 1, 'L': 1, 'M': 2, 'N': 1, 'P': 0, 'Q': 0, 'R': 2, 'S': 0, 'T': 2, 'V': 1, 'W': 0, 'Y': 2}","{'A': 0, 'C': 0, 'D': 0, 'E': 3, 'F': 1, 'G': 0, 'H': 0, 'I': 1, 'K': 1, 'L': 1, 'M': 2, 'N': 1, 'P': 0, 'Q': 0, 'R': 2, 'S': 0, 'T': 2, 'V': 1, 'W': 0, 'Y': 1}",,,,2.06,2.1,2.02,,,,0.4,0.46,0.34,,,,0.89,0.87,0.91,,,,0.4,0.38,0.41,,,,0.16,0.18,0.15,,,,2.91,3.31,2.51,,,,"0 hours, 0 minutes, 44 seconds",,EGFR_patchF,relaxed_filters,default_4stage_multimer
EGFRpH_F_l33_s788691_mpnn8,4stage,33,788691,-0.3,"A431,A434,A436",AVPKVERVRFTIENEDENGKMVTMVYDMEYPLP,"B6,B7,B8,B9,B10,B11,B12,B13,B14,B15,B21,B23,B26,B28,B30,B32",1.22,0.27,0.83,0.84,0.82,,,,0.85,0.85,0.86,,,,0.79,0.81,0.77,,,,0.25,0.23,0.27,,,,0.28,0.25,0.3,,,,0.0,0,0,,,,0.0,0,0,,,,2.0,3,1,,,,0.0,0,0,,,,-92.81,-93.78,-91.84,,,,0.55,0.55,0.55,,,,0.7,0.68,0.72,,,,0.68,0.7,0.65,,,,-51.53,-50.12,-52.94,,,,1499.77,1448.02,1551.52,,,,-3.44,-3.46,-3.41,,,,58.13,57.18,59.08,,,,51.66,53.33,50.0,,,,15.5,15,16,,,,12.5,12,13,,,,80.62,80.0,81.25,,,,3.5,4.0,3.0,,,,22.71,26.67,18.75,,,,0.0,0,0,,,,0.0,0,0,,,,0.0,0,0,,,,0.0,0,0,,,,0.0,0,0,,,,0.0,0,0,,,,"{'A': 0.0, 'C': 0.0, 'D': 0.0, 'E': 3.0, 'F': 1.0, 'G': 0.0, 'H': 0.0, 'I': 1.0, 'K': 0.0, 'L': 1.0, 'M': 2.0, 'N': 1.0, 'P': 0.0, 'Q': 0.0, 'R': 2.0, 'S': 0.0, 'T': 1.5, 'V': 1.0, 'W': 0.0, 'Y': 2.0}","{'A': 0, 'C': 0, 'D': 0, 'E': 3, 'F': 1, 'G': 0, 'H': 0, 'I': 1, 'K': 0, 'L': 1, 'M': 2, 'N': 1, 'P': 0, 'Q': 0, 'R': 2, 'S': 0, 'T': 1, 'V': 1, 'W': 0, 'Y': 2}","{'A': 0, 'C': 0, 'D': 0, 'E': 3, 'F': 1, 'G': 0, 'H': 0, 'I': 1, 'K': 0, 'L': 1, 'M': 2, 'N': 1, 'P': 0, 'Q': 0, 'R': 2, 'S': 0, 'T': 2, 'V': 1, 'W': 0, 'Y': 2}",,,,2.31,2.17,2.46,,,,0.42,0.48,0.35,,,,0.9,0.9,0.9,,,,0.41,0.41,0.41,,,,0.17,0.17,0.17,,,,2.75,2.94,2.56,,,,"0 hours, 0 minutes, 46 seconds",,EGFR_patchF,relaxed_filters,default_4stage_multimer
EGFRpH_F_l33_s788691_mpnn9,4stage,33,788691,-0.3,"A431,A434,A436",PKPKVERVRFTIENEDENGKMVTMVYDMEYPLP,"B4,B6,B7,B8,B9,B10,B11,B12,B13,B14,B15,B21,B23,B26,B28,B30,B32",1.22,0.4,0.84,0.85,0.84,,,,0.85,0.85,0.86,,,,0.8,0.81,0.78,,,,0.25,0.24,0.26,,,,0.27,0.25,0.29,,,,0.0,0,0,,,,0.0,0,0,,,,2.0,3,1,,,,0.0,0,0,,,,-99.33,-98.93,-99.73,,,,0.52,0.52,0.52,,,,0.68,0.66,0.7,,,,0.64,0.67,0.6,,,,-51.7,-49.2,-54.19,,,,1501.75,1448.52,1554.98,,,,-3.44,-3.4,-3.48,,,,56.16,53.69,58.64,,,,50.2,53.33,47.06,,,,16.0,15,17,,,,13.0,12,14,,,,81.17,80.0,82.35,,,,2.5,3.0,2.0,,,,15.88,20.0,11.76,,,,0.0,0,0,,,,0.0,0,0,,,,0.0,0,0,,,,0.0,0,0,,,,0.0,0,0,,,,0.0,0,0,,,,"{'A': 0.0, 'C': 0.0, 'D': 0.0, 'E': 3.0, 'F': 1.0, 'G': 0.0, 'H': 0.0, 'I': 1.0, 'K': 0.5, 'L': 1.0, 'M': 2.0, 'N': 1.0, 'P': 0.0, 'Q': 0.0, 'R': 2.0, 'S': 0.0, 'T': 1.5, 'V': 1.0, 'W': 0.0, 'Y': 2.0}","{'A': 0, 'C': 0, 'D': 0, 'E': 3, 'F': 1, 'G': 0, 'H': 0, 'I': 1, 'K': 0, 'L': 1, 'M': 2, 'N': 1, 'P': 0, 'Q': 0, 'R': 2, 'S': 0, 'T': 1, 'V': 1, 'W': 0, 'Y': 2}","{'A': 0, 'C': 0, 'D': 0, 'E': 3, 'F': 1, 'G': 0, 'H': 0, 'I': 1, 'K': 1, 'L': 1, 'M': 2, 'N': 1, 'P': 0, 'Q': 0, 'R': 2, 'S': 0, 'T': 2, 'V': 1, 'W': 0, 'Y': 2}",,,,2.54,2.48,2.6,,,,0.4,0.47,0.34,,,,0.9,0.9,0.9,,,,0.41,0.4,0.41,,,,0.17,0.17,0.17,,,,2.88,3.14,2.61,,,,"0 hours, 0 minutes, 46 seconds",,EGFR_patchF,relaxed_filters,default_4stage_multimer
EGFRpH_F_l33_s788691_mpnn10,4stage,33,788691,-0.3,"A431,A434,A436",APPKIERVRFTIENEDENGEMVTMVYDMEYPLP,"B4,B6,B7,B8,B9,B10,B11,B12,B13,B14,B15,B21,B26,B28,B30,B32",1.24,0.2,0.83,0.84,0.82,,,,0.85,0.85,0.86,,,,0.78,0.8,0.76,,,,0.27,0.24,0.29,,,,0.28,0.25,0.31,,,,0.0,0,0,,,,0.0,0,0,,,,2.0,3,1,,,,0.0,0,0,,,,-95.77,-96.23,-95.31,,,,0.55,0.55,0.55,,,,0.67,0.67,0.67,,,,0.6,0.55,0.66,,,,-52.25,-51.7,-52.79,,,,1584.87,1569.91,1599.82,,,,-3.29,-3.29,-3.3,,,,63.41,63.06,63.75,,,,50.0,50.0,50.0,,,,16.0,16,16,,,,12.5,13,12,,,,78.12,81.25,75.0,,,,3.0,4.0,2.0,,,,18.75,25.0,12.5,,,,0.0,0,0,,,,0.0,0,0,,,,0.0,0,0,,,,0.0,0,0,,,,0.0,0,0,,,,0.0,0,0,,,,"{'A': 0.0, 'C': 0.0, 'D': 0.0, 'E': 3.0, 'F': 1.0, 'G': 0.0, 'H': 0.0, 'I': 1.0, 'K': 1.0, 'L': 1.0, 'M': 2.0, 'N': 1.0, 'P': 0.0, 'Q': 0.0, 'R': 2.0, 'S': 0.0, 'T': 1.0, 'V': 1.0, 'W': 0.0, 'Y': 2.0}","{'A': 0, 'C': 0, 'D': 0, 'E': 3, 'F': 1, 'G': 0, 'H': 0, 'I': 1, 'K': 1, 'L': 1, 'M': 2, 'N': 1, 'P': 0, 'Q': 0, 'R': 2, 'S': 0, 'T': 1, 'V': 1, 'W': 0, 'Y': 2}","{'A': 0, 'C': 0, 'D': 0, 'E': 3, 'F': 1, 'G': 0, 'H': 0, 'I': 1, 'K': 1, 'L': 1, 'M': 2, 'N': 1, 'P': 0, 'Q': 0, 'R': 2, 'S': 0, 'T': 1, 'V': 1, 'W': 0, 'Y': 2}",,,,2.06,2.07,2.05,,,,0.4,0.46,0.33,,,,0.91,0.9,0.92,,,,0.41,0.4,0.42,,,,0.16,0.17,0.15,,,,2.63,2.87,2.4,,,,"0 hours, 0 minutes, 43 seconds",,EGFR_patchF,relaxed_filters,default_4stage_multimer
EGFRpH_F_l33_s788691_mpnn11,4stage,33,788691,-0.3,"A431,A434,A436",PVPKVERVRFTIENEDEEGKMVTMVYDMEYPLP,"B6,B7,B8,B9,B10,B11,B12,B13,B14,B15,B21,B23,B26,B28,B30,B32",1.25,0.4,0.82,0.84,0.8,,,,0.85,0.85,0.86,,,,0.77,0.8,0.74,,,,0.28,0.24,0.31,,,,0.3,0.26,0.34,,,,0.0,0,0,,,,0.0,0,0,,,,2.0,3,1,,,,0.0,0,0,,,,-97.67,-99.94,-95.4,,,,0.55,0.55,0.55,,,,0.69,0.67,0.71,,,,0.66,0.62,0.69,,,,-51.64,-50.87,-52.41,,,,1514.88,1490.55,1539.22,,,,-3.41,-3.41,-3.4,,,,57.92,57.03,58.82,,,,50.0,50.0,50.0,,,,16.0,16,16,,,,12.5,12,13,,,,78.12,75.0,81.25,,,,3.0,3.0,3.0,,,,18.75,18.75,18.75,,,,0.0,0,0,,,,0.0,0,0,,,,0.0,0,0,,,,0.0,0,0,,,,0.0,0,0,,,,0.0,0,0,,,,"{'A': 0.0, 'C': 0.0, 'D': 0.0, 'E': 3.0, 'F': 1.0, 'G': 0.0, 'H': 0.0, 'I': 1.0, 'K': 0.0, 'L': 1.0, 'M': 2.0, 'N': 1.0, 'P': 0.0, 'Q': 0.0, 'R': 2.0, 'S': 0.0, 'T': 2.0, 'V': 1.0, 'W': 0.0, 'Y': 2.0}","{'A': 0, 'C': 0, 'D': 0, 'E': 3, 'F': 1, 'G': 0, 'H': 0, 'I': 1, 'K': 0, 'L': 1, 'M': 2, 'N': 1, 'P': 0, 'Q': 0, 'R': 2, 'S': 0, 'T': 2, 'V': 1, 'W': 0, 'Y': 2}","{'A': 0, 'C': 0, 'D': 0, 'E': 3, 'F': 1, 'G': 0, 'H': 0, 'I': 1, 'K': 0, 'L': 1, 'M': 2, 'N': 1, 'P': 0, 'Q': 0, 'R': 2, 'S': 0, 'T': 2, 'V': 1, 'W': 0, 'Y': 2}",,,,2.37,2.29,2.44,,,,0.39,0.46,0.32,,,,0.89,0.88,0.89,,,,0.4,0.39,0.4,,,,0.18,0.19,0.18,,,,2.82,3.03,2.61,,,,"0 hours, 0 minutes, 46 seconds",,EGFR_patchF,relaxed_filters,default_4stage_multimer
EGFRpH_F_l41_s797263_mpnn6,4stage,41,797263,-0.3,"A431,A434,A436",SMVTIEVLAPFDDPEYWEEVRKQVEEALKTGDYTVVIKQAP,"B2,B5,B7,B9,B11,B12,B14,B17,B20,B21,B24,B28,B31,B32,B33,B34,B35,B36,B37,B38,B39",0.97,0.33,0.91,0.9,0.91,,,,0.88,0.87,0.89,,,,0.88,0.87,0.89,,,,0.15,0.16,0.15,,,,0.17,0.17,0.16,,,,0.0,0,0,,,,0.0,0,0,,,,1.5,2,1,,,,0.0,0,0,,,,-127.53,-126.13,-128.93,,,,0.49,0.5,0.48,,,,0.7,0.7,0.7,,,,0.67,0.71,0.62,,,,-72.3,-70.94,-73.65,,,,1737.26,1730.2,1744.33,,,,-4.16,-4.1,-4.22,,,,70.7,69.46,71.95,,,,66.67,66.67,66.67,,,,21.0,21,21,,,,9.0,8,10,,,,42.86,38.1,47.62,,,,5.0,5.0,5.0,,,,23.81,23.81,23.81,,,,0.0,0,0,,,,0.0,0,0,,,,0.0,0,0,,,,0.0,0,0,,,,0.0,0,0,,,,0.0,0,0,,,,"{'A': 1.0, 'C': 0.0, 'D': 2.0, 'E': 0.0, 'F': 1.0, 'G': 1.0, 'H': 0.0, 'I': 2.0, 'K': 1.0, 'L': 1.0, 'M': 1.0, 'N': 0.0, 'P': 1.0, 'Q': 1.0, 'R': 1.0, 'S': 0.0, 'T': 1.0, 'V': 5.0, 'W': 1.0, 'Y': 1.0}","{'A': 1, 'C': 0, 'D': 2, 'E': 0, 'F': 1, 'G': 1, 'H': 0, 'I': 2, 'K': 1, 'L': 1, 'M': 1, 'N': 0, 'P': 1, 'Q': 1, 'R': 1, 'S': 0, 'T': 1, 'V': 5, 'W': 1, 'Y': 1}","{'A': 1, 'C': 0, 'D': 2, 'E': 0, 'F': 1, 'G': 1, 'H': 0, 'I': 2, 'K': 1, 'L': 1, 'M': 1, 'N': 0, 'P': 1, 'Q': 1, 'R': 1, 'S': 0, 'T': 1, 'V': 5, 'W': 1, 'Y': 1}",,,,1.22,1.12,1.31,,,,0.4,0.42,0.38,,,,0.79,0.81,0.77,,,,0.49,0.5,0.48,,,,0.18,0.17,0.19,,,,2.48,2.28,2.69,,,,"0 hours, 1 minutes, 10 seconds",,EGFR_patchF,relaxed_filters,default_4stage_multimer
EGFRpH_F_l41_s190450_mpnn1,4stage,41,190450,-0.3,"A431,A434,A436",MEKIVFERMVYDGKMDPEVIEALKKDPENVIFENIVIVPAP,"B9,B11,B13,B14,B15,B19,B20,B23,B24,B27,B31,B32,B33,B34,B35,B36,B37,B38,B39",0.96,0.43,0.88,0.86,0.9,,,,0.88,0.86,0.89,,,,0.84,0.82,0.86,,,,0.18,0.2,0.16,,,,0.19,0.21,0.17,,,,0.0,0,0,,,,0.0,0,0,,,,0.0,0,0,,,,0.0,0,0,,,,-121.32,-118.85,-123.8,,,,0.56,0.55,0.56,,,,0.74,0.74,0.75,,,,0.65,0.62,0.68,,,,-70.84,-70.7,-70.97,,,,1720.78,1774.72,1666.84,,,,-4.12,-3.98,-4.26,,,,64.0,65.84,62.17,,,,73.68,73.68,73.68,,,,19.0,19,19,,,,11.5,12,11,,,,60.52,63.16,57.89,,,,4.0,3.0,5.0,,,,21.05,15.79,26.32,,,,0.0,0,0,,,,0.0,0,0,,,,0.0,0,0,,,,0.0,0,0,,,,0.0,0,0,,,,0.0,0,0,,,,"{'A': 0.0, 'C': 0.0, 'D': 0.0, 'E': 1.5, 'F': 1.0, 'G': 0.5, 'H': 0.0, 'I': 4.0, 'K': 2.0, 'L': 1.0, 'M': 2.0, 'N': 1.0, 'P': 2.0, 'Q': 0.0, 'R': 0.0, 'S': 0.0, 'T': 0.0, 'V': 3.0, 'W': 0.0, 'Y': 1.0}","{'A': 0, 'C': 0, 'D': 0, 'E': 2, 'F': 1, 'G': 0, 'H': 0, 'I': 4, 'K': 2, 'L': 1, 'M': 2, 'N': 1, 'P': 2, 'Q': 0, 'R': 0, 'S': 0, 'T': 0, 'V': 3, 'W': 0, 'Y': 1}","{'A': 0, 'C': 0, 'D': 0, 'E': 1, 'F': 1, 'G': 1, 'H': 0, 'I': 4, 'K': 2, 'L': 1, 'M': 2, 'N': 1, 'P': 2, 'Q': 0, 'R': 0, 'S': 0, 'T': 0, 'V': 3, 'W': 0, 'Y': 1}",,,,0.94,0.83,1.04,,,,0.38,0.42,0.34,,,,0.78,0.8,0.75,,,,0.46,0.47,0.45,,,,0.21,0.21,0.22,,,,2.96,3.32,2.59,,,,"0 hours, 1 minutes, 38 seconds",,EGFR_patchF,relaxed_filters,default_4stage_multimer
EGFRpH_F_l41_s190450_mpnn2,4stage,41,190450,-0.3,"A431,A434,A436",MEPIVFERMVYDGKMDPEVIKALKENPEKVIFENIVIVPPP,"B8,B9,B11,B13,B14,B15,B19,B20,B23,B24,B27,B31,B32,B33,B34,B35,B36,B37,B38,B39",0.96,0.38,0.9,0.89,0.91,,,,0.88,0.86,0.89,,,,0.85,0.84,0.87,,,,0.16,0.18,0.15,,,,0.18,0.19,0.17,,,,0.0,0,0,,,,0.0,0,0,,,,0.0,0,0,,,,0.0,0,0,,,,-129.37,-129.64,-129.1,,,,0.59,0.59,0.59,,,,0.72,0.71,0.73,,,,0.64,0.64,0.63,,,,-67.33,-67.29,-67.36,,,,1623.33,1605.13,1641.52,,,,-4.14,-4.19,-4.1,,,,61.38,60.1,62.65,,,,73.89,77.78,70.0,,,,19.0,18,20,,,,11.0,11,11,,,,58.05,61.11,55.0,,,,2.5,2.0,3.0,,,,13.05,11.11,15.0,,,,0.0,0,0,,,,0.0,0,0,,,,0.0,0,0,,,,0.0,0,0,,,,0.0,0,0,,,,0.0,0,0,,,,"{'A': 0.0, 'C': 0.0, 'D': 0.0, 'E': 1.0, 'F': 1.0, 'G': 0.5, 'H': 0.0, 'I': 4.0, 'K': 2.0, 'L': 1.0, 'M': 2.0, 'N': 1.0, 'P': 2.0, 'Q': 0.0, 'R': 0.5, 'S': 0.0, 'T': 0.0, 'V': 3.0, 'W': 0.0, 'Y': 1.0}","{'A': 0, 'C': 0, 'D': 0, 'E': 1, 'F': 1, 'G': 0, 'H': 0, 'I': 4, 'K': 2, 'L': 1, 'M': 2, 'N': 1, 'P': 2, 'Q': 0, 'R': 0, 'S': 0, 'T': 0, 'V': 3, 'W': 0, 'Y': 1}","{'A': 0, 'C': 0, 'D': 0, 'E': 1, 'F': 1, 'G': 1, 'H': 0, 'I': 4, 'K': 2, 'L': 1, 'M': 2, 'N': 1, 'P': 2, 'Q': 0, 'R': 1, 'S': 0, 'T': 0, 'V': 3, 'W': 0, 'Y': 1}",,,,0.94,0.91,0.96,,,,0.39,0.42,0.36,,,,0.79,0.8,0.78,,,,0.46,0.45,0.47,,,,0.21,0.23,0.19,,,,3.43,4.24,2.62,,,,"0 hours, 0 minutes, 51 seconds",,EGFR_patchF,relaxed_filters,default_4stage_multimer
EGFRpH_F_l41_s190450_mpnn3,4stage,41,190450,-0.3,"A431,A434,A436",MKPIVYERMVYDGKMDPKVIEDLKKNPEKVIFENIVIVPAP,"B8,B9,B11,B13,B14,B15,B19,B20,B23,B24,B27,B30,B31,B32,B33,B34,B35,B36,B37,B38,B39",0.99,0.43,0.91,0.9,0.92,,,,0.88,0.86,0.89,,,,0.86,0.85,0.87,,,,0.16,0.17,0.15,,,,0.17,0.19,0.16,,,,0.0,0,0,,,,0.0,0,0,,,,0.0,0,0,,,,0.0,0,0,,,,-120.74,-122.04,-119.44,,,,0.58,0.57,0.59,,,,0.73,0.72,0.74,,,,0.62,0.56,0.68,,,,-70.43,-66.77,-74.09,,,,1671.94,1646.02,1697.87,,,,-4.21,-4.06,-4.36,,,,60.76,58.71,62.81,,,,72.56,73.68,71.43,,,,20.0,19,21,,,,10.5,10,11,,,,52.51,52.63,52.38,,,,4.0,3.0,5.0,,,,19.8,15.79,23.81,,,,0.0,0,0,,,,0.0,0,0,,,,0.0,0,0,,,,0.0,0,0,,,,0.0,0,0,,,,0.0,0,0,,,,"{'A': 0.0, 'C': 0.0, 'D': 0.0, 'E': 1.0, 'F': 1.0, 'G': 1.0, 'H': 0.0, 'I': 4.0, 'K': 2.0, 'L': 1.0, 'M': 2.0, 'N': 1.0, 'P': 2.0, 'Q': 0.0, 'R': 0.5, 'S': 0.0, 'T': 0.0, 'V': 3.5, 'W': 0.0, 'Y': 1.0}","{'A': 0, 'C': 0, 'D': 0, 'E': 1, 'F': 1, 'G': 1, 'H': 0, 'I': 4, 'K': 2, 'L': 1, 'M': 2, 'N': 1, 'P': 2, 'Q': 0, 'R': 0, 'S': 0, 'T': 0, 'V': 3, 'W': 0, 'Y': 1}","{'A': 0, 'C': 0, 'D': 0, 'E': 1, 'F': 1, 'G': 1, 'H': 0, 'I': 4, 'K': 2, 'L': 1, 'M': 2, 'N': 1, 'P': 2, 'Q': 0, 'R': 1, 'S': 0, 'T': 0, 'V': 4, 'W': 0, 'Y': 1}",,,,0.97,0.94,1.01,,,,0.38,0.42,0.33,,,,0.79,0.82,0.77,,,,0.49,0.51,0.47,,,,0.2,0.19,0.2,,,,2.71,2.79,2.63,,,,"0 hours, 0 minutes, 51 seconds",,EGFR_patchF,relaxed_filters,default_4stage_multimer
EGFRpH_F_l41_s190450_mpnn4,4stage,41,190450,-0.3,"A431,A434,A436",MEKIVFERMVYDGKMDPKVIEELKKNPENVIFENIVIVPAP,"B9,B11,B13,B14,B15,B19,B20,B23,B24,B27,B30,B31,B32,B33,B34,B35,B36,B37,B38,B39",0.99,0.38,0.88,0.87,0.89,,,,0.88,0.86,0.89,,,,0.84,0.83,0.86,,,,0.17,0.19,0.16,,,,0.2,0.21,0.18,,,,0.0,0,0,,,,0.0,0,0,,,,0.0,0,0,,,,0.0,0,0,,,,-118.0,-120.53,-115.47,,,,0.56,0.56,0.56,,,,0.76,0.76,0.76,,,,0.63,0.66,0.6,,,,-74.48,-72.99,-75.97,,,,1700.38,1671.5,1729.26,,,,-4.38,-4.37,-4.39,,,,63.91,63.84,63.97,,,,72.5,70.0,75.0,,,,20.0,20,20,,,,13.0,13,13,,,,65.0,65.0,65.0,,,,3.0,3.0,3.0,,,,15.0,15.0,15.0,,,,0.0,0,0,,,,0.0,0,0,,,,0.0,0,0,,,,0.0,0,0,,,,0.0,0,0,,,,0.0,0,0,,,,"{'A': 0.0, 'C': 0.0, 'D': 0.0, 'E': 1.0, 'F': 1.0, 'G': 1.0, 'H': 0.0, 'I': 4.0, 'K': 2.0, 'L': 1.0, 'M': 2.0, 'N': 1.0, 'P': 2.0, 'Q': 0.0, 'R': 0.5, 'S': 0.0, 'T': 0.0, 'V': 3.5, 'W': 0.0, 'Y': 1.0}","{'A': 0, 'C': 0, 'D': 0, 'E': 1, 'F': 1, 'G': 1, 'H': 0, 'I': 4, 'K': 2, 'L': 1, 'M': 2, 'N': 1, 'P': 2, 'Q': 0, 'R': 1, 'S': 0, 'T': 0, 'V': 3, 'W': 0, 'Y': 1}","{'A': 0, 'C': 0, 'D': 0, 'E': 1, 'F': 1, 'G': 1, 'H': 0, 'I': 4, 'K': 2, 'L': 1, 'M': 2, 'N': 1, 'P': 2, 'Q': 0, 'R': 0, 'S': 0, 'T': 0, 'V': 4, 'W': 0, 'Y': 1}",,,,1.04,0.93,1.15,,,,0.37,0.41,0.33,,,,0.79,0.81,0.77,,,,0.47,0.48,0.46,,,,0.2,0.2,0.2,,,,3.03,3.31,2.75,,,,"0 hours, 0 minutes, 50 seconds",,EGFR_patchF,relaxed_filters,default_4stage_multimer
EGFRpH_F_l41_s190450_mpnn5,4stage,41,190450,-0.3,"A431,A434,A436",MKPIVFKRMVYDGKMDPEVIEALKKNPEKVIFENIVIVPAP,"B8,B9,B11,B13,B14,B15,B19,B20,B23,B24,B27,B31,B32,B33,B34,B35,B36,B37,B38,B39",0.99,0.33,0.89,0.87,0.91,,,,0.88,0.86,0.89,,,,0.84,0.82,0.87,,,,0.17,0.19,0.15,,,,0.19,0.21,0.17,,,,0.0,0,0,,,,0.0,0,0,,,,0.0,0,0,,,,0.0,0,0,,,,-122.09,-119.35,-124.84,,,,0.57,0.57,0.57,,,,0.72,0.71,0.73,,,,0.58,0.56,0.61,,,,-66.85,-65.69,-68.02,,,,1641.86,1676.02,1607.69,,,,-4.08,-3.92,-4.23,,,,59.98,60.94,59.03,,,,70.0,70.0,70.0,,,,20.0,20,20,,,,11.0,12,10,,,,55.0,60.0,50.0,,,,3.0,3.0,3.0,,,,15.0,15.0,15.0,,,,0.0,0,0,,,,0.0,0,0,,,,0.0,0,0,,,,0.0,0,0,,,,0.0,0,0,,,,0.0,0,0,,,,"{'A': 0.0, 'C': 0.0, 'D': 0.0, 'E': 1.0, 'F': 1.0, 'G': 0.5, 'H': 0.0, 'I': 4.0, 'K': 2.5, 'L': 1.0, 'M': 2.0, 'N': 1.0, 'P': 2.0, 'Q': 0.0, 'R': 1.0, 'S': 0.0, 'T': 0.0, 'V': 3.0, 'W': 0.0, 'Y': 1.0}","{'A': 0, 'C': 0, 'D': 0, 'E': 1, 'F': 1, 'G': 0, 'H': 0, 'I': 4, 'K': 3, 'L': 1, 'M': 2, 'N': 1, 'P': 2, 'Q': 0, 'R': 1, 'S': 0, 'T': 0, 'V': 3, 'W': 0, 'Y': 1}","{'A': 0, 'C': 0, 'D': 0, 'E': 1, 'F': 1, 'G': 1, 'H': 0, 'I': 4, 'K': 2, 'L': 1, 'M': 2, 'N': 1, 'P': 2, 'Q': 0, 'R': 1, 'S': 0, 'T': 0, 'V': 3, 'W': 0, 'Y': 1}",,,,0.95,0.89,1.0,,,,0.37,0.41,0.33,,,,0.76,0.77,0.74,,,,0.44,0.44,0.44,,,,0.22,0.23,0.21,,,,2.73,2.86,2.6,,,,"0 hours, 0 minutes, 49 seconds",,EGFR_patchF,relaxed_filters,default_4stage_multimer
EGFRpH_F_l41_s190450_mpnn6,4stage,41,190450,-0.3,"A431,A434,A436",MKPIVFERMVYDGKMDPEVIEALKKDPEKVIFENIVIVPPP,"B8,B9,B11,B13,B14,B15,B19,B20,B23,B24,B27,B31,B32,B33,B34,B35,B36,B37,B38,B39",1.0,0.43,0.9,0.88,0.91,,,,0.87,0.86,0.88,,,,0.85,0.83,0.87,,,,0.17,0.19,0.15,,,,0.19,0.21,0.17,,,,0.0,0,0,,,,0.0,0,0,,,,0.0,0,0,,,,0.0,0,0,,,,-129.5,-129.49,-129.51,,,,0.57,0.57,0.57,,,,0.75,0.76,0.74,,,,0.63,0.62,0.64,,,,-69.5,-70.2,-68.8,,,,1637.23,1620.58,1653.88,,,,-4.25,-4.33,-4.16,,,,58.95,58.83,59.08,,,,70.0,70.0,70.0,,,,20.0,20,20,,,,11.5,12,11,,,,57.5,60.0,55.0,,,,2.5,2.0,3.0,,,,12.5,10.0,15.0,,,,0.0,0,0,,,,0.0,0,0,,,,0.0,0,0,,,,0.0,0,0,,,,0.0,0,0,,,,0.0,0,0,,,,"{'A': 0.0, 'C': 0.0, 'D': 0.0, 'E': 1.0, 'F': 1.0, 'G': 1.0, 'H': 0.0, 'I': 4.0, 'K': 2.0, 'L': 1.0, 'M': 2.0, 'N': 1.0, 'P': 2.0, 'Q': 0.0, 'R': 1.0, 'S': 0.0, 'T': 0.0, 'V': 3.0, 'W': 0.0, 'Y': 1.0}","{'A': 0, 'C': 0, 'D': 0, 'E': 1, 'F': 1, 'G': 1, 'H': 0, 'I': 4, 'K': 2, 'L': 1, 'M': 2, 'N': 1, 'P': 2, 'Q': 0, 'R': 1, 'S': 0, 'T': 0, 'V': 3, 'W': 0, 'Y': 1}","{'A': 0, 'C': 0, 'D': 0, 'E': 1, 'F': 1, 'G': 1, 'H': 0, 'I': 4, 'K': 2, 'L': 1, 'M': 2, 'N': 1, 'P': 2, 'Q': 0, 'R': 1, 'S': 0, 'T': 0, 'V': 3, 'W': 0, 'Y': 1}",,,,0.93,0.9,0.96,,,,0.38,0.42,0.35,,,,0.77,0.79,0.75,,,,0.45,0.45,0.45,,,,0.21,0.22,0.21,,,,2.84,3.1,2.58,,,,"0 hours, 0 minutes, 49 seconds",,EGFR_patchF,relaxed_filters,default_4stage_multimer
EGFRpH_F_l41_s190450_mpnn7,4stage,41,190450,-0.3,"A431,A434,A436",MKPIVFKRMVYDGKMDPEVIKALKENPENVIFENIVIVPAP,"B9,B11,B13,B14,B15,B19,B20,B23,B24,B27,B31,B32,B33,B34,B35,B36,B37,B38,B39",1.0,0.38,0.9,0.88,0.91,,,,0.88,0.86,0.89,,,,0.85,0.83,0.87,,,,0.17,0.19,0.15,,,,0.18,0.2,0.17,,,,0.0,0,0,,,,0.0,0,0,,,,0.0,0,0,,,,0.0,0,0,,,,-125.56,-126.92,-124.19,,,,0.59,0.57,0.61,,,,0.72,0.72,0.73,,,,0.65,0.7,0.59,,,,-68.56,-72.14,-64.98,,,,1669.59,1632.58,1706.59,,,,-4.12,-4.42,-3.81,,,,61.74,60.03,63.45,,,,73.68,73.68,73.68,,,,19.0,19,19,,,,12.0,11,13,,,,63.16,57.89,68.42,,,,3.0,3.0,3.0,,,,15.79,15.79,15.79,,,,0.0,0,0,,,,0.0,0,0,,,,0.0,0,0,,,,0.0,0,0,,,,0.0,0,0,,,,0.0,0,0,,,,"{'A': 0.0, 'C': 0.0, 'D': 0.0, 'E': 1.0, 'F': 1.0, 'G': 0.5, 'H': 0.0, 'I': 4.0, 'K': 2.0, 'L': 1.0, 'M': 2.0, 'N': 1.0, 'P': 2.0, 'Q': 0.0, 'R': 0.5, 'S': 0.0, 'T': 0.0, 'V': 3.0, 'W': 0.0, 'Y': 1.0}","{'A': 0, 'C': 0, 'D': 0, 'E': 1, 'F': 1, 'G': 0, 'H': 0, 'I': 4, 'K': 2, 'L': 1, 'M': 2, 'N': 1, 'P': 2, 'Q': 0, 'R': 1, 'S': 0, 'T': 0, 'V': 3, 'W': 0, 'Y': 1}","{'A': 0, 'C': 0, 'D': 0, 'E': 1, 'F': 1, 'G': 1, 'H': 0, 'I': 4, 'K': 2, 'L': 1, 'M': 2, 'N': 1, 'P': 2, 'Q': 0, 'R': 0, 'S': 0, 'T': 0, 'V': 3, 'W': 0, 'Y': 1}",,,,0.87,0.85,0.89,,,,0.37,0.41,0.33,,,,0.77,0.79,0.75,,,,0.46,0.47,0.46,,,,0.21,0.21,0.2,,,,2.65,2.77,2.53,,,,"0 hours, 0 minutes, 50 seconds",,EGFR_patchF,relaxed_filters,default_4stage_multimer
EGFRpH_F_l41_s190450_mpnn8,4stage,41,190450,-0.3,"A431,A434,A436",MEPIVFERMVYDGKMDPEVIKALKEHPEKVIFENIVIVPAP,"B9,B11,B13,B14,B15,B19,B20,B23,B24,B27,B28,B31,B32,B33,B34,B35,B36,B37,B38,B39",1.0,0.33,0.91,0.89,0.92,,,,0.88,0.86,0.89,,,,0.86,0.84,0.88,,,,0.16,0.18,0.15,,,,0.18,0.2,0.16,,,,0.0,0,0,,,,0.0,0,0,,,,0.0,0,0,,,,0.0,0,0,,,,-121.75,-123.84,-119.65,,,,0.59,0.59,0.59,,,,0.74,0.74,0.75,,,,0.62,0.62,0.62,,,,-73.44,-74.69,-72.2,,,,1710.54,1642.4,1778.68,,,,-4.3,-4.55,-4.06,,,,64.17,61.8,66.54,,,,71.84,73.68,70.0,,,,19.5,19,20,,,,13.0,13,13,,,,66.71,68.42,65.0,,,,3.0,3.0,3.0,,,,15.39,15.79,15.0,,,,0.0,0,0,,,,0.0,0,0,,,,0.0,0,0,,,,0.0,0,0,,,,0.0,0,0,,,,0.0,0,0,,,,"{'A': 0.0, 'C': 0.0, 'D': 0.0, 'E': 1.5, 'F': 1.0, 'G': 0.5, 'H': 0.0, 'I': 4.0, 'K': 2.0, 'L': 1.0, 'M': 2.0, 'N': 1.0, 'P': 2.0, 'Q': 0.0, 'R': 0.5, 'S': 0.0, 'T': 0.0, 'V': 3.0, 'W': 0.0, 'Y': 1.0}","{'A': 0, 'C': 0, 'D': 0, 'E': 1, 'F': 1, 'G': 0, 'H': 0, 'I': 4, 'K': 2, 'L': 1, 'M': 2, 'N': 1, 'P': 2, 'Q': 0, 'R': 1, 'S': 0, 'T': 0, 'V': 3, 'W': 0, 'Y': 1}","{'A': 0, 'C': 0, 'D': 0, 'E': 2, 'F': 1, 'G': 1, 'H': 0, 'I': 4, 'K': 2, 'L': 1, 'M': 2, 'N': 1, 'P': 2, 'Q': 0, 'R': 0, 'S': 0, 'T': 0, 'V': 3, 'W': 0, 'Y': 1}",,,,1.04,1.02,1.07,,,,0.38,0.41,0.34,,,,0.77,0.77,0.76,,,,0.46,0.45,0.47,,,,0.22,0.23,0.2,,,,2.83,3.05,2.62,,,,"0 hours, 0 minutes, 50 seconds",,EGFR_patchF,relaxed_filters,default_4stage_multimer
EGFRpH_F_l41_s190450_mpnn9,4stage,41,190450,-0.3,"A431,A434,A436",MKPIVFKRMVYDGKMDPEVIEALKKDPENVIFENIVIVPPP,"B8,B9,B11,B13,B14,B15,B19,B20,B23,B24,B27,B31,B32,B33,B34,B35,B36,B37,B38,B39",1.0,0.48,0.9,0.88,0.91,,,,0.88,0.86,0.89,,,,0.85,0.83,0.87,,,,0.17,0.19,0.15,,,,0.19,0.21,0.17,,,,0.0,0,0,,,,0.0,0,0,,,,0.0,0,0,,,,0.0,0,0,,,,-127.3,-127.72,-126.88,,,,0.59,0.57,0.61,,,,0.73,0.76,0.71,,,,0.69,0.69,0.7,,,,-70.0,-75.0,-65.01,,,,1618.86,1657.39,1580.33,,,,-4.32,-4.53,-4.11,,,,57.14,58.41,55.87,,,,71.84,73.68,70.0,,,,19.5,19,20,,,,11.5,13,10,,,,59.21,68.42,50.0,,,,2.0,2.0,2.0,,,,10.27,10.53,10.0,,,,0.0,0,0,,,,0.0,0,0,,,,0.0,0,0,,,,0.0,0,0,,,,0.0,0,0,,,,0.0,0,0,,,,"{'A': 0.0, 'C': 0.0, 'D': 0.0, 'E': 1.0, 'F': 1.0, 'G': 1.0, 'H': 0.0, 'I': 4.0, 'K': 2.0, 'L': 1.0, 'M': 2.0, 'N': 1.0, 'P': 2.0, 'Q': 0.0, 'R': 0.5, 'S': 0.0, 'T': 0.0, 'V': 3.0, 'W': 0.0, 'Y': 1.0}","{'A': 0, 'C': 0, 'D': 0, 'E': 1, 'F': 1, 'G': 1, 'H': 0, 'I': 4, 'K': 2, 'L': 1, 'M': 2, 'N': 1, 'P': 2, 'Q': 0, 'R': 0, 'S': 0, 'T': 0, 'V': 3, 'W': 0, 'Y': 1}","{'A': 0, 'C': 0, 'D': 0, 'E': 1, 'F': 1, 'G': 1, 'H': 0, 'I': 4, 'K': 2, 'L': 1, 'M': 2, 'N': 1, 'P': 2, 'Q': 0, 'R': 1, 'S': 0, 'T': 0, 'V': 3, 'W': 0, 'Y': 1}",,,,0.88,0.82,0.94,,,,0.38,0.42,0.35,,,,0.77,0.79,0.74,,,,0.43,0.43,0.43,,,,0.24,0.26,0.22,,,,4.83,7.05,2.61,,,,"0 hours, 0 minutes, 49 seconds",,EGFR_patchF,relaxed_filters,default_4stage_multimer
EGFRpH_F_l41_s190450_mpnn10,4stage,41,190450,-0.3,"A431,A434,A436",MKPIVYERMVYDGKMDPKVIEDLKKHPEKVIFENIVIVPPK,"B9,B11,B14,B15,B19,B20,B23,B24,B27,B31,B32,B33,B34,B35,B36,B37,B38,B39,B40",1.0,0.43,0.91,0.89,0.93,,,,0.88,0.86,0.89,,,,0.86,0.84,0.88,,,,0.16,0.18,0.14,,,,0.18,0.2,0.16,,,,0.0,0,0,,,,0.0,0,0,,,,0.0,0,0,,,,0.0,0,0,,,,-124.89,-123.66,-126.13,,,,0.55,0.54,0.55,,,,0.73,0.72,0.74,,,,0.61,0.63,0.6,,,,-69.12,-65.23,-73.02,,,,1624.56,1548.21,1700.91,,,,-4.25,-4.21,-4.29,,,,56.3,53.3,59.29,,,,76.31,73.68,78.95,,,,19.0,19,19,,,,10.0,9,11,,,,52.63,47.37,57.89,,,,4.0,3.0,5.0,,,,21.05,15.79,26.32,,,,0.0,0,0,,,,0.0,0,0,,,,0.0,0,0,,,,0.0,0,0,,,,0.0,0,0,,,,0.0,0,0,,,,"{'A': 0.0, 'C': 0.0, 'D': 0.0, 'E': 1.0, 'F': 1.0, 'G': 0.0, 'H': 0.0, 'I': 4.0, 'K': 2.0, 'L': 1.0, 'M': 2.0, 'N': 1.0, 'P': 2.5, 'Q': 0.0, 'R': 0.5, 'S': 0.0, 'T': 0.0, 'V': 3.0, 'W': 0.0, 'Y': 1.0}","{'A': 0, 'C': 0, 'D': 0, 'E': 1, 'F': 1, 'G': 0, 'H': 0, 'I': 4, 'K': 2, 'L': 1, 'M': 2, 'N': 1, 'P': 2, 'Q': 0, 'R': 1, 'S': 0, 'T': 0, 'V': 3, 'W': 0, 'Y': 1}","{'A': 0, 'C': 0, 'D': 0, 'E': 1, 'F': 1, 'G': 0, 'H': 0, 'I': 4, 'K': 2, 'L': 1, 'M': 2, 'N': 1, 'P': 3, 'Q': 0, 'R': 0, 'S': 0, 'T': 0, 'V': 3, 'W': 0, 'Y': 1}",,,,1.0,1.04,0.96,,,,0.38,0.42,0.35,,,,0.82,0.83,0.81,,,,0.5,0.5,0.5,,,,0.18,0.19,0.17,,,,3.04,3.49,2.6,,,,"0 hours, 0 minutes, 51 seconds",,EGFR_patchF,relaxed_filters,default_4stage_multimer
EGFRpH_F_l41_s190450_mpnn11,4stage,41,190450,-0.3,"A431,A434,A436",MEKIVFKRMVYDGKMDPEVIEALKKDPENVIFENIVIVPPP,"B8,B9,B11,B13,B14,B15,B19,B20,B23,B24,B27,B31,B32,B33,B34,B35,B36,B37,B38,B39",1.01,0.48,0.91,0.9,0.91,,,,0.88,0.86,0.89,,,,0.85,0.84,0.87,,,,0.16,0.17,0.15,,,,0.18,0.19,0.17,,,,0.0,0,0,,,,0.0,0,0,,,,0.0,0,0,,,,0.0,0,0,,,,-126.64,-126.92,-126.36,,,,0.54,0.54,0.54,,,,0.74,0.73,0.75,,,,0.66,0.66,0.65,,,,-70.47,-71.25,-69.68,,,,1641.51,1655.34,1627.68,,,,-4.29,-4.3,-4.28,,,,59.73,60.76,58.71,,,,71.84,73.68,70.0,,,,19.5,19,20,,,,11.0,12,10,,,,56.58,63.16,50.0,,,,2.5,2.0,3.0,,,,12.77,10.53,15.0,,,,0.0,0,0,,,,0.0,0,0,,,,0.0,0,0,,,,0.0,0,0,,,,0.0,0,0,,,,0.0,0,0,,,,"{'A': 0.0, 'C': 0.0, 'D': 0.0, 'E': 1.0, 'F': 1.0, 'G': 0.5, 'H': 0.0, 'I': 4.0, 'K': 2.0, 'L': 1.0, 'M': 2.0, 'N': 1.0, 'P': 2.0, 'Q': 0.0, 'R': 1.0, 'S': 0.0, 'T': 0.0, 'V': 3.0, 'W': 0.0, 'Y': 1.0}","{'A': 0, 'C': 0, 'D': 0, 'E': 1, 'F': 1, 'G': 0, 'H': 0, 'I': 4, 'K': 2, 'L': 1, 'M': 2, 'N': 1, 'P': 2, 'Q': 0, 'R': 1, 'S': 0, 'T': 0, 'V': 3, 'W': 0, 'Y': 1}","{'A': 0, 'C': 0, 'D': 0, 'E': 1, 'F': 1, 'G': 1, 'H': 0, 'I': 4, 'K': 2, 'L': 1, 'M': 2, 'N': 1, 'P': 2, 'Q': 0, 'R': 1, 'S': 0, 'T': 0, 'V': 3, 'W': 0, 'Y': 1}",,,,0.88,0.78,0.97,,,,0.38,0.42,0.35,,,,0.76,0.77,0.74,,,,0.42,0.42,0.43,,,,0.24,0.26,0.22,,,,5.07,7.56,2.58,,,,"0 hours, 0 minutes, 50 seconds",,EGFR_patchF,relaxed_filters,default_4stage_multimer
EGFRpH_F_l41_s190450_mpnn12,4stage,41,190450,-0.3,"A431,A434,A436",MKPIVFERMVYDGKMDEKVIEALKKDPEKVIFENIVIVPAP,"B8,B9,B11,B13,B14,B15,B19,B20,B23,B24,B27,B31,B32,B33,B34,B35,B36,B37,B38,B39",1.02,0.33,0.89,0.89,0.89,,,,0.87,0.86,0.88,,,,0.84,0.83,0.85,,,,0.17,0.18,0.17,,,,0.19,0.2,0.18,,,,0.0,0,0,,,,0.0,0,0,,,,0.0,0,0,,,,0.0,0,0,,,,-121.5,-124.73,-118.28,,,,0.54,0.54,0.54,,,,0.74,0.73,0.76,,,,0.65,0.62,0.68,,,,-68.51,-67.69,-69.33,,,,1638.04,1620.08,1656.0,,,,-4.19,-4.18,-4.19,,,,58.46,57.9,59.02,,,,70.0,70.0,70.0,,,,20.0,20,20,,,,11.5,11,12,,,,57.5,55.0,60.0,,,,2.5,2.0,3.0,,,,12.5,10.0,15.0,,,,0.0,0,0,,,,0.0,0,0,,,,0.0,0,0,,,,0.0,0,0,,,,0.0,0,0,,,,0.0,0,0,,,,"{'A': 0.0, 'C': 0.0, 'D': 0.0, 'E': 1.0, 'F': 1.0, 'G': 1.0, 'H': 0.0, 'I': 4.0, 'K': 2.0, 'L': 1.0, 'M': 2.0, 'N': 1.0, 'P': 2.0, 'Q': 0.0, 'R': 1.0, 'S': 0.0, 'T': 0.0, 'V': 3.0, 'W': 0.0, 'Y': 1.0}","{'A': 0, 'C': 0, 'D': 0, 'E': 1, 'F': 1, 'G': 1, 'H': 0, 'I': 4, 'K': 2, 'L': 1, 'M': 2, 'N': 1, 'P': 2, 'Q': 0, 'R': 1, 'S': 0, 'T': 0, 'V': 3, 'W': 0, 'Y': 1}","{'A': 0, 'C': 0, 'D': 0, 'E': 1, 'F': 1, 'G': 1, 'H': 0, 'I': 4, 'K': 2, 'L': 1, 'M': 2, 'N': 1, 'P': 2, 'Q': 0, 'R': 1, 'S': 0, 'T': 0, 'V': 3, 'W': 0, 'Y': 1}",,,,0.89,0.84,0.94,,,,0.38,0.42,0.33,,,,0.75,0.75,0.75,,,,0.45,0.44,0.46,,,,0.22,0.23,0.21,,,,2.71,2.82,2.61,,,,"0 hours, 0 minutes, 46 seconds",,EGFR_patchF,relaxed_filters,default_4stage_multimer
EGFRpH_F_l41_s190450_mpnn13,4stage,41,190450,-0.3,"A431,A434,A436",MEPIVFERMVYDGKMDPEVIEALKKNPENVIFENIVIVPPK,"B9,B11,B14,B15,B19,B20,B23,B24,B27,B31,B32,B33,B34,B35,B36,B37,B38,B39,B40",1.02,0.38,0.89,0.87,0.91,,,,0.88,0.86,0.89,,,,0.84,0.82,0.87,,,,0.17,0.19,0.15,,,,0.19,0.21,0.17,,,,0.0,0,0,,,,0.0,0,0,,,,0.0,0,0,,,,0.0,0,0,,,,-129.76,-131.54,-127.98,,,,0.55,0.54,0.55,,,,0.72,0.72,0.73,,,,0.63,0.65,0.61,,,,-70.62,-70.94,-70.3,,,,1680.51,1637.18,1723.85,,,,-4.21,-4.33,-4.08,,,,61.48,59.85,63.11,,,,76.31,73.68,78.95,,,,19.0,19,19,,,,12.0,13,11,,,,63.16,68.42,57.89,,,,2.5,2.0,3.0,,,,13.16,10.53,15.79,,,,0.0,0,0,,,,0.0,0,0,,,,0.0,0,0,,,,0.0,0,0,,,,0.0,0,0,,,,0.0,0,0,,,,"{'A': 0.0, 'C': 0.0, 'D': 0.0, 'E': 1.0, 'F': 1.0, 'G': 0.5, 'H': 0.0, 'I': 4.0, 'K': 2.0, 'L': 1.0, 'M': 2.0, 'N': 1.0, 'P': 2.5, 'Q': 0.0, 'R': 0.0, 'S': 0.0, 'T': 0.0, 'V': 3.0, 'W': 0.0, 'Y': 1.0}","{'A': 0, 'C': 0, 'D': 0, 'E': 1, 'F': 1, 'G': 1, 'H': 0, 'I': 4, 'K': 2, 'L': 1, 'M': 2, 'N': 1, 'P': 2, 'Q': 0, 'R': 0, 'S': 0, 'T': 0, 'V': 3, 'W': 0, 'Y': 1}","{'A': 0, 'C': 0, 'D': 0, 'E': 1, 'F': 1, 'G': 0, 'H': 0, 'I': 4, 'K': 2, 'L': 1, 'M': 2, 'N': 1, 'P': 3, 'Q': 0, 'R': 0, 'S': 0, 'T': 0, 'V': 3, 'W': 0, 'Y': 1}",,,,0.92,0.9,0.94,,,,0.38,0.41,0.34,,,,0.82,0.8,0.85,,,,0.47,0.45,0.5,,,,0.18,0.21,0.15,,,,2.53,3.03,2.03,,,,"0 hours, 0 minutes, 47 seconds",,EGFR_patchF,relaxed_filters,default_4stage_multimer
EGFRpH_F_l41_s190450_mpnn14,4stage,41,190450,-0.3,"A431,A434,A436",MEPIVFERMVYDGKMDPKVIEALKEHPEKVIFENIVIVPPP,"B9,B11,B13,B14,B15,B19,B20,B23,B24,B27,B30,B31,B32,B33,B34,B35,B36,B37,B38,B39",1.05,0.38,0.91,0.9,0.92,,,,0.88,0.86,0.89,,,,0.86,0.84,0.88,,,,0.16,0.17,0.15,,,,0.17,0.19,0.16,,,,0.0,0,0,,,,0.0,0,0,,,,0.0,0,0,,,,0.0,0,0,,,,-125.43,-125.23,-125.62,,,,0.58,0.57,0.59,,,,0.75,0.75,0.75,,,,0.62,0.59,0.66,,,,-69.12,-68.28,-69.95,,,,1675.07,1643.34,1706.81,,,,-4.13,-4.16,-4.1,,,,62.28,60.78,63.79,,,,76.39,77.78,75.0,,,,19.0,18,20,,,,11.0,11,11,,,,58.05,61.11,55.0,,,,2.5,2.0,3.0,,,,13.05,11.11,15.0,,,,0.0,0,0,,,,0.0,0,0,,,,0.0,0,0,,,,0.0,0,0,,,,0.0,0,0,,,,0.0,0,0,,,,"{'A': 0.0, 'C': 0.0, 'D': 0.0, 'E': 1.0, 'F': 1.0, 'G': 0.5, 'H': 0.0, 'I': 4.0, 'K': 2.0, 'L': 1.0, 'M': 2.0, 'N': 1.0, 'P': 2.0, 'Q': 0.0, 'R': 0.0, 'S': 0.0, 'T': 0.0, 'V': 3.5, 'W': 0.0, 'Y': 1.0}","{'A': 0, 'C': 0, 'D': 0, 'E': 1, 'F': 1, 'G': 0, 'H': 0, 'I': 4, 'K': 2, 'L': 1, 'M': 2, 'N': 1, 'P': 2, 'Q': 0, 'R': 0, 'S': 0, 'T': 0, 'V': 3, 'W': 0, 'Y': 1}","{'A': 0, 'C': 0, 'D': 0, 'E': 1, 'F': 1, 'G': 1, 'H': 0, 'I': 4, 'K': 2, 'L': 1, 'M': 2, 'N': 1, 'P': 2, 'Q': 0, 'R': 0, 'S': 0, 'T': 0, 'V': 4, 'W': 0, 'Y': 1}",,,,0.99,1.01,0.98,,,,0.37,0.41,0.33,,,,0.79,0.82,0.77,,,,0.47,0.47,0.47,,,,0.21,0.21,0.2,,,,3.55,4.5,2.6,,,,"0 hours, 0 minutes, 50 seconds",,EGFR_patchF,relaxed_filters,default_4stage_multimer
EGFRpH_F_l41_s190450_mpnn15,4stage,41,190450,-0.3,"A431,A434,A436",MEEIVFERMVYDGKMDPEVIKALKEHPEKVIFENIVIVPAP,"B9,B11,B13,B14,B15,B19,B20,B23,B24,B27,B31,B32,B33,B34,B35,B36,B37,B38,B39",1.06,0.33,0.89,0.88,0.9,,,,0.88,0.86,0.89,,,,0.85,0.83,0.87,,,,0.17,0.18,0.16,,,,0.18,0.2,0.17,,,,0.0,0,0,,,,0.0,0,0,,,,0.0,0,0,,,,0.0,0,0,,,,-120.44,-122.67,-118.2,,,,0.56,0.54,0.58,,,,0.73,0.74,0.73,,,,0.67,0.67,0.66,,,,-72.27,-74.56,-69.97,,,,1637.21,1630.57,1643.86,,,,-4.42,-4.57,-4.26,,,,61.95,62.32,61.58,,,,73.68,73.68,73.68,,,,19.0,19,19,,,,13.0,14,12,,,,68.42,73.68,63.16,,,,3.0,3.0,3.0,,,,15.79,15.79,15.79,,,,0.0,0,0,,,,0.0,0,0,,,,0.0,0,0,,,,0.0,0,0,,,,0.0,0,0,,,,0.0,0,0,,,,"{'A': 0.0, 'C': 0.0, 'D': 0.0, 'E': 1.0, 'F': 1.0, 'G': 0.5, 'H': 0.0, 'I': 4.0, 'K': 2.0, 'L': 1.0, 'M': 2.0, 'N': 1.0, 'P': 2.0, 'Q': 0.0, 'R': 0.5, 'S': 0.0, 'T': 0.0, 'V': 3.0, 'W': 0.0, 'Y': 1.0}","{'A': 0, 'C': 0, 'D': 0, 'E': 1, 'F': 1, 'G': 0, 'H': 0, 'I': 4, 'K': 2, 'L': 1, 'M': 2, 'N': 1, 'P': 2, 'Q': 0, 'R': 1, 'S': 0, 'T': 0, 'V': 3, 'W': 0, 'Y': 1}","{'A': 0, 'C': 0, 'D': 0, 'E': 1, 'F': 1, 'G': 1, 'H': 0, 'I': 4, 'K': 2, 'L': 1, 'M': 2, 'N': 1, 'P': 2, 'Q': 0, 'R': 0, 'S': 0, 'T': 0, 'V': 3, 'W': 0, 'Y': 1}",,,,1.15,1.07,1.23,,,,0.37,0.41,0.33,,,,0.78,0.8,0.76,,,,0.47,0.47,0.47,,,,0.21,0.21,0.21,,,,2.96,3.27,2.66,,,,"0 hours, 0 minutes, 49 seconds",,EGFR_patchF,relaxed_filters,default_4stage_multimer
EGFRpH_F_l41_s190450_mpnn16,4stage,41,190450,-0.3,"A431,A434,A436",MKEIVFERMVYDGKMDPKVIEALKENPEKVIFENIVIVPPK,"B9,B11,B13,B14,B15,B19,B20,B23,B24,B27,B31,B32,B33,B34,B35,B36,B37,B38,B39,B40",1.07,0.33,0.9,0.89,0.91,,,,0.88,0.86,0.89,,,,0.85,0.84,0.87,,,,0.16,0.18,0.15,,,,0.17,0.19,0.16,,,,0.0,0,0,,,,0.0,0,0,,,,0.0,0,0,,,,0.0,0,0,,,,-123.63,-122.63,-124.64,,,,0.52,0.53,0.51,,,,0.72,0.72,0.73,,,,0.62,0.62,0.63,,,,-69.83,-70.7,-68.95,,,,1643.19,1684.88,1601.5,,,,-4.25,-4.2,-4.31,,,,58.16,60.46,55.85,,,,72.5,70.0,75.0,,,,20.0,20,20,,,,12.0,13,11,,,,60.0,65.0,55.0,,,,2.0,2.0,2.0,,,,10.0,10.0,10.0,,,,0.0,0,0,,,,0.0,0,0,,,,0.0,0,0,,,,0.0,0,0,,,,0.0,0,0,,,,0.0,0,0,,,,"{'A': 0.0, 'C': 0.0, 'D': 0.0, 'E': 1.0, 'F': 1.0, 'G': 1.0, 'H': 0.0, 'I': 4.0, 'K': 2.0, 'L': 1.0, 'M': 2.0, 'N': 1.0, 'P': 2.5, 'Q': 0.0, 'R': 0.5, 'S': 0.0, 'T': 0.0, 'V': 3.0, 'W': 0.0, 'Y': 1.0}","{'A': 0, 'C': 0, 'D': 0, 'E': 1, 'F': 1, 'G': 1, 'H': 0, 'I': 4, 'K': 2, 'L': 1, 'M': 2, 'N': 1, 'P': 2, 'Q': 0, 'R': 1, 'S': 0, 'T': 0, 'V': 3, 'W': 0, 'Y': 1}","{'A': 0, 'C': 0, 'D': 0, 'E': 1, 'F': 1, 'G': 1, 'H': 0, 'I': 4, 'K': 2, 'L': 1, 'M': 2, 'N': 1, 'P': 3, 'Q': 0, 'R': 0, 'S': 0, 'T': 0, 'V': 3, 'W': 0, 'Y': 1}",,,,0.89,0.89,0.88,,,,0.38,0.41,0.35,,,,0.74,0.71,0.77,,,,0.42,0.37,0.46,,,,0.24,0.27,0.2,,,,2.79,2.9,2.67,,,,"0 hours, 0 minutes, 48 seconds",,EGFR_patchF,relaxed_filters,default_4stage_multimer
EGFRpH_F_l41_s190450_mpnn17,4stage,41,190450,-0.3,"A431,A434,A436",MKPIVYKRMVYDGKMDPEVIEDLKKNPEKVIFENIVIVPPK,"B8,B9,B11,B13,B14,B15,B19,B20,B23,B24,B27,B31,B32,B33,B34,B35,B36,B37,B38,B39,B40",1.07,0.43,0.91,0.89,0.92,,,,0.88,0.86,0.89,,,,0.86,0.84,0.88,,,,0.16,0.18,0.15,,,,0.17,0.19,0.16,,,,0.0,0,0,,,,0.0,0,0,,,,0.0,0,0,,,,0.0,0,0,,,,-125.48,-126.44,-124.52,,,,0.55,0.54,0.56,,,,0.71,0.69,0.74,,,,0.61,0.61,0.61,,,,-68.17,-66.84,-69.5,,,,1684.31,1627.65,1740.97,,,,-4.05,-4.11,-3.99,,,,58.79,56.4,61.18,,,,70.72,70.0,71.43,,,,20.5,20,21,,,,10.5,10,11,,,,51.19,50.0,52.38,,,,3.5,3.0,4.0,,,,17.02,15.0,19.05,,,,0.0,0,0,,,,0.0,0,0,,,,0.0,0,0,,,,0.0,0,0,,,,0.0,0,0,,,,0.0,0,0,,,,"{'A': 0.0, 'C': 0.0, 'D': 0.0, 'E': 1.0, 'F': 1.0, 'G': 1.0, 'H': 0.0, 'I': 4.0, 'K': 2.0, 'L': 1.0, 'M': 2.0, 'N': 1.0, 'P': 2.5, 'Q': 0.0, 'R': 1.0, 'S': 0.0, 'T': 0.0, 'V': 3.0, 'W': 0.0, 'Y': 1.0}","{'A': 0, 'C': 0, 'D': 0, 'E': 1, 'F': 1, 'G': 1, 'H': 0, 'I': 4, 'K': 2, 'L': 1, 'M': 2, 'N': 1, 'P': 2, 'Q': 0, 'R': 1, 'S': 0, 'T': 0, 'V': 3, 'W': 0, 'Y': 1}","{'A': 0, 'C': 0, 'D': 0, 'E': 1, 'F': 1, 'G': 1, 'H': 0, 'I': 4, 'K': 2, 'L': 1, 'M': 2, 'N': 1, 'P': 3, 'Q': 0, 'R': 1, 'S': 0, 'T': 0, 'V': 3, 'W': 0, 'Y': 1}",,,,0.97,0.99,0.96,,,,0.38,0.42,0.34,,,,0.79,0.79,0.79,,,,0.46,0.45,0.47,,,,0.21,0.25,0.18,,,,4.57,6.61,2.53,,,,"0 hours, 0 minutes, 47 seconds",,EGFR_patchF,relaxed_filters,default_4stage_multimer
EGFRpH_F_l41_s190450_mpnn18,4stage,41,190450,-0.3,"A431,A434,A436",MKPIVFERMVYDGKMPQEVIDALKKDPEKVIFENIVIVPPP,"B8,B9,B11,B13,B14,B15,B19,B20,B23,B27,B31,B32,B33,B34,B35,B36,B37,B38,B39",1.08,0.33,0.92,0.91,0.93,,,,0.88,0.86,0.89,,,,0.87,0.85,0.89,,,,0.15,0.16,0.14,,,,0.16,0.18,0.15,,,,0.0,0,0,,,,0.0,0,0,,,,0.0,0,0,,,,0.0,0,0,,,,-136.49,-133.97,-139.0,,,,0.56,0.56,0.56,,,,0.7,0.72,0.68,,,,0.62,0.64,0.61,,,,-66.69,-68.4,-64.99,,,,1589.88,1591.6,1588.16,,,,-4.2,-4.3,-4.09,,,,58.38,57.62,59.13,,,,73.68,73.68,73.68,,,,19.0,19,19,,,,11.0,11,11,,,,57.89,57.89,57.89,,,,2.0,2.0,2.0,,,,10.53,10.53,10.53,,,,0.0,0,0,,,,0.0,0,0,,,,0.0,0,0,,,,0.0,0,0,,,,0.0,0,0,,,,0.0,0,0,,,,"{'A': 0.0, 'C': 0.0, 'D': 0.0, 'E': 1.0, 'F': 1.0, 'G': 1.0, 'H': 0.0, 'I': 4.0, 'K': 1.0, 'L': 1.0, 'M': 2.0, 'N': 1.0, 'P': 2.0, 'Q': 0.0, 'R': 1.0, 'S': 0.0, 'T': 0.0, 'V': 3.0, 'W': 0.0, 'Y': 1.0}","{'A': 0, 'C': 0, 'D': 0, 'E': 1, 'F': 1, 'G': 1, 'H': 0, 'I': 4, 'K': 1, 'L': 1, 'M': 2, 'N': 1, 'P': 2, 'Q': 0, 'R': 1, 'S': 0, 'T': 0, 'V': 3, 'W': 0, 'Y': 1}","{'A': 0, 'C': 0, 'D': 0, 'E': 1, 'F': 1, 'G': 1, 'H': 0, 'I': 4, 'K': 1, 'L': 1, 'M': 2, 'N': 1, 'P': 2, 'Q': 0, 'R': 1, 'S': 0, 'T': 0, 'V': 3, 'W': 0, 'Y': 1}",,,,0.84,0.86,0.82,,,,0.38,0.41,0.36,,,,0.78,0.78,0.78,,,,0.47,0.46,0.48,,,,0.2,0.21,0.19,,,,1.96,2.02,1.9,,,,"0 hours, 0 minutes, 47 seconds",,EGFR_patchF,relaxed_filters,default_4stage_multimer
EGFRpH_F_l41_s190450_mpnn20,4stage,41,190450,-0.3,"A431,A434,A436",MEKIVYERMVYDGKMDPDVIEDLKKNPENVIFENIVIVPAP,"B8,B9,B11,B14,B15,B19,B20,B23,B24,B27,B31,B32,B33,B34,B35,B36,B37,B38,B39",1.11,0.48,0.9,0.89,0.91,,,,0.88,0.86,0.89,,,,0.85,0.84,0.87,,,,0.17,0.18,0.16,,,,0.18,0.19,0.17,,,,0.0,0,0,,,,0.0,0,0,,,,0.0,0,0,,,,0.0,0,0,,,,-116.39,-118.83,-113.95,,,,0.55,0.54,0.56,,,,0.72,0.72,0.73,,,,0.64,0.63,0.65,,,,-70.28,-71.07,-69.49,,,,1664.89,1622.39,1707.39,,,,-4.22,-4.38,-4.07,,,,62.31,61.85,62.78,,,,73.68,73.68,73.68,,,,19.0,19,19,,,,11.5,11,12,,,,60.52,57.89,63.16,,,,2.5,2.0,3.0,,,,13.16,10.53,15.79,,,,0.0,0,0,,,,0.0,0,0,,,,0.0,0,0,,,,0.0,0,0,,,,0.0,0,0,,,,0.0,0,0,,,,"{'A': 0.0, 'C': 0.0, 'D': 0.0, 'E': 1.0, 'F': 1.0, 'G': 0.0, 'H': 0.0, 'I': 4.0, 'K': 2.0, 'L': 1.0, 'M': 2.0, 'N': 1.0, 'P': 2.0, 'Q': 0.0, 'R': 1.0, 'S': 0.0, 'T': 0.0, 'V': 3.0, 'W': 0.0, 'Y': 1.0}","{'A': 0, 'C': 0, 'D': 0, 'E': 1, 'F': 1, 'G': 0, 'H': 0, 'I': 4, 'K': 2, 'L': 1, 'M': 2, 'N': 1, 'P': 2, 'Q': 0, 'R': 1, 'S': 0, 'T': 0, 'V': 3, 'W': 0, 'Y': 1}","{'A': 0, 'C': 0, 'D': 0, 'E': 1, 'F': 1, 'G': 0, 'H': 0, 'I': 4, 'K': 2, 'L': 1, 'M': 2, 'N': 1, 'P': 2, 'Q': 0, 'R': 1, 'S': 0, 'T': 0, 'V': 3, 'W': 0, 'Y': 1}",,,,0.91,0.84,0.97,,,,0.38,0.41,0.34,,,,0.78,0.81,0.75,,,,0.47,0.5,0.44,,,,0.21,0.19,0.22,,,,2.85,3.0,2.7,,,,"0 hours, 0 minutes, 49 seconds",,EGFR_patchF,relaxed_filters,default_4stage_multimer
EGFRpH_F_l41_s795073_mpnn1,4stage,41,795073,-0.3,"A431,A434,A436",AYRIFEHNGRYIVIEYNENPGEGYIRIFYLEKPEDFVPDES,"B3,B5,B6,B7,B8,B12,B14,B16,B20,B21,B22,B23,B24,B25,B26,B27,B28,B29",0.99,0.3,0.88,0.88,0.87,,,,0.88,0.87,0.88,,,,0.86,0.87,0.85,,,,0.18,0.18,0.19,,,,0.2,0.19,0.2,,,,0.0,0,0,,,,0.0,0,0,,,,0.0,0,0,,,,0.0,0,0,,,,-127.25,-130.15,-124.34,,,,0.51,0.52,0.5,,,,0.7,0.7,0.7,,,,0.6,0.62,0.59,,,,-65.04,-68.0,-62.08,,,,1777.68,1878.12,1677.25,,,,-3.66,-3.62,-3.7,,,,65.74,72.54,58.94,,,,55.56,55.56,55.56,,,,18.0,18,18,,,,11.0,14,8,,,,61.11,77.78,44.44,,,,7.5,5.0,10.0,,,,41.67,27.78,55.56,,,,0.0,0,0,,,,0.0,0,0,,,,0.0,0,0,,,,0.0,0,0,,,,0.0,0,0,,,,0.0,0,0,,,,"{'A': 0.0, 'C': 0.0, 'D': 0.0, 'E': 1.5, 'F': 2.0, 'G': 2.0, 'H': 1.0, 'I': 4.0, 'K': 0.0, 'L': 0.0, 'M': 0.0, 'N': 1.0, 'P': 1.0, 'Q': 0.0, 'R': 2.5, 'S': 0.0, 'T': 0.0, 'V': 0.0, 'W': 0.0, 'Y': 3.0}","{'A': 0, 'C': 0, 'D': 0, 'E': 1, 'F': 2, 'G': 2, 'H': 1, 'I': 4, 'K': 0, 'L': 0, 'M': 0, 'N': 1, 'P': 1, 'Q': 0, 'R': 3, 'S': 0, 'T': 0, 'V': 0, 'W': 0, 'Y': 3}","{'A': 0, 'C': 0, 'D': 0, 'E': 2, 'F': 2, 'G': 2, 'H': 1, 'I': 4, 'K': 0, 'L': 0, 'M': 0, 'N': 1, 'P': 1, 'Q': 0, 'R': 2, 'S': 0, 'T': 0, 'V': 0, 'W': 0, 'Y': 3}",,,,1.79,0.8,2.79,,,,0.4,0.43,0.36,,,,0.88,0.89,0.86,,,,0.57,0.59,0.55,,,,0.17,0.13,0.22,,,,4.58,1.87,7.29,,,,"0 hours, 1 minutes, 40 seconds",,EGFR_patchF,relaxed_filters,default_4stage_multimer
EGFRpH_F_l41_s795073_mpnn2,4stage,41,795073,-0.3,"A431,A434,A436",AYRIFEHNGRYIVIEYNDDPGEGYIRIFYLEKPEDFVPDKS,"B3,B5,B7,B8,B10,B12,B14,B16,B19,B20,B21,B22,B23,B24,B25,B26,B27,B28,B29",1.0,0.35,0.87,0.86,0.88,,,,0.88,0.87,0.88,,,,0.85,0.85,0.86,,,,0.19,0.2,0.18,,,,0.21,0.21,0.2,,,,0.0,0,0,,,,0.0,0,0,,,,0.5,1,0,,,,0.0,0,0,,,,-131.62,-128.78,-134.46,,,,0.52,0.53,0.5,,,,0.73,0.73,0.74,,,,0.7,0.67,0.72,,,,-71.35,-72.1,-70.6,,,,1802.58,1793.89,1811.26,,,,-3.96,-4.02,-3.9,,,,65.25,67.92,62.59,,,,51.31,50.0,52.63,,,,18.5,18,19,,,,11.0,10,12,,,,59.36,55.56,63.16,,,,8.0,7.0,9.0,,,,43.13,38.89,47.37,,,,0.0,0,0,,,,0.0,0,0,,,,0.0,0,0,,,,0.0,0,0,,,,0.0,0,0,,,,0.0,0,0,,,,"{'A': 0.0, 'C': 0.0, 'D': 1.0, 'E': 1.0, 'F': 2.0, 'G': 2.0, 'H': 1.0, 'I': 4.0, 'K': 0.0, 'L': 0.0, 'M': 0.0, 'N': 1.0, 'P': 1.0, 'Q': 0.0, 'R': 3.0, 'S': 0.0, 'T': 0.0, 'V': 0.0, 'W': 0.0, 'Y': 2.5}","{'A': 0, 'C': 0, 'D': 1, 'E': 1, 'F': 2, 'G': 2, 'H': 1, 'I': 4, 'K': 0, 'L': 0, 'M': 0, 'N': 1, 'P': 1, 'Q': 0, 'R': 3, 'S': 0, 'T': 0, 'V': 0, 'W': 0, 'Y': 2}","{'A': 0, 'C': 0, 'D': 1, 'E': 1, 'F': 2, 'G': 2, 'H': 1, 'I': 4, 'K': 0, 'L': 0, 'M': 0, 'N': 1, 'P': 1, 'Q': 0, 'R': 3, 'S': 0, 'T': 0, 'V': 0, 'W': 0, 'Y': 3}",,,,2.86,2.88,2.84,,,,0.39,0.42,0.36,,,,0.89,0.9,0.88,,,,0.58,0.61,0.56,,,,0.16,0.13,0.19,,,,4.99,2.4,7.58,,,,"0 hours, 0 minutes, 52 seconds",,EGFR_patchF,relaxed_filters,default_4stage_multimer
EGFRpH_F_l41_s795073_mpnn3,4stage,41,795073,-0.3,"A431,A434,A436",AYRIFEHNGRYIVIEYNENPGEGYIRIFYVDKPEDFVPPKE,"B3,B5,B6,B7,B8,B10,B12,B14,B21,B22,B23,B24,B25,B26,B27,B28,B29",1.01,0.35,0.89,0.89,0.89,,,,0.88,0.87,0.88,,,,0.86,0.87,0.86,,,,0.18,0.18,0.18,,,,0.19,0.19,0.19,,,,0.0,0,0,,,,0.0,0,0,,,,0.5,1,0,,,,0.0,0,0,,,,-135.75,-138.15,-133.36,,,,0.53,0.52,0.53,,,,0.72,0.74,0.71,,,,0.69,0.69,0.68,,,,-67.3,-71.03,-63.57,,,,1721.0,1739.31,1702.69,,,,-3.91,-4.08,-3.73,,,,62.62,62.11,63.13,,,,51.31,55.56,47.06,,,,17.5,18,17,,,,10.5,12,9,,,,59.8,66.67,52.94,,,,8.0,7.0,9.0,,,,45.91,38.89,52.94,,,,0.0,0,0,,,,0.0,0,0,,,,0.0,0,0,,,,0.0,0,0,,,,0.0,0,0,,,,0.0,0,0,,,,"{'A': 0.0, 'C': 0.0, 'D': 0.0, 'E': 1.5, 'F': 2.0, 'G': 2.0, 'H': 1.0, 'I': 4.0, 'K': 0.0, 'L': 0.0, 'M': 0.0, 'N': 1.0, 'P': 0.5, 'Q': 0.0, 'R': 3.0, 'S': 0.0, 'T': 0.0, 'V': 0.0, 'W': 0.0, 'Y': 2.5}","{'A': 0, 'C': 0, 'D': 0, 'E': 1, 'F': 2, 'G': 2, 'H': 1, 'I': 4, 'K': 0, 'L': 0, 'M': 0, 'N': 1, 'P': 1, 'Q': 0, 'R': 3, 'S': 0, 'T': 0, 'V': 0, 'W': 0, 'Y': 3}","{'A': 0, 'C': 0, 'D': 0, 'E': 2, 'F': 2, 'G': 2, 'H': 1, 'I': 4, 'K': 0, 'L': 0, 'M': 0, 'N': 1, 'P': 0, 'Q': 0, 'R': 3, 'S': 0, 'T': 0, 'V': 0, 'W': 0, 'Y': 2}",,,,2.27,1.49,3.04,,,,0.39,0.43,0.35,,,,0.89,0.87,0.9,,,,0.59,0.56,0.62,,,,0.14,0.15,0.12,,,,2.07,2.09,2.05,,,,"0 hours, 0 minutes, 50 seconds",,EGFR_patchF,relaxed_filters,default_4stage_multimer
EGFRpH_F_l41_s795073_mpnn4,4stage,41,795073,-0.3,"A431,A434,A436",AYRIFEHNGRYIVIEYNDDPGEGYIRIFYVDNPEDFVPDKS,"B3,B5,B7,B8,B10,B12,B14,B19,B20,B21,B22,B23,B24,B25,B26,B27,B28,B29",1.01,0.35,0.87,0.86,0.88,,,,0.88,0.87,0.88,,,,0.86,0.85,0.87,,,,0.19,0.2,0.18,,,,0.21,0.22,0.2,,,,0.0,0,0,,,,0.0,0,0,,,,0.5,1,0,,,,0.0,0,0,,,,-132.53,-129.39,-135.67,,,,0.51,0.5,0.52,,,,0.71,0.71,0.71,,,,0.68,0.72,0.64,,,,-68.07,-71.09,-65.05,,,,1768.49,1758.3,1778.68,,,,-3.85,-4.04,-3.66,,,,65.04,65.74,64.34,,,,51.47,52.94,50.0,,,,17.5,17,18,,,,9.0,10,8,,,,51.63,58.82,44.44,,,,10.0,9.0,11.0,,,,57.02,52.94,61.11,,,,0.0,0,0,,,,0.0,0,0,,,,0.0,0,0,,,,0.0,0,0,,,,0.0,0,0,,,,0.0,0,0,,,,"{'A': 0.0, 'C': 0.0, 'D': 0.5, 'E': 1.0, 'F': 2.0, 'G': 2.0, 'H': 1.0, 'I': 4.0, 'K': 0.0, 'L': 0.0, 'M': 0.0, 'N': 1.0, 'P': 1.0, 'Q': 0.0, 'R': 3.0, 'S': 0.0, 'T': 0.0, 'V': 0.0, 'W': 0.0, 'Y': 2.0}","{'A': 0, 'C': 0, 'D': 0, 'E': 1, 'F': 2, 'G': 2, 'H': 1, 'I': 4, 'K': 0, 'L': 0, 'M': 0, 'N': 1, 'P': 1, 'Q': 0, 'R': 3, 'S': 0, 'T': 0, 'V': 0, 'W': 0, 'Y': 2}","{'A': 0, 'C': 0, 'D': 1, 'E': 1, 'F': 2, 'G': 2, 'H': 1, 'I': 4, 'K': 0, 'L': 0, 'M': 0, 'N': 1, 'P': 1, 'Q': 0, 'R': 3, 'S': 0, 'T': 0, 'V': 0, 'W': 0, 'Y': 2}",,,,2.91,2.94,2.88,,,,0.39,0.42,0.36,,,,0.91,0.89,0.92,,,,0.62,0.6,0.64,,,,0.12,0.13,0.11,,,,2.41,2.38,2.44,,,,"0 hours, 0 minutes, 51 seconds",,EGFR_patchF,relaxed_filters,default_4stage_multimer
EGFRpH_F_l41_s795073_mpnn5,4stage,41,795073,-0.3,"A431,A434,A436",SYRIFEHNGRYIVIEYNDDPGEGYIRIFYIDKPEDFVPDKD,"B3,B5,B7,B8,B10,B12,B14,B16,B19,B20,B21,B22,B23,B24,B25,B26,B27,B28,B29",1.01,0.43,0.88,0.87,0.88,,,,0.88,0.87,0.88,,,,0.85,0.85,0.86,,,,0.19,0.2,0.18,,,,0.21,0.21,0.2,,,,0.0,0,0,,,,0.0,0,0,,,,0.5,1,0,,,,0.0,0,0,,,,-135.24,-134.09,-136.39,,,,0.47,0.48,0.47,,,,0.72,0.74,0.7,,,,0.67,0.67,0.67,,,,-64.62,-68.06,-61.18,,,,1741.17,1789.86,1692.48,,,,-3.71,-3.8,-3.61,,,,62.34,65.31,59.37,,,,54.09,55.56,52.63,,,,18.5,18,19,,,,9.5,10,9,,,,51.47,55.56,47.37,,,,9.0,8.0,10.0,,,,48.53,44.44,52.63,,,,0.0,0,0,,,,0.0,0,0,,,,0.0,0,0,,,,0.0,0,0,,,,0.0,0,0,,,,0.0,0,0,,,,"{'A': 0.0, 'C': 0.0, 'D': 0.5, 'E': 1.0, 'F': 2.0, 'G': 2.0, 'H': 1.0, 'I': 4.0, 'K': 0.0, 'L': 0.0, 'M': 0.0, 'N': 1.0, 'P': 1.0, 'Q': 0.0, 'R': 3.0, 'S': 0.0, 'T': 0.0, 'V': 0.0, 'W': 0.0, 'Y': 3.0}","{'A': 0, 'C': 0, 'D': 0, 'E': 1, 'F': 2, 'G': 2, 'H': 1, 'I': 4, 'K': 0, 'L': 0, 'M': 0, 'N': 1, 'P': 1, 'Q': 0, 'R': 3, 'S': 0, 'T': 0, 'V': 0, 'W': 0, 'Y': 3}","{'A': 0, 'C': 0, 'D': 1, 'E': 1, 'F': 2, 'G': 2, 'H': 1, 'I': 4, 'K': 0, 'L': 0, 'M': 0, 'N': 1, 'P': 1, 'Q': 0, 'R': 3, 'S': 0, 'T': 0, 'V': 0, 'W': 0, 'Y': 3}",,,,2.83,2.83,2.83,,,,0.38,0.42,0.34,,,,0.91,0.9,0.92,,,,0.62,0.6,0.64,,,,0.12,0.13,0.11,,,,2.4,2.39,2.41,,,,"0 hours, 0 minutes, 51 seconds",,EGFR_patchF,relaxed_filters,default_4stage_multimer
EGFRpH_F_l41_s795073_mpnn6,4stage,41,795073,-0.3,"A431,A434,A436",AYRIFEHNGRYIVIEYNENPGEGYIRIFYVENESDFVPDSS,"B3,B5,B6,B7,B8,B10,B12,B14,B20,B21,B22,B23,B24,B25,B26,B27,B28,B29",1.02,0.3,0.86,0.86,0.87,,,,0.88,0.87,0.88,,,,0.85,0.85,0.85,,,,0.2,0.2,0.2,,,,0.21,0.22,0.21,,,,0.0,0,0,,,,0.0,0,0,,,,0.0,0,0,,,,0.0,0,0,,,,-127.5,-128.87,-126.13,,,,0.44,0.42,0.46,,,,0.7,0.7,0.71,,,,0.64,0.6,0.67,,,,-65.77,-68.26,-63.27,,,,1712.64,1748.59,1676.69,,,,-3.83,-3.9,-3.77,,,,65.72,67.28,64.15,,,,53.95,57.89,50.0,,,,18.5,19,18,,,,9.0,10,8,,,,48.53,52.63,44.44,,,,8.0,7.0,9.0,,,,43.42,36.84,50.0,,,,0.0,0,0,,,,0.0,0,0,,,,0.0,0,0,,,,0.0,0,0,,,,0.0,0,0,,,,0.0,0,0,,,,"{'A': 0.0, 'C': 0.0, 'D': 0.0, 'E': 1.5, 'F': 2.0, 'G': 2.0, 'H': 1.0, 'I': 4.5, 'K': 0.0, 'L': 0.0, 'M': 0.0, 'N': 1.0, 'P': 1.0, 'Q': 0.0, 'R': 3.0, 'S': 0.0, 'T': 0.0, 'V': 0.0, 'W': 0.0, 'Y': 2.5}","{'A': 0, 'C': 0, 'D': 0, 'E': 1, 'F': 2, 'G': 2, 'H': 1, 'I': 5, 'K': 0, 'L': 0, 'M': 0, 'N': 1, 'P': 1, 'Q': 0, 'R': 3, 'S': 0, 'T': 0, 'V': 0, 'W': 0, 'Y': 3}","{'A': 0, 'C': 0, 'D': 0, 'E': 2, 'F': 2, 'G': 2, 'H': 1, 'I': 4, 'K': 0, 'L': 0, 'M': 0, 'N': 1, 'P': 1, 'Q': 0, 'R': 3, 'S': 0, 'T': 0, 'V': 0, 'W': 0, 'Y': 2}",,,,1.92,1.0,2.83,,,,0.38,0.42,0.35,,,,0.9,0.88,0.91,,,,0.61,0.59,0.63,,,,0.12,0.14,0.11,,,,1.98,1.77,2.19,,,,"0 hours, 0 minutes, 51 seconds",,EGFR_patchF,relaxed_filters,default_4stage_multimer
EGFRpH_F_l41_s795073_mpnn7,4stage,41,795073,-0.3,"A431,A434,A436",AYRIFEHNGRYIVIEYNENPGEGYIRIFYVEKEEDFVPDED,"B3,B5,B7,B8,B10,B12,B14,B21,B22,B23,B24,B25,B26,B27,B28,B29,B39",1.02,0.26,0.87,0.87,0.87,,,,0.88,0.87,0.88,,,,0.85,0.85,0.85,,,,0.2,0.19,0.2,,,,0.21,0.21,0.21,,,,0.0,0,0,,,,0.0,0,0,,,,0.0,0,0,,,,0.0,0,0,,,,-121.63,-111.97,-131.29,,,,0.45,0.42,0.48,,,,0.7,0.71,0.7,,,,0.7,0.69,0.71,,,,-62.51,-62.84,-62.18,,,,1759.98,1803.36,1716.61,,,,-3.55,-3.48,-3.62,,,,64.14,65.5,62.79,,,,51.31,55.56,47.06,,,,17.5,18,17,,,,8.0,9,7,,,,45.59,50.0,41.18,,,,8.0,6.0,10.0,,,,46.08,33.33,58.82,,,,0.0,0,0,,,,0.0,0,0,,,,0.0,0,0,,,,0.0,0,0,,,,0.0,0,0,,,,0.0,0,0,,,,"{'A': 0.0, 'C': 0.0, 'D': 0.5, 'E': 1.0, 'F': 2.0, 'G': 2.0, 'H': 1.0, 'I': 4.0, 'K': 0.0, 'L': 0.0, 'M': 0.0, 'N': 1.0, 'P': 0.5, 'Q': 0.0, 'R': 3.0, 'S': 0.0, 'T': 0.0, 'V': 0.0, 'W': 0.0, 'Y': 2.5}","{'A': 0, 'C': 0, 'D': 0, 'E': 1, 'F': 2, 'G': 2, 'H': 1, 'I': 4, 'K': 0, 'L': 0, 'M': 0, 'N': 1, 'P': 1, 'Q': 0, 'R': 3, 'S': 0, 'T': 0, 'V': 0, 'W': 0, 'Y': 3}","{'A': 0, 'C': 0, 'D': 1, 'E': 1, 'F': 2, 'G': 2, 'H': 1, 'I': 4, 'K': 0, 'L': 0, 'M': 0, 'N': 1, 'P': 0, 'Q': 0, 'R': 3, 'S': 0, 'T': 0, 'V': 0, 'W': 0, 'Y': 2}",,,,1.94,0.98,2.9,,,,0.38,0.42,0.35,,,,0.83,0.81,0.85,,,,0.51,0.48,0.53,,,,0.25,0.26,0.24,,,,5.72,4.9,6.54,,,,"0 hours, 0 minutes, 51 seconds",,EGFR_patchF,relaxed_filters,default_4stage_multimer
EGFRpH_F_l41_s795073_mpnn8,4stage,41,795073,-0.3,"A431,A434,A436",SYRIFEHNGRYIVIEYNDDPGEGYIRIFYIEKPEDFVPDED,"B3,B5,B6,B7,B8,B10,B12,B14,B16,B19,B20,B22,B23,B24,B25,B26,B27,B28,B29",1.02,0.43,0.84,0.87,0.81,,,,0.87,0.87,0.87,,,,0.84,0.85,0.84,,,,0.24,0.2,0.27,,,,0.25,0.22,0.28,,,,0.0,0,0,,,,0.0,0,0,,,,0.5,1,0,,,,0.0,0,0,,,,-114.7,-119.69,-109.71,,,,0.51,0.47,0.55,,,,0.71,0.7,0.72,,,,0.61,0.61,0.61,,,,-66.38,-67.36,-65.4,,,,1710.86,1731.98,1689.73,,,,-3.88,-3.89,-3.87,,,,58.01,64.52,51.5,,,,54.09,55.56,52.63,,,,18.5,18,19,,,,9.5,11,8,,,,51.61,61.11,42.11,,,,7.5,7.0,8.0,,,,40.5,38.89,42.11,,,,0.0,0,0,,,,0.0,0,0,,,,0.0,0,0,,,,0.0,0,0,,,,0.0,0,0,,,,0.0,0,0,,,,"{'A': 0.0, 'C': 0.0, 'D': 0.5, 'E': 1.5, 'F': 2.0, 'G': 1.5, 'H': 1.0, 'I': 4.0, 'K': 0.0, 'L': 0.0, 'M': 0.0, 'N': 1.0, 'P': 1.0, 'Q': 0.0, 'R': 3.0, 'S': 0.0, 'T': 0.0, 'V': 0.0, 'W': 0.0, 'Y': 3.0}","{'A': 0, 'C': 0, 'D': 0, 'E': 1, 'F': 2, 'G': 2, 'H': 1, 'I': 4, 'K': 0, 'L': 0, 'M': 0, 'N': 1, 'P': 1, 'Q': 0, 'R': 3, 'S': 0, 'T': 0, 'V': 0, 'W': 0, 'Y': 3}","{'A': 0, 'C': 0, 'D': 1, 'E': 2, 'F': 2, 'G': 1, 'H': 1, 'I': 4, 'K': 0, 'L': 0, 'M': 0, 'N': 1, 'P': 1, 'Q': 0, 'R': 3, 'S': 0, 'T': 0, 'V': 0, 'W': 0, 'Y': 3}",,,,5.86,2.88,8.83,,,,0.38,0.42,0.34,,,,0.85,0.84,0.87,,,,0.52,0.5,0.54,,,,0.22,0.24,0.21,,,,7.3,7.38,7.23,,,,"0 hours, 0 minutes, 51 seconds",,EGFR_patchF,relaxed_filters,default_4stage_multimer
EGFRpH_F_l41_s795073_mpnn9,4stage,41,795073,-0.3,"A431,A434,A436",SYRIFEHNGRYIVIEYNENPGEGYIRIFYVEKPEDYVPDES,"B3,B5,B7,B8,B12,B14,B20,B21,B22,B23,B24,B25,B26,B27,B28,B29",1.03,0.39,0.89,0.89,0.89,,,,0.88,0.87,0.89,,,,0.87,0.87,0.87,,,,0.18,0.18,0.18,,,,0.19,0.19,0.19,,,,0.0,0,0,,,,0.0,0,0,,,,0.5,1,0,,,,0.0,0,0,,,,-133.18,-133.08,-133.28,,,,0.46,0.45,0.47,,,,0.7,0.68,0.71,,,,0.66,0.59,0.72,,,,-62.79,-65.09,-60.49,,,,1692.46,1759.62,1625.3,,,,-3.71,-3.7,-3.72,,,,62.27,64.91,59.64,,,,54.59,52.94,56.25,,,,16.5,17,16,,,,11.0,13,9,,,,66.36,76.47,56.25,,,,8.0,6.0,10.0,,,,48.89,35.29,62.5,,,,0.0,0,0,,,,0.0,0,0,,,,0.0,0,0,,,,0.0,0,0,,,,0.0,0,0,,,,0.0,0,0,,,,"{'A': 0.0, 'C': 0.0, 'D': 0.0, 'E': 1.0, 'F': 2.0, 'G': 2.0, 'H': 1.0, 'I': 4.0, 'K': 0.0, 'L': 0.0, 'M': 0.0, 'N': 1.0, 'P': 1.0, 'Q': 0.0, 'R': 2.5, 'S': 0.0, 'T': 0.0, 'V': 0.0, 'W': 0.0, 'Y': 2.0}","{'A': 0, 'C': 0, 'D': 0, 'E': 1, 'F': 2, 'G': 2, 'H': 1, 'I': 4, 'K': 0, 'L': 0, 'M': 0, 'N': 1, 'P': 1, 'Q': 0, 'R': 3, 'S': 0, 'T': 0, 'V': 0, 'W': 0, 'Y': 2}","{'A': 0, 'C': 0, 'D': 0, 'E': 1, 'F': 2, 'G': 2, 'H': 1, 'I': 4, 'K': 0, 'L': 0, 'M': 0, 'N': 1, 'P': 1, 'Q': 0, 'R': 2, 'S': 0, 'T': 0, 'V': 0, 'W': 0, 'Y': 2}",,,,1.89,0.96,2.81,,,,0.4,0.43,0.38,,,,0.88,0.89,0.86,,,,0.57,0.6,0.55,,,,0.18,0.13,0.23,,,,5.17,1.87,8.46,,,,"0 hours, 0 minutes, 53 seconds",,EGFR_patchF,relaxed_filters,default_4stage_multimer
EGFRpH_F_l41_s795073_mpnn10,4stage,41,795073,-0.3,"A431,A434,A436",AYRIFEHNGRYIVIEYNDNPGEGYIRIFYIEKPEDYKPDES,"B3,B5,B6,B7,B8,B10,B12,B14,B20,B21,B22,B23,B24,B25,B26,B27,B28,B29",1.04,0.43,0.84,0.87,0.82,,,,0.87,0.87,0.87,,,,0.85,0.85,0.85,,,,0.23,0.19,0.27,,,,0.24,0.21,0.28,,,,0.0,0,0,,,,0.0,0,0,,,,1.0,2,0,,,,0.0,0,0,,,,-120.41,-126.43,-114.38,,,,0.51,0.48,0.54,,,,0.71,0.73,0.7,,,,0.64,0.63,0.65,,,,-67.36,-71.17,-63.54,,,,1725.43,1766.99,1683.88,,,,-3.9,-4.03,-3.77,,,,58.77,66.23,51.31,,,,51.47,52.94,50.0,,,,17.5,17,18,,,,9.5,10,9,,,,54.41,58.82,50.0,,,,8.0,7.0,9.0,,,,45.59,41.18,50.0,,,,0.0,0,0,,,,0.0,0,0,,,,0.0,0,0,,,,0.0,0,0,,,,0.0,0,0,,,,0.0,0,0,,,,"{'A': 0.0, 'C': 0.0, 'D': 0.0, 'E': 1.5, 'F': 2.0, 'G': 2.0, 'H': 1.0, 'I': 4.0, 'K': 0.0, 'L': 0.0, 'M': 0.0, 'N': 1.0, 'P': 1.0, 'Q': 0.0, 'R': 3.0, 'S': 0.0, 'T': 0.0, 'V': 0.0, 'W': 0.0, 'Y': 2.0}","{'A': 0, 'C': 0, 'D': 0, 'E': 1, 'F': 2, 'G': 2, 'H': 1, 'I': 4, 'K': 0, 'L': 0, 'M': 0, 'N': 1, 'P': 1, 'Q': 0, 'R': 3, 'S': 0, 'T': 0, 'V': 0, 'W': 0, 'Y': 2}","{'A': 0, 'C': 0, 'D': 0, 'E': 2, 'F': 2, 'G': 2, 'H': 1, 'I': 4, 'K': 0, 'L': 0, 'M': 0, 'N': 1, 'P': 1, 'Q': 0, 'R': 3, 'S': 0, 'T': 0, 'V': 0, 'W': 0, 'Y': 2}",,,,6.02,2.8,9.23,,,,0.4,0.43,0.37,,,,0.86,0.85,0.88,,,,0.54,0.52,0.55,,,,0.21,0.22,0.2,,,,7.14,6.89,7.39,,,,"0 hours, 0 minutes, 51 seconds",,EGFR_patchF,relaxed_filters,default_4stage_multimer
EGFRpH_F_l41_s795073_mpnn11,4stage,41,795073,-0.3,"A431,A434,A436",AYRIFEHNGRYIVIEYNEDPGEGYIRIFYVENPEDFVPPND,"B3,B5,B6,B7,B8,B12,B14,B19,B20,B21,B22,B23,B24,B25,B26,B27,B28,B29",1.05,0.35,0.87,0.87,0.87,,,,0.88,0.87,0.88,,,,0.86,0.86,0.86,,,,0.19,0.19,0.19,,,,0.2,0.2,0.2,,,,0.0,0,0,,,,0.0,0,0,,,,0.5,1,0,,,,0.0,0,0,,,,-133.37,-133.51,-133.22,,,,0.49,0.47,0.51,,,,0.71,0.72,0.7,,,,0.69,0.68,0.69,,,,-66.14,-69.42,-62.87,,,,1752.91,1815.18,1690.63,,,,-3.77,-3.82,-3.72,,,,66.98,72.49,61.48,,,,52.78,55.56,50.0,,,,18.0,18,18,,,,10.0,11,9,,,,55.55,61.11,50.0,,,,8.0,7.0,9.0,,,,44.45,38.89,50.0,,,,0.0,0,0,,,,0.0,0,0,,,,0.0,0,0,,,,0.0,0,0,,,,0.0,0,0,,,,0.0,0,0,,,,"{'A': 0.0, 'C': 0.0, 'D': 0.5, 'E': 1.5, 'F': 2.0, 'G': 2.0, 'H': 1.0, 'I': 4.0, 'K': 0.0, 'L': 0.0, 'M': 0.0, 'N': 1.0, 'P': 1.0, 'Q': 0.0, 'R': 2.5, 'S': 0.0, 'T': 0.0, 'V': 0.0, 'W': 0.0, 'Y': 2.5}","{'A': 0, 'C': 0, 'D': 0, 'E': 1, 'F': 2, 'G': 2, 'H': 1, 'I': 4, 'K': 0, 'L': 0, 'M': 0, 'N': 1, 'P': 1, 'Q': 0, 'R': 3, 'S': 0, 'T': 0, 'V': 0, 'W': 0, 'Y': 3}","{'A': 0, 'C': 0, 'D': 1, 'E': 2, 'F': 2, 'G': 2, 'H': 1, 'I': 4, 'K': 0, 'L': 0, 'M': 0, 'N': 1, 'P': 1, 'Q': 0, 'R': 2, 'S': 0, 'T': 0, 'V': 0, 'W': 0, 'Y': 2}",,,,2.31,1.66,2.95,,,,0.38,0.42,0.35,,,,0.86,0.85,0.88,,,,0.58,0.55,0.61,,,,0.15,0.16,0.13,,,,2.5,2.34,2.65,,,,"0 hours, 0 minutes, 49 seconds",,EGFR_patchF,relaxed_filters,default_4stage_multimer
EGFRpH_F_l41_s795073_mpnn12,4stage,41,795073,-0.3,"A431,A434,A436",AYRIFEHNGRYIVIEYNENPGEGYIRIFYVENEEDFVPDDD,"B3,B5,B6,B7,B8,B10,B12,B14,B20,B21,B22,B23,B24,B25,B26,B27,B28,B29",1.05,0.26,0.83,0.83,0.84,,,,0.87,0.86,0.88,,,,0.84,0.84,0.85,,,,0.23,0.23,0.23,,,,0.24,0.24,0.24,,,,0.0,0,0,,,,0.0,0,0,,,,0.0,0,0,,,,0.0,0,0,,,,-121.69,-118.61,-124.78,,,,0.45,0.44,0.47,,,,0.71,0.72,0.71,,,,0.65,0.6,0.69,,,,-66.53,-70.71,-62.35,,,,1673.9,1729.51,1618.3,,,,-3.97,-4.09,-3.85,,,,60.54,64.23,56.85,,,,52.78,55.56,50.0,,,,18.0,18,18,,,,8.5,10,7,,,,47.23,55.56,38.89,,,,8.0,7.0,9.0,,,,44.45,38.89,50.0,,,,0.0,0,0,,,,0.0,0,0,,,,0.0,0,0,,,,0.0,0,0,,,,0.0,0,0,,,,0.0,0,0,,,,"{'A': 0.0, 'C': 0.0, 'D': 0.0, 'E': 1.5, 'F': 2.0, 'G': 2.0, 'H': 1.0, 'I': 4.0, 'K': 0.0, 'L': 0.0, 'M': 0.0, 'N': 1.0, 'P': 1.0, 'Q': 0.0, 'R': 3.0, 'S': 0.0, 'T': 0.0, 'V': 0.0, 'W': 0.0, 'Y': 2.5}","{'A': 0, 'C': 0, 'D': 0, 'E': 1, 'F': 2, 'G': 2, 'H': 1, 'I': 4, 'K': 0, 'L': 0, 'M': 0, 'N': 1, 'P': 1, 'Q': 0, 'R': 3, 'S': 0, 'T': 0, 'V': 0, 'W': 0, 'Y': 3}","{'A': 0, 'C': 0, 'D': 0, 'E': 2, 'F': 2, 'G': 2, 'H': 1, 'I': 4, 'K': 0, 'L': 0, 'M': 0, 'N': 1, 'P': 1, 'Q': 0, 'R': 3, 'S': 0, 'T': 0, 'V': 0, 'W': 0, 'Y': 2}",,,,4.12,3.61,4.64,,,,0.38,0.42,0.35,,,,0.86,0.85,0.88,,,,0.57,0.54,0.61,,,,0.15,0.17,0.13,,,,2.02,1.93,2.11,,,,"0 hours, 0 minutes, 50 seconds",,EGFR_patchF,relaxed_filters,default_4stage_multimer
EGFRpH_F_l41_s795073_mpnn13,4stage,41,795073,-0.3,"A431,A434,A436",AYRIFEHNGRYIVIEYNEDPGEGYIRIFYVDKPEDIVPPKE,"B3,B5,B7,B8,B10,B12,B14,B16,B19,B20,B21,B22,B23,B24,B25,B26,B27,B28,B29",1.05,0.39,0.85,0.85,0.85,,,,0.88,0.87,0.88,,,,0.84,0.84,0.85,,,,0.21,0.21,0.21,,,,0.22,0.22,0.22,,,,0.0,0,0,,,,0.0,0,0,,,,0.0,0,0,,,,0.0,0,0,,,,-128.55,-128.97,-128.13,,,,0.52,0.52,0.51,,,,0.71,0.72,0.7,,,,0.7,0.67,0.72,,,,-65.42,-69.44,-61.4,,,,1725.26,1727.83,1722.68,,,,-3.79,-4.02,-3.56,,,,60.59,61.21,59.97,,,,52.63,52.63,52.63,,,,19.0,19,19,,,,9.0,10,8,,,,47.37,52.63,42.11,,,,8.5,7.0,10.0,,,,44.73,36.84,52.63,,,,0.0,0,0,,,,0.0,0,0,,,,0.0,0,0,,,,0.0,0,0,,,,0.0,0,0,,,,0.0,0,0,,,,"{'A': 0.0, 'C': 0.0, 'D': 0.5, 'E': 1.5, 'F': 2.0, 'G': 2.0, 'H': 1.0, 'I': 4.0, 'K': 0.0, 'L': 0.0, 'M': 0.0, 'N': 1.0, 'P': 1.0, 'Q': 0.0, 'R': 3.0, 'S': 0.0, 'T': 0.0, 'V': 0.0, 'W': 0.0, 'Y': 3.0}","{'A': 0, 'C': 0, 'D': 0, 'E': 2, 'F': 2, 'G': 2, 'H': 1, 'I': 4, 'K': 0, 'L': 0, 'M': 0, 'N': 1, 'P': 1, 'Q': 0, 'R': 3, 'S': 0, 'T': 0, 'V': 0, 'W': 0, 'Y': 3}","{'A': 0, 'C': 0, 'D': 1, 'E': 1, 'F': 2, 'G': 2, 'H': 1, 'I': 4, 'K': 0, 'L': 0, 'M': 0, 'N': 1, 'P': 1, 'Q': 0, 'R': 3, 'S': 0, 'T': 0, 'V': 0, 'W': 0, 'Y': 3}",,,,2.41,1.61,3.2,,,,0.39,0.43,0.35,,,,0.85,0.83,0.87,,,,0.55,0.52,0.58,,,,0.17,0.19,0.15,,,,2.44,2.34,2.54,,,,"0 hours, 0 minutes, 46 seconds",,EGFR_patchF,relaxed_filters,default_4stage_multimer
EGFRpH_F_l41_s795073_mpnn14,4stage,41,795073,-0.3,"A431,A434,A436",AYRIFEHNGRYIVIEYNENPGEGYIRIFYVEDPEDFVPDDD,"B3,B5,B6,B7,B8,B10,B12,B14,B21,B22,B23,B24,B25,B26,B27,B28,B29",1.05,0.35,0.84,0.84,0.85,,,,0.88,0.87,0.88,,,,0.84,0.84,0.85,,,,0.22,0.22,0.22,,,,0.23,0.24,0.23,,,,0.0,0,0,,,,0.0,0,0,,,,0.0,0,0,,,,0.0,0,0,,,,-121.0,-127.96,-114.05,,,,0.47,0.45,0.49,,,,0.71,0.72,0.71,,,,0.71,0.66,0.75,,,,-67.25,-69.9,-64.59,,,,1729.12,1762.24,1696.0,,,,-3.89,-3.97,-3.81,,,,63.18,65.19,61.17,,,,51.31,55.56,47.06,,,,17.5,18,17,,,,9.5,10,9,,,,54.25,55.56,52.94,,,,7.5,7.0,8.0,,,,42.98,38.89,47.06,,,,0.0,0,0,,,,0.0,0,0,,,,0.0,0,0,,,,0.0,0,0,,,,0.0,0,0,,,,0.0,0,0,,,,"{'A': 0.0, 'C': 0.0, 'D': 0.0, 'E': 1.5, 'F': 2.0, 'G': 2.0, 'H': 1.0, 'I': 4.0, 'K': 0.0, 'L': 0.0, 'M': 0.0, 'N': 1.0, 'P': 0.5, 'Q': 0.0, 'R': 3.0, 'S': 0.0, 'T': 0.0, 'V': 0.0, 'W': 0.0, 'Y': 2.5}","{'A': 0, 'C': 0, 'D': 0, 'E': 1, 'F': 2, 'G': 2, 'H': 1, 'I': 4, 'K': 0, 'L': 0, 'M': 0, 'N': 1, 'P': 1, 'Q': 0, 'R': 3, 'S': 0, 'T': 0, 'V': 0, 'W': 0, 'Y': 3}","{'A': 0, 'C': 0, 'D': 0, 'E': 2, 'F': 2, 'G': 2, 'H': 1, 'I': 4, 'K': 0, 'L': 0, 'M': 0, 'N': 1, 'P': 0, 'Q': 0, 'R': 3, 'S': 0, 'T': 0, 'V': 0, 'W': 0, 'Y': 2}",,,,4.02,3.51,4.53,,,,0.38,0.42,0.35,,,,0.87,0.86,0.88,,,,0.57,0.55,0.59,,,,0.15,0.16,0.15,,,,2.63,1.91,3.36,,,,"0 hours, 0 minutes, 48 seconds",,EGFR_patchF,relaxed_filters,default_4stage_multimer
EGFRpH_F_l41_s795073_mpnn15,4stage,41,795073,-0.3,"A431,A434,A436",AYRIFEHNGRYIVIEYNENPGEGYIRIFYIENESDFVPDDS,"B3,B5,B6,B7,B8,B10,B12,B14,B16,B20,B21,B22,B23,B24,B25,B26,B27,B28,B29",1.06,0.35,0.86,0.85,0.87,,,,0.88,0.87,0.88,,,,0.84,0.84,0.85,,,,0.21,0.21,0.2,,,,0.22,0.23,0.21,,,,0.0,0,0,,,,0.0,0,0,,,,0.0,0,0,,,,0.0,0,0,,,,-132.01,-131.96,-132.06,,,,0.43,0.41,0.46,,,,0.7,0.71,0.7,,,,0.64,0.61,0.67,,,,-67.27,-69.01,-65.52,,,,1738.7,1734.73,1742.66,,,,-3.87,-3.98,-3.76,,,,66.14,67.8,64.49,,,,54.09,55.56,52.63,,,,18.5,18,19,,,,9.5,9,10,,,,51.31,50.0,52.63,,,,8.0,7.0,9.0,,,,43.13,38.89,47.37,,,,0.0,0,0,,,,0.0,0,0,,,,0.0,0,0,,,,0.0,0,0,,,,0.0,0,0,,,,0.0,0,0,,,,"{'A': 0.0, 'C': 0.0, 'D': 0.0, 'E': 1.5, 'F': 2.0, 'G': 2.0, 'H': 1.0, 'I': 4.0, 'K': 0.0, 'L': 0.0, 'M': 0.0, 'N': 1.0, 'P': 1.0, 'Q': 0.0, 'R': 3.0, 'S': 0.0, 'T': 0.0, 'V': 0.0, 'W': 0.0, 'Y': 3.0}","{'A': 0, 'C': 0, 'D': 0, 'E': 1, 'F': 2, 'G': 2, 'H': 1, 'I': 4, 'K': 0, 'L': 0, 'M': 0, 'N': 1, 'P': 1, 'Q': 0, 'R': 3, 'S': 0, 'T': 0, 'V': 0, 'W': 0, 'Y': 3}","{'A': 0, 'C': 0, 'D': 0, 'E': 2, 'F': 2, 'G': 2, 'H': 1, 'I': 4, 'K': 0, 'L': 0, 'M': 0, 'N': 1, 'P': 1, 'Q': 0, 'R': 3, 'S': 0, 'T': 0, 'V': 0, 'W': 0, 'Y': 3}",,,,2.06,1.28,2.84,,,,0.38,0.42,0.35,,,,0.91,0.89,0.92,,,,0.62,0.61,0.64,,,,0.12,0.13,0.11,,,,2.0,1.8,2.19,,,,"0 hours, 0 minutes, 49 seconds",,EGFR_patchF,relaxed_filters,default_4stage_multimer
EGFRpH_F_l41_s795073_mpnn16,4stage,41,795073,-0.3,"A431,A434,A436",AYRIFEHNGRYIVIEYNDDPGEGYIRIFYVENESDFVPDKS,"B3,B5,B7,B8,B10,B12,B14,B19,B20,B21,B22,B23,B24,B25,B26,B27,B28,B29",1.07,0.35,0.85,0.84,0.87,,,,0.88,0.87,0.88,,,,0.84,0.84,0.85,,,,0.21,0.23,0.19,,,,0.22,0.24,0.21,,,,0.0,0,0,,,,0.0,0,0,,,,0.5,1,0,,,,0.0,0,0,,,,-128.88,-122.07,-135.7,,,,0.46,0.46,0.47,,,,0.69,0.7,0.69,,,,0.68,0.65,0.7,,,,-66.22,-69.73,-62.72,,,,1704.94,1691.47,1718.41,,,,-3.88,-4.12,-3.65,,,,63.73,62.42,65.05,,,,50.0,50.0,50.0,,,,18.0,18,18,,,,10.5,10,11,,,,58.34,55.56,61.11,,,,8.5,8.0,9.0,,,,47.22,44.44,50.0,,,,0.0,0,0,,,,0.0,0,0,,,,0.0,0,0,,,,0.0,0,0,,,,0.0,0,0,,,,0.0,0,0,,,,"{'A': 0.0, 'C': 0.0, 'D': 0.5, 'E': 1.5, 'F': 2.0, 'G': 2.0, 'H': 1.0, 'I': 4.0, 'K': 0.0, 'L': 0.0, 'M': 0.0, 'N': 1.0, 'P': 1.0, 'Q': 0.0, 'R': 3.0, 'S': 0.0, 'T': 0.0, 'V': 0.0, 'W': 0.0, 'Y': 2.0}","{'A': 0, 'C': 0, 'D': 0, 'E': 2, 'F': 2, 'G': 2, 'H': 1, 'I': 4, 'K': 0, 'L': 0, 'M': 0, 'N': 1, 'P': 1, 'Q': 0, 'R': 3, 'S': 0, 'T': 0, 'V': 0, 'W': 0, 'Y': 2}","{'A': 0, 'C': 0, 'D': 1, 'E': 1, 'F': 2, 'G': 2, 'H': 1, 'I': 4, 'K': 0, 'L': 0, 'M': 0, 'N': 1, 'P': 1, 'Q': 0, 'R': 3, 'S': 0, 'T': 0, 'V': 0, 'W': 0, 'Y': 2}",,,,2.88,2.92,2.84,,,,0.38,0.42,0.35,,,,0.91,0.89,0.92,,,,0.62,0.6,0.64,,,,0.12,0.13,0.1,,,,2.48,2.41,2.54,,,,"0 hours, 0 minutes, 48 seconds",,EGFR_patchF,relaxed_filters,default_4stage_multimer
EGFRpH_F_l41_s795073_mpnn17,4stage,41,795073,-0.3,"A431,A434,A436",AYRIFEHNGRYIVIEYNEDPGEGYIRIFYVDEPEDFVPPEE,"B3,B5,B6,B7,B8,B12,B14,B19,B20,B21,B22,B23,B24,B25,B26,B27,B28,B29",1.07,0.39,0.89,0.89,0.89,,,,0.88,0.87,0.88,,,,0.87,0.87,0.87,,,,0.18,0.18,0.18,,,,0.2,0.2,0.19,,,,0.0,0,0,,,,0.0,0,0,,,,0.5,1,0,,,,0.0,0,0,,,,-128.94,-125.34,-132.54,,,,0.52,0.5,0.53,,,,0.71,0.73,0.69,,,,0.69,0.67,0.7,,,,-65.44,-70.39,-60.48,,,,1718.41,1747.88,1688.94,,,,-3.81,-4.03,-3.58,,,,61.41,62.81,60.0,,,,52.78,55.56,50.0,,,,18.0,18,18,,,,10.0,11,9,,,,55.55,61.11,50.0,,,,8.5,8.0,9.0,,,,47.22,44.44,50.0,,,,0.0,0,0,,,,0.0,0,0,,,,0.0,0,0,,,,0.0,0,0,,,,0.0,0,0,,,,0.0,0,0,,,,"{'A': 0.0, 'C': 0.0, 'D': 0.5, 'E': 1.5, 'F': 2.0, 'G': 2.0, 'H': 1.0, 'I': 4.0, 'K': 0.0, 'L': 0.0, 'M': 0.0, 'N': 1.0, 'P': 1.0, 'Q': 0.0, 'R': 2.5, 'S': 0.0, 'T': 0.0, 'V': 0.0, 'W': 0.0, 'Y': 2.5}","{'A': 0, 'C': 0, 'D': 0, 'E': 1, 'F': 2, 'G': 2, 'H': 1, 'I': 4, 'K': 0, 'L': 0, 'M': 0, 'N': 1, 'P': 1, 'Q': 0, 'R': 3, 'S': 0, 'T': 0, 'V': 0, 'W': 0, 'Y': 3}","{'A': 0, 'C': 0, 'D': 1, 'E': 2, 'F': 2, 'G': 2, 'H': 1, 'I': 4, 'K': 0, 'L': 0, 'M': 0, 'N': 1, 'P': 1, 'Q': 0, 'R': 2, 'S': 0, 'T': 0, 'V': 0, 'W': 0, 'Y': 2}",,,,2.35,1.58,3.13,,,,0.38,0.42,0.34,,,,0.88,0.87,0.89,,,,0.59,0.56,0.62,,,,0.14,0.16,0.12,,,,2.3,2.3,2.3,,,,"0 hours, 0 minutes, 49 seconds",,EGFR_patchF,relaxed_filters,default_4stage_multimer
EGFRpH_F_l41_s795073_mpnn18,4stage,41,795073,-0.3,"A431,A434,A436",SIRIFEHNGRYIVIEYNENPGEGYIRIFYVENPEDVVPDIS,"B3,B5,B6,B7,B8,B10,B12,B14,B16,B20,B21,B22,B23,B24,B25,B26,B27,B28,B29",1.07,0.35,0.83,0.82,0.84,,,,0.87,0.86,0.88,,,,0.84,0.83,0.85,,,,0.23,0.24,0.22,,,,0.24,0.25,0.23,,,,0.0,0,0,,,,0.0,0,0,,,,0.5,1,0,,,,0.0,0,0,,,,-127.63,-126.51,-128.76,,,,0.49,0.49,0.49,,,,0.71,0.71,0.71,,,,0.71,0.7,0.73,,,,-64.97,-67.28,-62.67,,,,1665.71,1644.34,1687.08,,,,-3.9,-4.09,-3.71,,,,59.69,59.62,59.76,,,,52.78,52.94,52.63,,,,18.0,17,19,,,,9.0,10,8,,,,50.47,58.82,42.11,,,,7.5,7.0,8.0,,,,41.64,41.18,42.11,,,,0.0,0,0,,,,0.0,0,0,,,,0.0,0,0,,,,0.0,0,0,,,,0.0,0,0,,,,0.0,0,0,,,,"{'A': 0.0, 'C': 0.0, 'D': 0.0, 'E': 1.5, 'F': 2.0, 'G': 2.0, 'H': 1.0, 'I': 4.0, 'K': 0.0, 'L': 0.0, 'M': 0.0, 'N': 1.0, 'P': 1.0, 'Q': 0.0, 'R': 3.0, 'S': 0.0, 'T': 0.0, 'V': 0.0, 'W': 0.0, 'Y': 2.5}","{'A': 0, 'C': 0, 'D': 0, 'E': 1, 'F': 2, 'G': 2, 'H': 1, 'I': 4, 'K': 0, 'L': 0, 'M': 0, 'N': 1, 'P': 1, 'Q': 0, 'R': 3, 'S': 0, 'T': 0, 'V': 0, 'W': 0, 'Y': 2}","{'A': 0, 'C': 0, 'D': 0, 'E': 2, 'F': 2, 'G': 2, 'H': 1, 'I': 4, 'K': 0, 'L': 0, 'M': 0, 'N': 1, 'P': 1, 'Q': 0, 'R': 3, 'S': 0, 'T': 0, 'V': 0, 'W': 0, 'Y': 3}",,,,4.49,4.51,4.47,,,,0.39,0.42,0.36,,,,0.85,0.84,0.87,,,,0.57,0.55,0.59,,,,0.16,0.18,0.15,,,,3.79,3.71,3.86,,,,"0 hours, 0 minutes, 48 seconds",,EGFR_patchF,relaxed_filters,default_4stage_multimer
EGFRpH_F_l41_s795073_mpnn19,4stage,41,795073,-0.3,"A431,A434,A436",AYRIFEHNGRYIVIEYNEDPGEGYIRIFYVDDPSDFKPNND,"B3,B5,B6,B7,B8,B12,B14,B19,B20,B21,B22,B23,B24,B25,B26,B27,B28,B29",1.11,0.52,0.88,0.88,0.87,,,,0.88,0.87,0.88,,,,0.86,0.87,0.86,,,,0.18,0.18,0.19,,,,0.2,0.2,0.2,,,,0.0,0,0,,,,0.0,0,0,,,,0.0,0,0,,,,0.0,0,0,,,,-133.32,-132.41,-134.23,,,,0.44,0.42,0.47,,,,0.7,0.7,0.71,,,,0.64,0.58,0.69,,,,-65.11,-67.2,-63.01,,,,1719.95,1765.26,1674.63,,,,-3.79,-3.81,-3.76,,,,64.59,68.0,61.18,,,,51.47,52.94,50.0,,,,17.5,17,18,,,,11.0,11,11,,,,62.91,64.71,61.11,,,,7.0,6.0,8.0,,,,39.86,35.29,44.44,,,,0.0,0,0,,,,0.0,0,0,,,,0.0,0,0,,,,0.0,0,0,,,,0.0,0,0,,,,0.0,0,0,,,,"{'A': 0.0, 'C': 0.0, 'D': 0.5, 'E': 1.5, 'F': 2.0, 'G': 2.0, 'H': 1.0, 'I': 4.0, 'K': 0.0, 'L': 0.0, 'M': 0.0, 'N': 1.0, 'P': 1.0, 'Q': 0.0, 'R': 2.5, 'S': 0.0, 'T': 0.0, 'V': 0.0, 'W': 0.0, 'Y': 2.0}","{'A': 0, 'C': 0, 'D': 0, 'E': 1, 'F': 2, 'G': 2, 'H': 1, 'I': 4, 'K': 0, 'L': 0, 'M': 0, 'N': 1, 'P': 1, 'Q': 0, 'R': 3, 'S': 0, 'T': 0, 'V': 0, 'W': 0, 'Y': 2}","{'A': 0, 'C': 0, 'D': 1, 'E': 2, 'F': 2, 'G': 2, 'H': 1, 'I': 4, 'K': 0, 'L': 0, 'M': 0, 'N': 1, 'P': 1, 'Q': 0, 'R': 2, 'S': 0, 'T': 0, 'V': 0, 'W': 0, 'Y': 2}",,,,1.86,0.92,2.81,,,,0.4,0.43,0.36,,,,0.88,0.86,0.9,,,,0.6,0.56,0.64,,,,0.13,0.15,0.11,,,,2.21,2.09,2.34,,,,"0 hours, 0 minutes, 48 seconds",,EGFR_patchF,relaxed_filters,default_4stage_multimer
EGFRpH_F_l41_s795073_mpnn20,4stage,41,795073,-0.3,"A431,A434,A436",SYRIFEHNGRYIVIEYNDDPGEGYIRIFYVENEKDFKPPNS,"B3,B5,B6,B7,B8,B10,B12,B14,B19,B20,B21,B22,B23,B24,B25,B26,B27,B28,B29",1.12,0.39,0.86,0.86,0.87,,,,0.88,0.87,0.88,,,,0.84,0.84,0.85,,,,0.2,0.21,0.19,,,,0.21,0.22,0.21,,,,0.0,0,0,,,,0.0,0,0,,,,0.5,1,0,,,,0.0,0,0,,,,-131.84,-128.83,-134.84,,,,0.41,0.41,0.41,,,,0.7,0.7,0.7,,,,0.68,0.65,0.71,,,,-66.36,-68.43,-64.28,,,,1734.25,1762.4,1706.1,,,,-3.83,-3.88,-3.77,,,,64.9,66.7,63.1,,,,50.16,52.94,47.37,,,,18.0,17,19,,,,9.5,10,9,,,,53.09,58.82,47.37,,,,8.5,8.0,9.0,,,,47.22,47.06,47.37,,,,0.0,0,0,,,,0.0,0,0,,,,0.0,0,0,,,,0.0,0,0,,,,0.0,0,0,,,,0.0,0,0,,,,"{'A': 0.0, 'C': 0.0, 'D': 0.5, 'E': 1.5, 'F': 2.0, 'G': 2.0, 'H': 1.0, 'I': 4.0, 'K': 0.0, 'L': 0.0, 'M': 0.0, 'N': 1.0, 'P': 1.0, 'Q': 0.0, 'R': 3.0, 'S': 0.0, 'T': 0.0, 'V': 0.0, 'W': 0.0, 'Y': 2.0}","{'A': 0, 'C': 0, 'D': 0, 'E': 1, 'F': 2, 'G': 2, 'H': 1, 'I': 4, 'K': 0, 'L': 0, 'M': 0, 'N': 1, 'P': 1, 'Q': 0, 'R': 3, 'S': 0, 'T': 0, 'V': 0, 'W': 0, 'Y': 2}","{'A': 0, 'C': 0, 'D': 1, 'E': 2, 'F': 2, 'G': 2, 'H': 1, 'I': 4, 'K': 0, 'L': 0, 'M': 0, 'N': 1, 'P': 1, 'Q': 0, 'R': 3, 'S': 0, 'T': 0, 'V': 0, 'W': 0, 'Y': 2}",,,,3.17,3.16,3.19,,,,0.38,0.42,0.34,,,,0.89,0.88,0.89,,,,0.59,0.58,0.61,,,,0.13,0.14,0.12,,,,2.6,2.58,2.63,,,,"0 hours, 0 minutes, 47 seconds",,EGFR_patchF,relaxed_filters,default_4stage_multimer
EGFRpH_F_l31_s744687_mpnn1,4stage,31,744687,-0.3,"A431,A434,A436",AALEIVVKYDKEKGQILVTVTDENGNVHEYM,"B1,B2,B3,B4,B5,B6,B7,B8,B9,B16,B18,B20,B23,B30,B31",0.95,0.47,0.92,0.91,0.92,,,,0.88,0.87,0.89,,,,0.9,0.89,0.9,,,,0.15,0.16,0.15,,,,0.17,0.17,0.16,,,,0.0,0,0,,,,0.0,0,0,,,,0.5,1,0,,,,0.0,0,0,,,,-102.53,-101.51,-103.54,,,,0.5,0.48,0.52,,,,0.67,0.67,0.66,,,,0.68,0.66,0.69,,,,-53.78,-54.97,-52.59,,,,1442.99,1439.21,1446.77,,,,-3.72,-3.82,-3.63,,,,68.02,68.29,67.74,,,,77.5,75.0,80.0,,,,15.5,16,15,,,,6.0,6,6,,,,38.75,37.5,40.0,,,,5.0,6.0,4.0,,,,32.09,37.5,26.67,,,,0.0,0,0,,,,0.0,0,0,,,,0.0,0,0,,,,0.0,0,0,,,,0.0,0,0,,,,0.0,0,0,,,,"{'A': 2.0, 'C': 0.0, 'D': 0.0, 'E': 2.0, 'F': 0.0, 'G': 0.0, 'H': 0.0, 'I': 2.0, 'K': 1.0, 'L': 1.0, 'M': 1.0, 'N': 0.0, 'P': 0.0, 'Q': 0.5, 'R': 0.0, 'S': 0.0, 'T': 0.0, 'V': 4.0, 'W': 0.0, 'Y': 2.0}","{'A': 2, 'C': 0, 'D': 0, 'E': 2, 'F': 0, 'G': 0, 'H': 0, 'I': 2, 'K': 1, 'L': 1, 'M': 1, 'N': 0, 'P': 0, 'Q': 1, 'R': 0, 'S': 0, 'T': 0, 'V': 4, 'W': 0, 'Y': 2}","{'A': 2, 'C': 0, 'D': 0, 'E': 2, 'F': 0, 'G': 0, 'H': 0, 'I': 2, 'K': 1, 'L': 1, 'M': 1, 'N': 0, 'P': 0, 'Q': 0, 'R': 0, 'S': 0, 'T': 0, 'V': 4, 'W': 0, 'Y': 2}",,,,0.64,0.69,0.58,,,,0.38,0.41,0.34,,,,0.93,0.92,0.94,,,,0.5,0.48,0.52,,,,0.11,0.11,0.1,,,,2.01,1.8,2.22,,,,"0 hours, 1 minutes, 30 seconds",,EGFR_patchF,relaxed_filters,default_4stage_multimer
EGFRpH_F_l31_s744687_mpnn2,4stage,31,744687,-0.3,"A431,A434,A436",AALEIVVKYDEEKGQIVVTVTDENGNVHEYM,"B1,B2,B3,B4,B5,B6,B7,B8,B9,B15,B16,B18,B20,B23,B30,B31",0.99,0.59,0.92,0.92,0.91,,,,0.88,0.87,0.88,,,,0.9,0.89,0.9,,,,0.15,0.16,0.15,,,,0.17,0.17,0.16,,,,0.0,0,0,,,,0.0,0,0,,,,0.5,1,0,,,,0.0,0,0,,,,-104.38,-104.45,-104.31,,,,0.51,0.52,0.5,,,,0.68,0.66,0.7,,,,0.64,0.63,0.65,,,,-59.25,-55.79,-62.72,,,,1510.37,1440.17,1580.57,,,,-3.92,-3.87,-3.97,,,,76.8,72.59,81.0,,,,77.5,80.0,75.0,,,,15.5,15,16,,,,9.0,8,10,,,,57.91,53.33,62.5,,,,4.0,4.0,4.0,,,,25.84,26.67,25.0,,,,0.0,0,0,,,,0.0,0,0,,,,0.0,0,0,,,,0.0,0,0,,,,0.0,0,0,,,,0.0,0,0,,,,"{'A': 2.0, 'C': 0.0, 'D': 0.0, 'E': 2.0, 'F': 0.0, 'G': 0.0, 'H': 0.0, 'I': 2.0, 'K': 1.0, 'L': 1.0, 'M': 1.0, 'N': 0.0, 'P': 0.0, 'Q': 0.5, 'R': 0.0, 'S': 0.0, 'T': 0.0, 'V': 4.0, 'W': 0.0, 'Y': 2.0}","{'A': 2, 'C': 0, 'D': 0, 'E': 2, 'F': 0, 'G': 0, 'H': 0, 'I': 2, 'K': 1, 'L': 1, 'M': 1, 'N': 0, 'P': 0, 'Q': 0, 'R': 0, 'S': 0, 'T': 0, 'V': 4, 'W': 0, 'Y': 2}","{'A': 2, 'C': 0, 'D': 0, 'E': 2, 'F': 0, 'G': 0, 'H': 0, 'I': 2, 'K': 1, 'L': 1, 'M': 1, 'N': 0, 'P': 0, 'Q': 1, 'R': 0, 'S': 0, 'T': 0, 'V': 4, 'W': 0, 'Y': 2}",,,,1.29,0.65,1.94,,,,0.36,0.41,0.32,,,,0.93,0.92,0.93,,,,0.49,0.48,0.51,,,,0.11,0.11,0.1,,,,1.51,1.4,1.62,,,,"0 hours, 0 minutes, 47 seconds",,EGFR_patchF,relaxed_filters,default_4stage_multimer
EGFRpH_F_l31_s744687_mpnn3,4stage,31,744687,-0.3,"A431,A434,A436",AALEIVVKYDEEKGQIVVTVTDENGNVHVYM,"B1,B2,B3,B4,B5,B6,B7,B8,B9,B15,B16,B18,B20,B23,B30,B31",1.0,0.59,0.92,0.92,0.91,,,,0.88,0.87,0.89,,,,0.9,0.89,0.9,,,,0.15,0.16,0.15,,,,0.17,0.17,0.16,,,,0.0,0,0,,,,0.0,0,0,,,,0.5,1,0,,,,0.0,0,0,,,,-106.88,-104.93,-108.82,,,,0.53,0.54,0.52,,,,0.69,0.67,0.7,,,,0.7,0.67,0.72,,,,-60.66,-54.81,-66.52,,,,1512.51,1462.27,1562.74,,,,-4.0,-3.75,-4.26,,,,78.05,74.13,81.97,,,,75.0,75.0,75.0,,,,16.0,16,16,,,,7.5,6,9,,,,46.88,37.5,56.25,,,,5.0,6.0,4.0,,,,31.25,37.5,25.0,,,,0.0,0,0,,,,0.0,0,0,,,,0.0,0,0,,,,0.0,0,0,,,,0.0,0,0,,,,0.0,0,0,,,,"{'A': 2.0, 'C': 0.0, 'D': 0.0, 'E': 2.0, 'F': 0.0, 'G': 0.0, 'H': 0.0, 'I': 2.0, 'K': 1.0, 'L': 1.0, 'M': 1.0, 'N': 0.0, 'P': 0.0, 'Q': 1.0, 'R': 0.0, 'S': 0.0, 'T': 0.0, 'V': 4.0, 'W': 0.0, 'Y': 2.0}","{'A': 2, 'C': 0, 'D': 0, 'E': 2, 'F': 0, 'G': 0, 'H': 0, 'I': 2, 'K': 1, 'L': 1, 'M': 1, 'N': 0, 'P': 0, 'Q': 1, 'R': 0, 'S': 0, 'T': 0, 'V': 4, 'W': 0, 'Y': 2}","{'A': 2, 'C': 0, 'D': 0, 'E': 2, 'F': 0, 'G': 0, 'H': 0, 'I': 2, 'K': 1, 'L': 1, 'M': 1, 'N': 0, 'P': 0, 'Q': 1, 'R': 0, 'S': 0, 'T': 0, 'V': 4, 'W': 0, 'Y': 2}",,,,1.34,0.72,1.97,,,,0.38,0.41,0.34,,,,0.94,0.93,0.94,,,,0.53,0.52,0.53,,,,0.1,0.1,0.09,,,,1.55,1.42,1.68,,,,"0 hours, 0 minutes, 45 seconds",,EGFR_patchF,relaxed_filters,default_4stage_multimer
EGFRpH_F_l31_s744687_mpnn4,4stage,31,744687,-0.3,"A431,A434,A436",AALEIVVKYDEEKGQIVVEVTTESGEKKVYM,"B1,B2,B3,B4,B5,B6,B7,B8,B9,B16,B18,B20,B23,B30,B31",1.0,0.41,0.91,0.91,0.9,,,,0.87,0.86,0.88,,,,0.89,0.88,0.89,,,,0.17,0.17,0.16,,,,0.18,0.18,0.18,,,,0.0,0,0,,,,0.0,0,0,,,,0.0,0,0,,,,0.0,0,0,,,,-106.26,-105.73,-106.79,,,,0.5,0.5,0.5,,,,0.69,0.7,0.69,,,,0.67,0.68,0.66,,,,-56.67,-57.46,-55.88,,,,1433.66,1423.48,1443.85,,,,-3.96,-4.04,-3.87,,,,73.32,72.8,73.85,,,,80.0,80.0,80.0,,,,15.0,15,15,,,,8.5,9,8,,,,56.66,60.0,53.33,,,,3.0,2.0,4.0,,,,20.0,13.33,26.67,,,,0.0,0,0,,,,0.0,0,0,,,,0.0,0,0,,,,0.0,0,0,,,,0.0,0,0,,,,0.0,0,0,,,,"{'A': 2.0, 'C': 0.0, 'D': 0.0, 'E': 2.0, 'F': 0.0, 'G': 0.0, 'H': 0.0, 'I': 2.0, 'K': 1.0, 'L': 1.0, 'M': 1.0, 'N': 0.0, 'P': 0.0, 'Q': 0.0, 'R': 0.0, 'S': 0.0, 'T': 0.0, 'V': 4.0, 'W': 0.0, 'Y': 2.0}","{'A': 2, 'C': 0, 'D': 0, 'E': 2, 'F': 0, 'G': 0, 'H': 0, 'I': 2, 'K': 1, 'L': 1, 'M': 1, 'N': 0, 'P': 0, 'Q': 0, 'R': 0, 'S': 0, 'T': 0, 'V': 4, 'W': 0, 'Y': 2}","{'A': 2, 'C': 0, 'D': 0, 'E': 2, 'F': 0, 'G': 0, 'H': 0, 'I': 2, 'K': 1, 'L': 1, 'M': 1, 'N': 0, 'P': 0, 'Q': 0, 'R': 0, 'S': 0, 'T': 0, 'V': 4, 'W': 0, 'Y': 2}",,,,0.71,0.72,0.7,,,,0.36,0.4,0.31,,,,0.91,0.91,0.91,,,,0.47,0.47,0.48,,,,0.12,0.12,0.12,,,,1.52,1.36,1.68,,,,"0 hours, 0 minutes, 45 seconds",,EGFR_patchF,relaxed_filters,default_4stage_multimer
EGFRpH_F_l31_s744687_mpnn5,4stage,31,744687,-0.3,"A431,A434,A436",AALEIVVKYDEEKGQIVVTVTDENGNVTEYM,"B1,B2,B3,B4,B5,B6,B7,B8,B9,B15,B16,B18,B20,B23,B30,B31",1.01,0.53,0.92,0.92,0.92,,,,0.88,0.87,0.88,,,,0.9,0.89,0.9,,,,0.15,0.16,0.15,,,,0.17,0.17,0.16,,,,0.0,0,0,,,,0.0,0,0,,,,0.5,1,0,,,,0.0,0,0,,,,-106.71,-106.29,-107.12,,,,0.51,0.52,0.5,,,,0.69,0.66,0.72,,,,0.69,0.69,0.68,,,,-58.31,-53.17,-63.46,,,,1495.13,1424.44,1565.82,,,,-3.89,-3.73,-4.05,,,,77.53,73.96,81.11,,,,75.0,75.0,75.0,,,,16.0,16,16,,,,7.5,7,8,,,,46.88,43.75,50.0,,,,5.0,6.0,4.0,,,,31.25,37.5,25.0,,,,0.0,0,0,,,,0.0,0,0,,,,0.0,0,0,,,,0.0,0,0,,,,0.0,0,0,,,,0.0,0,0,,,,"{'A': 2.0, 'C': 0.0, 'D': 0.0, 'E': 2.0, 'F': 0.0, 'G': 0.0, 'H': 0.0, 'I': 2.0, 'K': 1.0, 'L': 1.0, 'M': 1.0, 'N': 0.0, 'P': 0.0, 'Q': 1.0, 'R': 0.0, 'S': 0.0, 'T': 0.0, 'V': 4.0, 'W': 0.0, 'Y': 2.0}","{'A': 2, 'C': 0, 'D': 0, 'E': 2, 'F': 0, 'G': 0, 'H': 0, 'I': 2, 'K': 1, 'L': 1, 'M': 1, 'N': 0, 'P': 0, 'Q': 1, 'R': 0, 'S': 0, 'T': 0, 'V': 4, 'W': 0, 'Y': 2}","{'A': 2, 'C': 0, 'D': 0, 'E': 2, 'F': 0, 'G': 0, 'H': 0, 'I': 2, 'K': 1, 'L': 1, 'M': 1, 'N': 0, 'P': 0, 'Q': 1, 'R': 0, 'S': 0, 'T': 0, 'V': 4, 'W': 0, 'Y': 2}",,,,1.3,0.67,1.94,,,,0.37,0.41,0.33,,,,0.93,0.92,0.94,,,,0.51,0.49,0.52,,,,0.11,0.11,0.1,,,,1.52,1.42,1.63,,,,"0 hours, 0 minutes, 44 seconds",,EGFR_patchF,relaxed_filters,default_4stage_multimer
EGFRpH_F_l31_s744687_mpnn6,4stage,31,744687,-0.3,"A431,A434,A436",AALEIVVKYDEEKGQIVVTVTDENGEVHIYM,"B1,B2,B3,B4,B5,B6,B7,B8,B9,B15,B16,B18,B20,B23,B30,B31",1.02,0.65,0.92,0.92,0.91,,,,0.88,0.87,0.89,,,,0.89,0.89,0.89,,,,0.16,0.16,0.16,,,,0.17,0.17,0.17,,,,0.0,0,0,,,,0.0,0,0,,,,0.5,1,0,,,,0.0,0,0,,,,-104.12,-103.29,-104.96,,,,0.56,0.55,0.57,,,,0.65,0.66,0.64,,,,0.61,0.6,0.62,,,,-54.23,-55.93,-52.52,,,,1486.29,1492.47,1480.11,,,,-3.65,-3.75,-3.55,,,,74.12,75.6,72.65,,,,75.0,75.0,75.0,,,,16.0,16,16,,,,6.5,7,6,,,,40.62,43.75,37.5,,,,5.0,4.0,6.0,,,,31.25,25.0,37.5,,,,0.0,0,0,,,,0.0,0,0,,,,0.0,0,0,,,,0.0,0,0,,,,0.0,0,0,,,,0.0,0,0,,,,"{'A': 2.0, 'C': 0.0, 'D': 0.0, 'E': 2.0, 'F': 0.0, 'G': 0.0, 'H': 0.0, 'I': 2.0, 'K': 1.0, 'L': 1.0, 'M': 1.0, 'N': 0.0, 'P': 0.0, 'Q': 1.0, 'R': 0.0, 'S': 0.0, 'T': 0.0, 'V': 4.0, 'W': 0.0, 'Y': 2.0}","{'A': 2, 'C': 0, 'D': 0, 'E': 2, 'F': 0, 'G': 0, 'H': 0, 'I': 2, 'K': 1, 'L': 1, 'M': 1, 'N': 0, 'P': 0, 'Q': 1, 'R': 0, 'S': 0, 'T': 0, 'V': 4, 'W': 0, 'Y': 2}","{'A': 2, 'C': 0, 'D': 0, 'E': 2, 'F': 0, 'G': 0, 'H': 0, 'I': 2, 'K': 1, 'L': 1, 'M': 1, 'N': 0, 'P': 0, 'Q': 1, 'R': 0, 'S': 0, 'T': 0, 'V': 4, 'W': 0, 'Y': 2}",,,,0.68,0.66,0.69,,,,0.36,0.41,0.32,,,,0.94,0.93,0.94,,,,0.52,0.51,0.53,,,,0.1,0.1,0.1,,,,1.57,1.42,1.73,,,,"0 hours, 0 minutes, 45 seconds",,EGFR_patchF,relaxed_filters,default_4stage_multimer
EGFRpH_F_l31_s744687_mpnn7,4stage,31,744687,-0.3,"A431,A434,A436",AALEIVVKYDKEKGQIVVTVTDEDGKVHEYM,"B1,B2,B3,B4,B5,B6,B7,B8,B9,B15,B16,B18,B20,B23,B30,B31",1.02,0.65,0.92,0.92,0.92,,,,0.88,0.87,0.89,,,,0.9,0.89,0.9,,,,0.15,0.16,0.15,,,,0.17,0.17,0.16,,,,0.0,0,0,,,,0.0,0,0,,,,0.5,1,0,,,,0.0,0,0,,,,-101.73,-101.59,-101.87,,,,0.51,0.5,0.52,,,,0.66,0.65,0.67,,,,0.67,0.65,0.68,,,,-54.49,-54.09,-54.89,,,,1429.72,1441.2,1418.24,,,,-3.81,-3.75,-3.87,,,,71.29,71.8,70.78,,,,77.5,80.0,75.0,,,,15.5,15,16,,,,6.5,7,6,,,,42.09,46.67,37.5,,,,4.0,4.0,4.0,,,,25.84,26.67,25.0,,,,0.0,0,0,,,,0.0,0,0,,,,0.0,0,0,,,,0.0,0,0,,,,0.0,0,0,,,,0.0,0,0,,,,"{'A': 2.0, 'C': 0.0, 'D': 0.0, 'E': 2.0, 'F': 0.0, 'G': 0.0, 'H': 0.0, 'I': 2.0, 'K': 1.0, 'L': 1.0, 'M': 1.0, 'N': 0.0, 'P': 0.0, 'Q': 0.5, 'R': 0.0, 'S': 0.0, 'T': 0.0, 'V': 4.0, 'W': 0.0, 'Y': 2.0}","{'A': 2, 'C': 0, 'D': 0, 'E': 2, 'F': 0, 'G': 0, 'H': 0, 'I': 2, 'K': 1, 'L': 1, 'M': 1, 'N': 0, 'P': 0, 'Q': 0, 'R': 0, 'S': 0, 'T': 0, 'V': 4, 'W': 0, 'Y': 2}","{'A': 2, 'C': 0, 'D': 0, 'E': 2, 'F': 0, 'G': 0, 'H': 0, 'I': 2, 'K': 1, 'L': 1, 'M': 1, 'N': 0, 'P': 0, 'Q': 1, 'R': 0, 'S': 0, 'T': 0, 'V': 4, 'W': 0, 'Y': 2}",,,,0.55,0.54,0.56,,,,0.36,0.4,0.33,,,,0.91,0.9,0.92,,,,0.47,0.46,0.49,,,,0.12,0.13,0.11,,,,1.53,1.42,1.64,,,,"0 hours, 0 minutes, 45 seconds",,EGFR_patchF,relaxed_filters,default_4stage_multimer
EGFRpH_F_l31_s744687_mpnn8,4stage,31,744687,-0.3,"A431,A434,A436",AALEIVVKYDEKKGQIVVEVTDESGNKHVYM,"B1,B2,B3,B4,B5,B6,B7,B8,B9,B16,B18,B20,B23,B30,B31",1.03,0.53,0.91,0.91,0.91,,,,0.88,0.87,0.88,,,,0.89,0.89,0.89,,,,0.16,0.16,0.16,,,,0.17,0.18,0.17,,,,0.0,0,0,,,,0.0,0,0,,,,1.0,2,0,,,,0.0,0,0,,,,-105.16,-103.97,-106.35,,,,0.5,0.52,0.48,,,,0.7,0.72,0.69,,,,0.65,0.69,0.61,,,,-61.02,-58.59,-63.44,,,,1490.06,1438.02,1542.1,,,,-4.09,-4.07,-4.11,,,,75.1,71.85,78.35,,,,77.5,75.0,80.0,,,,15.5,16,15,,,,9.0,8,10,,,,58.34,50.0,66.67,,,,2.5,3.0,2.0,,,,16.04,18.75,13.33,,,,0.0,0,0,,,,0.0,0,0,,,,0.0,0,0,,,,0.0,0,0,,,,0.0,0,0,,,,0.0,0,0,,,,"{'A': 2.0, 'C': 0.0, 'D': 0.0, 'E': 2.0, 'F': 0.0, 'G': 0.0, 'H': 0.0, 'I': 2.0, 'K': 1.0, 'L': 1.0, 'M': 1.0, 'N': 0.0, 'P': 0.0, 'Q': 0.5, 'R': 0.0, 'S': 0.0, 'T': 0.0, 'V': 4.0, 'W': 0.0, 'Y': 2.0}","{'A': 2, 'C': 0, 'D': 0, 'E': 2, 'F': 0, 'G': 0, 'H': 0, 'I': 2, 'K': 1, 'L': 1, 'M': 1, 'N': 0, 'P': 0, 'Q': 1, 'R': 0, 'S': 0, 'T': 0, 'V': 4, 'W': 0, 'Y': 2}","{'A': 2, 'C': 0, 'D': 0, 'E': 2, 'F': 0, 'G': 0, 'H': 0, 'I': 2, 'K': 1, 'L': 1, 'M': 1, 'N': 0, 'P': 0, 'Q': 0, 'R': 0, 'S': 0, 'T': 0, 'V': 4, 'W': 0, 'Y': 2}",,,,1.32,0.71,1.94,,,,0.36,0.4,0.33,,,,0.93,0.92,0.93,,,,0.5,0.49,0.51,,,,0.11,0.11,0.1,,,,1.35,1.23,1.48,,,,"0 hours, 0 minutes, 45 seconds",,EGFR_patchF,relaxed_filters,default_4stage_multimer
EGFRpH_F_l31_s744687_mpnn9,4stage,31,744687,-0.3,"A431,A434,A436",AALEIVVKYDEEKGQIKVTVTTEDGKVIEYM,"B1,B2,B3,B4,B5,B6,B7,B8,B9,B15,B16,B18,B20,B23,B30,B31",1.04,0.53,0.92,0.92,0.92,,,,0.88,0.87,0.88,,,,0.9,0.89,0.9,,,,0.15,0.16,0.15,,,,0.17,0.17,0.16,,,,0.0,0,0,,,,0.0,0,0,,,,0.0,0,0,,,,0.0,0,0,,,,-102.92,-104.89,-100.96,,,,0.49,0.5,0.48,,,,0.68,0.65,0.7,,,,0.7,0.72,0.69,,,,-60.59,-56.25,-64.92,,,,1547.96,1495.03,1600.89,,,,-3.91,-3.76,-4.06,,,,76.29,73.62,78.96,,,,75.0,75.0,75.0,,,,16.0,16,16,,,,8.5,8,9,,,,53.12,50.0,56.25,,,,3.5,4.0,3.0,,,,21.88,25.0,18.75,,,,0.0,0,0,,,,0.0,0,0,,,,0.0,0,0,,,,0.0,0,0,,,,0.0,0,0,,,,0.0,0,0,,,,"{'A': 2.0, 'C': 0.0, 'D': 0.0, 'E': 2.0, 'F': 0.0, 'G': 0.0, 'H': 0.0, 'I': 2.0, 'K': 1.0, 'L': 1.0, 'M': 1.0, 'N': 0.0, 'P': 0.0, 'Q': 1.0, 'R': 0.0, 'S': 0.0, 'T': 0.0, 'V': 4.0, 'W': 0.0, 'Y': 2.0}","{'A': 2, 'C': 0, 'D': 0, 'E': 2, 'F': 0, 'G': 0, 'H': 0, 'I': 2, 'K': 1, 'L': 1, 'M': 1, 'N': 0, 'P': 0, 'Q': 1, 'R': 0, 'S': 0, 'T': 0, 'V': 4, 'W': 0, 'Y': 2}","{'A': 2, 'C': 0, 'D': 0, 'E': 2, 'F': 0, 'G': 0, 'H': 0, 'I': 2, 'K': 1, 'L': 1, 'M': 1, 'N': 0, 'P': 0, 'Q': 1, 'R': 0, 'S': 0, 'T': 0, 'V': 4, 'W': 0, 'Y': 2}",,,,1.57,1.04,2.1,,,,0.36,0.4,0.33,,,,0.9,0.89,0.91,,,,0.46,0.45,0.48,,,,0.13,0.14,0.12,,,,1.92,1.83,2.01,,,,"0 hours, 0 minutes, 46 seconds",,EGFR_patchF,relaxed_filters,default_4stage_multimer
EGFRpH_F_l31_s744687_mpnn10,4stage,31,744687,-0.3,"A431,A434,A436",AALEIVVKYDEEKGQIVVEVTDEDGKVTKYM,"B1,B2,B3,B4,B5,B6,B7,B8,B9,B16,B18,B20,B23,B30,B31",1.05,0.65,0.91,0.91,0.91,,,,0.87,0.86,0.88,,,,0.89,0.88,0.89,,,,0.17,0.17,0.16,,,,0.17,0.18,0.17,,,,0.0,0,0,,,,0.0,0,0,,,,0.5,1,0,,,,0.0,0,0,,,,-100.42,-100.17,-100.67,,,,0.52,0.52,0.52,,,,0.68,0.69,0.66,,,,0.68,0.63,0.73,,,,-53.59,-55.61,-51.58,,,,1423.19,1431.61,1414.77,,,,-3.76,-3.88,-3.65,,,,69.28,69.78,68.77,,,,77.5,75.0,80.0,,,,15.5,16,15,,,,6.5,7,6,,,,41.88,43.75,40.0,,,,5.5,5.0,6.0,,,,35.62,31.25,40.0,,,,0.0,0,0,,,,0.0,0,0,,,,0.0,0,0,,,,0.0,0,0,,,,0.0,0,0,,,,0.0,0,0,,,,"{'A': 2.0, 'C': 0.0, 'D': 0.0, 'E': 2.0, 'F': 0.0, 'G': 0.0, 'H': 0.0, 'I': 2.0, 'K': 1.0, 'L': 1.0, 'M': 1.0, 'N': 0.0, 'P': 0.0, 'Q': 0.5, 'R': 0.0, 'S': 0.0, 'T': 0.0, 'V': 4.0, 'W': 0.0, 'Y': 2.0}","{'A': 2, 'C': 0, 'D': 0, 'E': 2, 'F': 0, 'G': 0, 'H': 0, 'I': 2, 'K': 1, 'L': 1, 'M': 1, 'N': 0, 'P': 0, 'Q': 1, 'R': 0, 'S': 0, 'T': 0, 'V': 4, 'W': 0, 'Y': 2}","{'A': 2, 'C': 0, 'D': 0, 'E': 2, 'F': 0, 'G': 0, 'H': 0, 'I': 2, 'K': 1, 'L': 1, 'M': 1, 'N': 0, 'P': 0, 'Q': 0, 'R': 0, 'S': 0, 'T': 0, 'V': 4, 'W': 0, 'Y': 2}",,,,0.9,0.9,0.9,,,,0.36,0.41,0.32,,,,0.91,0.9,0.91,,,,0.45,0.44,0.47,,,,0.12,0.13,0.12,,,,1.61,1.56,1.66,,,,"0 hours, 0 minutes, 44 seconds",,EGFR_patchF,relaxed_filters,default_4stage_multimer
EGFRpH_F_l31_s744687_mpnn11,4stage,31,744687,-0.3,"A431,A434,A436",AALEIVVKYNEEKGQIEVTVTDENGNVHVYM,"B1,B2,B3,B4,B5,B6,B7,B8,B9,B15,B16,B18,B20,B23,B30,B31",1.05,0.47,0.92,0.91,0.92,,,,0.88,0.87,0.89,,,,0.9,0.89,0.9,,,,0.15,0.16,0.15,,,,0.17,0.17,0.16,,,,0.0,0,0,,,,0.0,0,0,,,,0.5,1,0,,,,0.0,0,0,,,,-102.61,-103.26,-101.96,,,,0.5,0.5,0.5,,,,0.67,0.66,0.68,,,,0.66,0.65,0.67,,,,-53.28,-53.2,-53.35,,,,1436.86,1431.6,1442.12,,,,-3.71,-3.72,-3.7,,,,73.26,72.75,73.77,,,,75.0,75.0,75.0,,,,16.0,16,16,,,,6.0,6,6,,,,37.5,37.5,37.5,,,,6.0,6.0,6.0,,,,37.5,37.5,37.5,,,,0.0,0,0,,,,0.0,0,0,,,,0.0,0,0,,,,0.0,0,0,,,,0.0,0,0,,,,0.0,0,0,,,,"{'A': 2.0, 'C': 0.0, 'D': 0.0, 'E': 2.0, 'F': 0.0, 'G': 0.0, 'H': 0.0, 'I': 2.0, 'K': 1.0, 'L': 1.0, 'M': 1.0, 'N': 0.0, 'P': 0.0, 'Q': 1.0, 'R': 0.0, 'S': 0.0, 'T': 0.0, 'V': 4.0, 'W': 0.0, 'Y': 2.0}","{'A': 2, 'C': 0, 'D': 0, 'E': 2, 'F': 0, 'G': 0, 'H': 0, 'I': 2, 'K': 1, 'L': 1, 'M': 1, 'N': 0, 'P': 0, 'Q': 1, 'R': 0, 'S': 0, 'T': 0, 'V': 4, 'W': 0, 'Y': 2}","{'A': 2, 'C': 0, 'D': 0, 'E': 2, 'F': 0, 'G': 0, 'H': 0, 'I': 2, 'K': 1, 'L': 1, 'M': 1, 'N': 0, 'P': 0, 'Q': 1, 'R': 0, 'S': 0, 'T': 0, 'V': 4, 'W': 0, 'Y': 2}",,,,0.7,0.72,0.67,,,,0.38,0.41,0.34,,,,0.93,0.92,0.93,,,,0.49,0.49,0.5,,,,0.11,0.11,0.1,,,,1.64,1.52,1.75,,,,"0 hours, 0 minutes, 44 seconds",,EGFR_patchF,relaxed_filters,default_4stage_multimer
EGFRpH_F_l31_s744687_mpnn12,4stage,31,744687,-0.3,"A431,A434,A436",AALEIVVKYNEEKGQIEVTVTDEDGNVHVYM,"B1,B2,B3,B4,B5,B6,B7,B8,B9,B16,B18,B20,B23,B30,B31",1.06,0.53,0.91,0.91,0.91,,,,0.88,0.87,0.89,,,,0.9,0.89,0.9,,,,0.15,0.16,0.15,,,,0.17,0.17,0.17,,,,0.0,0,0,,,,0.0,0,0,,,,0.5,1,0,,,,0.0,0,0,,,,-99.44,-100.15,-98.72,,,,0.51,0.5,0.52,,,,0.68,0.66,0.69,,,,0.66,0.62,0.7,,,,-56.45,-56.59,-56.3,,,,1469.32,1505.64,1432.99,,,,-3.84,-3.76,-3.93,,,,74.14,75.03,73.25,,,,77.5,75.0,80.0,,,,15.5,16,15,,,,7.0,6,8,,,,45.41,37.5,53.33,,,,5.0,7.0,3.0,,,,31.88,43.75,20.0,,,,0.0,0,0,,,,0.0,0,0,,,,0.0,0,0,,,,0.0,0,0,,,,0.0,0,0,,,,0.0,0,0,,,,"{'A': 2.0, 'C': 0.0, 'D': 0.0, 'E': 2.0, 'F': 0.0, 'G': 0.0, 'H': 0.0, 'I': 2.0, 'K': 1.0, 'L': 1.0, 'M': 1.0, 'N': 0.0, 'P': 0.0, 'Q': 0.5, 'R': 0.0, 'S': 0.0, 'T': 0.0, 'V': 4.0, 'W': 0.0, 'Y': 2.0}","{'A': 2, 'C': 0, 'D': 0, 'E': 2, 'F': 0, 'G': 0, 'H': 0, 'I': 2, 'K': 1, 'L': 1, 'M': 1, 'N': 0, 'P': 0, 'Q': 1, 'R': 0, 'S': 0, 'T': 0, 'V': 4, 'W': 0, 'Y': 2}","{'A': 2, 'C': 0, 'D': 0, 'E': 2, 'F': 0, 'G': 0, 'H': 0, 'I': 2, 'K': 1, 'L': 1, 'M': 1, 'N': 0, 'P': 0, 'Q': 0, 'R': 0, 'S': 0, 'T': 0, 'V': 4, 'W': 0, 'Y': 2}",,,,0.68,0.7,0.66,,,,0.38,0.41,0.34,,,,0.92,0.91,0.92,,,,0.48,0.47,0.49,,,,0.11,0.11,0.11,,,,1.62,1.52,1.72,,,,"0 hours, 0 minutes, 44 seconds",,EGFR_patchF,relaxed_filters,default_4stage_multimer
EGFRpH_F_l31_s744687_mpnn13,4stage,31,744687,-0.3,"A431,A434,A436",AALEIVVKYDEEKGQILVTVTDEDGKVTEYM,"B1,B2,B3,B4,B5,B6,B7,B8,B9,B15,B16,B18,B20,B23,B30,B31",1.06,0.59,0.91,0.91,0.91,,,,0.88,0.87,0.88,,,,0.9,0.89,0.9,,,,0.15,0.16,0.15,,,,0.17,0.17,0.16,,,,0.0,0,0,,,,0.0,0,0,,,,0.5,1,0,,,,0.0,0,0,,,,-99.55,-98.21,-100.89,,,,0.49,0.5,0.48,,,,0.68,0.66,0.7,,,,0.65,0.68,0.62,,,,-57.61,-52.2,-63.01,,,,1496.9,1428.77,1565.04,,,,-3.84,-3.65,-4.03,,,,74.02,69.56,78.47,,,,77.5,80.0,75.0,,,,15.5,15,16,,,,7.0,6,8,,,,45.0,40.0,50.0,,,,5.0,6.0,4.0,,,,32.5,40.0,25.0,,,,0.0,0,0,,,,0.0,0,0,,,,0.0,0,0,,,,0.0,0,0,,,,0.0,0,0,,,,0.0,0,0,,,,"{'A': 2.0, 'C': 0.0, 'D': 0.0, 'E': 2.0, 'F': 0.0, 'G': 0.0, 'H': 0.0, 'I': 2.0, 'K': 1.0, 'L': 1.0, 'M': 1.0, 'N': 0.0, 'P': 0.0, 'Q': 0.5, 'R': 0.0, 'S': 0.0, 'T': 0.0, 'V': 4.0, 'W': 0.0, 'Y': 2.0}","{'A': 2, 'C': 0, 'D': 0, 'E': 2, 'F': 0, 'G': 0, 'H': 0, 'I': 2, 'K': 1, 'L': 1, 'M': 1, 'N': 0, 'P': 0, 'Q': 0, 'R': 0, 'S': 0, 'T': 0, 'V': 4, 'W': 0, 'Y': 2}","{'A': 2, 'C': 0, 'D': 0, 'E': 2, 'F': 0, 'G': 0, 'H': 0, 'I': 2, 'K': 1, 'L': 1, 'M': 1, 'N': 0, 'P': 0, 'Q': 1, 'R': 0, 'S': 0, 'T': 0, 'V': 4, 'W': 0, 'Y': 2}",,,,1.43,0.85,2.0,,,,0.37,0.41,0.33,,,,0.92,0.91,0.93,,,,0.48,0.46,0.5,,,,0.11,0.12,0.11,,,,2.0,1.89,2.12,,,,"0 hours, 0 minutes, 45 seconds",,EGFR_patchF,relaxed_filters,default_4stage_multimer
EGFRpH_F_l31_s744687_mpnn14,4stage,31,744687,-0.3,"A431,A434,A436",AALEIVVKYDKEKGQIVVTVTDESGKVTTYM,"B1,B2,B3,B4,B5,B6,B7,B8,B9,B16,B18,B20,B23,B30,B31",1.08,0.53,0.92,0.92,0.92,,,,0.88,0.87,0.89,,,,0.9,0.89,0.9,,,,0.15,0.16,0.15,,,,0.17,0.17,0.16,,,,0.0,0,0,,,,0.0,0,0,,,,0.5,1,0,,,,0.0,0,0,,,,-101.89,-101.09,-102.69,,,,0.51,0.5,0.52,,,,0.65,0.66,0.64,,,,0.65,0.66,0.64,,,,-54.17,-56.47,-51.87,,,,1452.69,1474.72,1430.66,,,,-3.73,-3.83,-3.63,,,,70.37,71.65,69.09,,,,77.5,75.0,80.0,,,,15.5,16,15,,,,7.5,8,7,,,,48.34,50.0,46.67,,,,5.0,4.0,6.0,,,,32.5,25.0,40.0,,,,0.0,0,0,,,,0.0,0,0,,,,0.0,0,0,,,,0.0,0,0,,,,0.0,0,0,,,,0.0,0,0,,,,"{'A': 2.0, 'C': 0.0, 'D': 0.0, 'E': 2.0, 'F': 0.0, 'G': 0.0, 'H': 0.0, 'I': 2.0, 'K': 1.0, 'L': 1.0, 'M': 1.0, 'N': 0.0, 'P': 0.0, 'Q': 0.5, 'R': 0.0, 'S': 0.0, 'T': 0.0, 'V': 4.0, 'W': 0.0, 'Y': 2.0}","{'A': 2, 'C': 0, 'D': 0, 'E': 2, 'F': 0, 'G': 0, 'H': 0, 'I': 2, 'K': 1, 'L': 1, 'M': 1, 'N': 0, 'P': 0, 'Q': 1, 'R': 0, 'S': 0, 'T': 0, 'V': 4, 'W': 0, 'Y': 2}","{'A': 2, 'C': 0, 'D': 0, 'E': 2, 'F': 0, 'G': 0, 'H': 0, 'I': 2, 'K': 1, 'L': 1, 'M': 1, 'N': 0, 'P': 0, 'Q': 0, 'R': 0, 'S': 0, 'T': 0, 'V': 4, 'W': 0, 'Y': 2}",,,,0.79,0.78,0.79,,,,0.36,0.4,0.33,,,,0.93,0.92,0.93,,,,0.52,0.51,0.52,,,,0.11,0.11,0.1,,,,1.48,1.35,1.6,,,,"0 hours, 0 minutes, 44 seconds",,EGFR_patchF,relaxed_filters,default_4stage_multimer
EGFRpH_F_l31_s744687_mpnn15,4stage,31,744687,-0.3,"A431,A434,A436",AALEIVVKYNEEKGQIEVIVTDEDGNVHIYM,"B1,B2,B3,B4,B5,B6,B7,B8,B9,B16,B18,B20,B23,B30,B31",1.08,0.59,0.92,0.92,0.92,,,,0.88,0.87,0.89,,,,0.9,0.89,0.9,,,,0.15,0.16,0.15,,,,0.17,0.17,0.16,,,,0.0,0,0,,,,0.0,0,0,,,,1.0,2,0,,,,0.0,0,0,,,,-103.85,-105.05,-102.65,,,,0.55,0.54,0.57,,,,0.67,0.66,0.67,,,,0.68,0.66,0.69,,,,-52.97,-53.09,-52.84,,,,1456.45,1438.15,1474.74,,,,-3.63,-3.69,-3.58,,,,74.01,73.32,74.7,,,,77.5,75.0,80.0,,,,15.5,16,15,,,,6.0,6,6,,,,38.75,37.5,40.0,,,,4.0,4.0,4.0,,,,25.84,25.0,26.67,,,,0.0,0,0,,,,0.0,0,0,,,,0.0,0,0,,,,0.0,0,0,,,,0.0,0,0,,,,0.0,0,0,,,,"{'A': 2.0, 'C': 0.0, 'D': 0.0, 'E': 2.0, 'F': 0.0, 'G': 0.0, 'H': 0.0, 'I': 2.0, 'K': 1.0, 'L': 1.0, 'M': 1.0, 'N': 0.0, 'P': 0.0, 'Q': 0.5, 'R': 0.0, 'S': 0.0, 'T': 0.0, 'V': 4.0, 'W': 0.0, 'Y': 2.0}","{'A': 2, 'C': 0, 'D': 0, 'E': 2, 'F': 0, 'G': 0, 'H': 0, 'I': 2, 'K': 1, 'L': 1, 'M': 1, 'N': 0, 'P': 0, 'Q': 1, 'R': 0, 'S': 0, 'T': 0, 'V': 4, 'W': 0, 'Y': 2}","{'A': 2, 'C': 0, 'D': 0, 'E': 2, 'F': 0, 'G': 0, 'H': 0, 'I': 2, 'K': 1, 'L': 1, 'M': 1, 'N': 0, 'P': 0, 'Q': 0, 'R': 0, 'S': 0, 'T': 0, 'V': 4, 'W': 0, 'Y': 2}",,,,0.67,0.69,0.64,,,,0.37,0.4,0.34,,,,0.92,0.91,0.92,,,,0.48,0.47,0.49,,,,0.11,0.11,0.11,,,,1.52,1.44,1.59,,,,"0 hours, 0 minutes, 43 seconds",,EGFR_patchF,relaxed_filters,default_4stage_multimer
EGFRpH_F_l31_s744687_mpnn16,4stage,31,744687,-0.3,"A431,A434,A436",AALEIVVKYDEEKGQIVVTVTDENGNVTIYM,"B1,B2,B3,B4,B5,B6,B7,B8,B9,B15,B16,B18,B20,B23,B30,B31",1.09,0.59,0.91,0.9,0.91,,,,0.88,0.87,0.89,,,,0.89,0.88,0.89,,,,0.17,0.17,0.16,,,,0.18,0.19,0.17,,,,0.0,0,0,,,,0.0,0,0,,,,0.5,1,0,,,,0.0,0,0,,,,-106.22,-105.77,-106.67,,,,0.54,0.53,0.55,,,,0.67,0.66,0.68,,,,0.66,0.66,0.66,,,,-54.47,-54.59,-54.35,,,,1464.13,1457.81,1470.45,,,,-3.72,-3.74,-3.7,,,,73.39,73.16,73.62,,,,75.0,75.0,75.0,,,,16.0,16,16,,,,6.5,7,6,,,,40.62,43.75,37.5,,,,6.0,6.0,6.0,,,,37.5,37.5,37.5,,,,0.0,0,0,,,,0.0,0,0,,,,0.0,0,0,,,,0.0,0,0,,,,0.0,0,0,,,,0.0,0,0,,,,"{'A': 2.0, 'C': 0.0, 'D': 0.0, 'E': 2.0, 'F': 0.0, 'G': 0.0, 'H': 0.0, 'I': 2.0, 'K': 1.0, 'L': 1.0, 'M': 1.0, 'N': 0.0, 'P': 0.0, 'Q': 1.0, 'R': 0.0, 'S': 0.0, 'T': 0.0, 'V': 4.0, 'W': 0.0, 'Y': 2.0}","{'A': 2, 'C': 0, 'D': 0, 'E': 2, 'F': 0, 'G': 0, 'H': 0, 'I': 2, 'K': 1, 'L': 1, 'M': 1, 'N': 0, 'P': 0, 'Q': 1, 'R': 0, 'S': 0, 'T': 0, 'V': 4, 'W': 0, 'Y': 2}","{'A': 2, 'C': 0, 'D': 0, 'E': 2, 'F': 0, 'G': 0, 'H': 0, 'I': 2, 'K': 1, 'L': 1, 'M': 1, 'N': 0, 'P': 0, 'Q': 1, 'R': 0, 'S': 0, 'T': 0, 'V': 4, 'W': 0, 'Y': 2}",,,,0.7,0.67,0.73,,,,0.37,0.41,0.33,,,,0.93,0.91,0.94,,,,0.52,0.5,0.54,,,,0.11,0.12,0.1,,,,3.09,3.06,3.12,,,,"0 hours, 0 minutes, 44 seconds",,EGFR_patchF,relaxed_filters,default_4stage_multimer
EGFRpH_F_l31_s744687_mpnn17,4stage,31,744687,-0.3,"A431,A434,A436",AALEIVVKYDEKLGQIVVTVTDEDGNVHIYM,"B1,B2,B3,B4,B5,B6,B7,B8,B9,B16,B18,B20,B23,B30,B31",1.1,0.76,0.92,0.92,0.92,,,,0.88,0.87,0.89,,,,0.9,0.89,0.9,,,,0.15,0.16,0.15,,,,0.17,0.17,0.16,,,,0.0,0,0,,,,0.0,0,0,,,,0.5,1,0,,,,0.5,1,0,,,,-105.37,-104.48,-106.25,,,,0.55,0.54,0.55,,,,0.67,0.68,0.66,,,,0.62,0.62,0.63,,,,-53.28,-55.16,-51.4,,,,1412.64,1410.79,1414.5,,,,-3.77,-3.91,-3.63,,,,70.72,70.72,70.71,,,,76.66,73.33,80.0,,,,15.0,15,15,,,,6.0,6,6,,,,40.0,40.0,40.0,,,,5.5,5.0,6.0,,,,36.66,33.33,40.0,,,,0.0,0,0,,,,0.0,0,0,,,,0.0,0,0,,,,0.0,0,0,,,,0.0,0,0,,,,0.0,0,0,,,,"{'A': 1.5, 'C': 0.0, 'D': 0.0, 'E': 2.0, 'F': 0.0, 'G': 0.0, 'H': 0.0, 'I': 2.0, 'K': 1.0, 'L': 1.0, 'M': 1.0, 'N': 0.0, 'P': 0.0, 'Q': 0.5, 'R': 0.0, 'S': 0.0, 'T': 0.0, 'V': 4.0, 'W': 0.0, 'Y': 2.0}","{'A': 1, 'C': 0, 'D': 0, 'E': 2, 'F': 0, 'G': 0, 'H': 0, 'I': 2, 'K': 1, 'L': 1, 'M': 1, 'N': 0, 'P': 0, 'Q': 1, 'R': 0, 'S': 0, 'T': 0, 'V': 4, 'W': 0, 'Y': 2}","{'A': 2, 'C': 0, 'D': 0, 'E': 2, 'F': 0, 'G': 0, 'H': 0, 'I': 2, 'K': 1, 'L': 1, 'M': 1, 'N': 0, 'P': 0, 'Q': 0, 'R': 0, 'S': 0, 'T': 0, 'V': 4, 'W': 0, 'Y': 2}",,,,0.65,0.65,0.65,,,,0.37,0.4,0.34,,,,0.94,0.93,0.94,,,,0.52,0.51,0.52,,,,0.1,0.1,0.1,,,,1.42,1.26,1.57,,,,"0 hours, 0 minutes, 43 seconds",Relaxed structure contains clashes.,EGFR_patchF,relaxed_filters,default_4stage_multimer
EGFRpH_F_l31_s744687_mpnn18,4stage,31,744687,-0.3,"A431,A434,A436",AALEIVVKYDEEKGQIQVTVTDESGKVTVYM,"B1,B2,B3,B4,B5,B6,B7,B8,B9,B15,B16,B18,B20,B23,B30,B31",1.11,0.53,0.91,0.91,0.91,,,,0.88,0.87,0.88,,,,0.89,0.88,0.89,,,,0.17,0.17,0.16,,,,0.17,0.18,0.17,,,,0.0,0,0,,,,0.0,0,0,,,,0.5,1,0,,,,0.0,0,0,,,,-99.63,-95.26,-104.0,,,,0.51,0.52,0.5,,,,0.71,0.71,0.72,,,,0.62,0.62,0.62,,,,-59.49,-52.36,-66.63,,,,1438.3,1307.49,1569.12,,,,-4.12,-4.0,-4.25,,,,71.78,63.93,79.62,,,,79.81,84.62,75.0,,,,14.5,13,16,,,,7.5,6,9,,,,51.2,46.15,56.25,,,,4.0,4.0,4.0,,,,27.88,30.77,25.0,,,,0.0,0,0,,,,0.0,0,0,,,,0.0,0,0,,,,0.0,0,0,,,,0.0,0,0,,,,0.0,0,0,,,,"{'A': 1.5, 'C': 0.0, 'D': 0.0, 'E': 1.5, 'F': 0.0, 'G': 0.0, 'H': 0.0, 'I': 2.0, 'K': 1.0, 'L': 1.0, 'M': 1.0, 'N': 0.0, 'P': 0.0, 'Q': 0.5, 'R': 0.0, 'S': 0.0, 'T': 0.0, 'V': 4.5, 'W': 0.0, 'Y': 1.5}","{'A': 1, 'C': 0, 'D': 0, 'E': 1, 'F': 0, 'G': 0, 'H': 0, 'I': 2, 'K': 1, 'L': 1, 'M': 1, 'N': 0, 'P': 0, 'Q': 0, 'R': 0, 'S': 0, 'T': 0, 'V': 5, 'W': 0, 'Y': 1}","{'A': 2, 'C': 0, 'D': 0, 'E': 2, 'F': 0, 'G': 0, 'H': 0, 'I': 2, 'K': 1, 'L': 1, 'M': 1, 'N': 0, 'P': 0, 'Q': 1, 'R': 0, 'S': 0, 'T': 0, 'V': 4, 'W': 0, 'Y': 2}",,,,2.83,3.65,2.02,,,,0.38,0.43,0.32,,,,0.88,0.93,0.82,,,,0.46,0.52,0.39,,,,0.14,0.1,0.18,,,,3.66,3.47,3.84,,,,"0 hours, 0 minutes, 44 seconds",,EGFR_patchF,relaxed_filters,default_4stage_multimer
EGFRpH_F_l31_s744687_mpnn19,4stage,31,744687,-0.3,"A431,A434,A436",AALEIVVKYDEKKGQIVVTVTNENGEKTVYM,"B2,B3,B4,B5,B6,B7,B8,B9,B16,B18,B20,B29,B31",1.15,0.41,0.91,0.9,0.91,,,,0.88,0.87,0.89,,,,0.89,0.88,0.9,,,,0.17,0.18,0.16,,,,0.18,0.19,0.17,,,,0.0,0,0,,,,0.0,0,0,,,,0.5,1,0,,,,0.0,0,0,,,,-99.09,-98.57,-99.61,,,,0.52,0.52,0.52,,,,0.7,0.71,0.69,,,,0.64,0.63,0.64,,,,-52.35,-53.35,-51.35,,,,1321.41,1329.41,1313.41,,,,-3.96,-4.01,-3.91,,,,64.71,64.94,64.48,,,,85.16,85.71,84.62,,,,13.5,14,13,,,,6.0,6,6,,,,44.5,42.86,46.15,,,,4.0,4.0,4.0,,,,29.67,28.57,30.77,,,,0.0,0,0,,,,0.0,0,0,,,,0.0,0,0,,,,0.0,0,0,,,,0.0,0,0,,,,0.0,0,0,,,,"{'A': 1.0, 'C': 0.0, 'D': 0.0, 'E': 1.0, 'F': 0.0, 'G': 0.0, 'H': 0.0, 'I': 2.0, 'K': 1.0, 'L': 1.0, 'M': 1.0, 'N': 0.0, 'P': 0.0, 'Q': 0.0, 'R': 0.0, 'S': 0.0, 'T': 0.0, 'V': 5.0, 'W': 0.0, 'Y': 1.5}","{'A': 1, 'C': 0, 'D': 0, 'E': 1, 'F': 0, 'G': 0, 'H': 0, 'I': 2, 'K': 1, 'L': 1, 'M': 1, 'N': 0, 'P': 0, 'Q': 0, 'R': 0, 'S': 0, 'T': 0, 'V': 5, 'W': 0, 'Y': 2}","{'A': 1, 'C': 0, 'D': 0, 'E': 1, 'F': 0, 'G': 0, 'H': 0, 'I': 2, 'K': 1, 'L': 1, 'M': 1, 'N': 0, 'P': 0, 'Q': 0, 'R': 0, 'S': 0, 'T': 0, 'V': 5, 'W': 0, 'Y': 1}",,,,3.28,3.29,3.27,,,,0.38,0.42,0.35,,,,0.94,0.94,0.95,,,,0.54,0.53,0.55,,,,0.1,0.1,0.09,,,,2.2,1.31,3.09,,,,"0 hours, 0 minutes, 40 seconds",,EGFR_patchF,relaxed_filters,default_4stage_multimer
EGFRpH_F_l34_s472129_mpnn1,4stage,34,472129,-0.3,"A431,A434,A436",TVVVELPKYNIKMVLRSKELAEKIKKHYEEAMKN,"B1,B3,B6,B8,B9,B10,B11,B12,B13,B14,B15,B16,B20,B23,B24,B27,B28,B31",1.05,0.43,0.94,0.93,0.94,,,,0.88,0.87,0.89,,,,0.89,0.88,0.9,,,,0.14,0.14,0.13,,,,0.15,0.16,0.14,,,,0.0,0,0,,,,0.0,0,0,,,,1.0,1,1,,,,0.0,0,0,,,,-98.22,-102.1,-94.33,,,,0.34,0.36,0.33,,,,0.72,0.72,0.72,,,,0.62,0.66,0.59,,,,-67.23,-70.07,-64.39,,,,1664.86,1676.46,1653.25,,,,-4.04,-4.18,-3.9,,,,73.58,75.34,71.81,,,,62.13,63.16,61.11,,,,18.5,19,18,,,,8.0,8,8,,,,43.27,42.11,44.44,,,,6.5,8.0,5.0,,,,34.95,42.11,27.78,,,,0.0,0,0,,,,0.0,0,0,,,,0.0,0,0,,,,0.0,0,0,,,,0.0,0,0,,,,0.0,0,0,,,,"{'A': 1.0, 'C': 0.0, 'D': 0.0, 'E': 0.0, 'F': 0.0, 'G': 0.0, 'H': 1.0, 'I': 2.0, 'K': 3.0, 'L': 3.0, 'M': 1.5, 'N': 1.0, 'P': 0.0, 'Q': 0.0, 'R': 1.0, 'S': 0.0, 'T': 1.0, 'V': 2.0, 'W': 0.0, 'Y': 2.0}","{'A': 1, 'C': 0, 'D': 0, 'E': 0, 'F': 0, 'G': 0, 'H': 1, 'I': 2, 'K': 3, 'L': 3, 'M': 2, 'N': 1, 'P': 0, 'Q': 0, 'R': 1, 'S': 0, 'T': 1, 'V': 2, 'W': 0, 'Y': 2}","{'A': 1, 'C': 0, 'D': 0, 'E': 0, 'F': 0, 'G': 0, 'H': 1, 'I': 2, 'K': 3, 'L': 3, 'M': 1, 'N': 1, 'P': 0, 'Q': 0, 'R': 1, 'S': 0, 'T': 1, 'V': 2, 'W': 0, 'Y': 2}",,,,0.71,0.76,0.65,,,,0.4,0.44,0.37,,,,0.79,0.75,0.83,,,,0.39,0.36,0.42,,,,0.23,0.32,0.15,,,,7.04,12.74,1.34,,,,"0 hours, 1 minutes, 34 seconds",,EGFR_patchF,relaxed_filters,default_4stage_multimer
EGFRpH_F_l34_s472129_mpnn2,4stage,34,472129,-0.3,"A431,A434,A436",TVVVELPKYNIKMVLRSEELAKKIKEHYEKAMKN,"B1,B6,B8,B9,B10,B11,B12,B13,B14,B15,B16,B20,B23,B24,B27,B28,B31,B32",1.08,0.57,0.93,0.93,0.93,,,,0.88,0.87,0.89,,,,0.89,0.88,0.89,,,,0.15,0.15,0.14,,,,0.15,0.16,0.15,,,,0.0,0,0,,,,0.0,0,0,,,,1.0,1,1,,,,0.0,0,0,,,,-98.39,-97.93,-98.84,,,,0.36,0.36,0.36,,,,0.7,0.7,0.71,,,,0.58,0.58,0.59,,,,-63.67,-59.02,-68.31,,,,1685.02,1659.32,1710.72,,,,-3.78,-3.56,-3.99,,,,73.12,71.33,74.9,,,,62.13,63.16,61.11,,,,18.5,19,18,,,,7.5,7,8,,,,40.64,36.84,44.44,,,,6.0,7.0,5.0,,,,32.31,36.84,27.78,,,,0.0,0,0,,,,0.0,0,0,,,,0.0,0,0,,,,0.0,0,0,,,,0.0,0,0,,,,0.0,0,0,,,,"{'A': 1.0, 'C': 0.0, 'D': 0.0, 'E': 0.0, 'F': 0.0, 'G': 0.0, 'H': 1.0, 'I': 2.0, 'K': 3.0, 'L': 3.0, 'M': 2.0, 'N': 1.0, 'P': 0.0, 'Q': 0.0, 'R': 1.0, 'S': 0.0, 'T': 1.0, 'V': 1.5, 'W': 0.0, 'Y': 2.0}","{'A': 1, 'C': 0, 'D': 0, 'E': 0, 'F': 0, 'G': 0, 'H': 1, 'I': 2, 'K': 3, 'L': 3, 'M': 2, 'N': 1, 'P': 0, 'Q': 0, 'R': 1, 'S': 0, 'T': 1, 'V': 2, 'W': 0, 'Y': 2}","{'A': 1, 'C': 0, 'D': 0, 'E': 0, 'F': 0, 'G': 0, 'H': 1, 'I': 2, 'K': 3, 'L': 3, 'M': 2, 'N': 1, 'P': 0, 'Q': 0, 'R': 1, 'S': 0, 'T': 1, 'V': 1, 'W': 0, 'Y': 2}",,,,0.64,0.68,0.59,,,,0.42,0.45,0.38,,,,0.83,0.85,0.82,,,,0.41,0.42,0.41,,,,0.15,0.15,0.16,,,,1.48,1.54,1.42,,,,"0 hours, 0 minutes, 50 seconds",,EGFR_patchF,relaxed_filters,default_4stage_multimer
EGFRpH_F_l34_s472129_mpnn3,4stage,34,472129,-0.3,"A431,A434,A436",TVVVELPKYNIKMVLRSEELAEKIKKHYEEAMKN,"B1,B3,B6,B8,B9,B10,B11,B12,B13,B14,B15,B16,B20,B23,B24,B27,B28,B31,B32",1.09,0.43,0.94,0.93,0.94,,,,0.88,0.87,0.89,,,,0.89,0.88,0.89,,,,0.14,0.14,0.13,,,,0.15,0.16,0.15,,,,0.0,0,0,,,,0.0,0,0,,,,1.0,1,1,,,,0.0,0,0,,,,-99.78,-101.21,-98.34,,,,0.33,0.33,0.33,,,,0.7,0.7,0.7,,,,0.58,0.58,0.58,,,,-66.72,-59.85,-73.6,,,,1688.41,1680.67,1696.15,,,,-3.95,-3.56,-4.34,,,,75.0,76.12,73.88,,,,63.16,63.16,63.16,,,,19.0,19,19,,,,9.0,9,9,,,,47.37,47.37,47.37,,,,5.0,5.0,5.0,,,,26.32,26.32,26.32,,,,0.0,0,0,,,,0.0,0,0,,,,0.0,0,0,,,,0.0,0,0,,,,0.0,0,0,,,,0.0,0,0,,,,"{'A': 1.0, 'C': 0.0, 'D': 0.0, 'E': 0.0, 'F': 0.0, 'G': 0.0, 'H': 1.0, 'I': 2.0, 'K': 3.0, 'L': 3.0, 'M': 2.0, 'N': 1.0, 'P': 0.0, 'Q': 0.0, 'R': 1.0, 'S': 0.0, 'T': 1.0, 'V': 2.0, 'W': 0.0, 'Y': 2.0}","{'A': 1, 'C': 0, 'D': 0, 'E': 0, 'F': 0, 'G': 0, 'H': 1, 'I': 2, 'K': 3, 'L': 3, 'M': 2, 'N': 1, 'P': 0, 'Q': 0, 'R': 1, 'S': 0, 'T': 1, 'V': 2, 'W': 0, 'Y': 2}","{'A': 1, 'C': 0, 'D': 0, 'E': 0, 'F': 0, 'G': 0, 'H': 1, 'I': 2, 'K': 3, 'L': 3, 'M': 2, 'N': 1, 'P': 0, 'Q': 0, 'R': 1, 'S': 0, 'T': 1, 'V': 2, 'W': 0, 'Y': 2}",,,,0.69,0.73,0.64,,,,0.4,0.45,0.36,,,,0.82,0.87,0.78,,,,0.39,0.44,0.34,,,,0.18,0.14,0.22,,,,2.38,1.27,3.49,,,,"0 hours, 0 minutes, 49 seconds",,EGFR_patchF,relaxed_filters,default_4stage_multimer
EGFRpH_F_l34_s472129_mpnn4,4stage,34,472129,-0.3,"A431,A434,A436",TVVVELPKYNIKMVLRSKELADKIMKHYEEAMKN,"B1,B6,B8,B9,B10,B11,B12,B13,B14,B15,B16,B20,B23,B24,B27,B28,B31,B32",1.09,0.5,0.94,0.94,0.94,,,,0.88,0.87,0.89,,,,0.9,0.89,0.9,,,,0.14,0.14,0.13,,,,0.15,0.15,0.14,,,,0.0,0,0,,,,0.0,0,0,,,,1.0,1,1,,,,0.0,0,0,,,,-100.97,-103.66,-98.27,,,,0.39,0.39,0.39,,,,0.7,0.69,0.71,,,,0.65,0.63,0.66,,,,-58.84,-59.45,-58.22,,,,1670.54,1704.04,1637.04,,,,-3.53,-3.49,-3.56,,,,74.66,78.67,70.66,,,,61.11,61.11,61.11,,,,18.0,18,18,,,,9.0,8,10,,,,50.0,44.44,55.56,,,,6.5,7.0,6.0,,,,36.11,38.89,33.33,,,,0.0,0,0,,,,0.0,0,0,,,,0.0,0,0,,,,0.0,0,0,,,,0.0,0,0,,,,0.0,0,0,,,,"{'A': 1.0, 'C': 0.0, 'D': 0.0, 'E': 0.0, 'F': 0.0, 'G': 0.0, 'H': 1.0, 'I': 2.0, 'K': 3.0, 'L': 3.0, 'M': 2.0, 'N': 1.0, 'P': 0.0, 'Q': 0.0, 'R': 1.0, 'S': 0.0, 'T': 1.0, 'V': 1.0, 'W': 0.0, 'Y': 2.0}","{'A': 1, 'C': 0, 'D': 0, 'E': 0, 'F': 0, 'G': 0, 'H': 1, 'I': 2, 'K': 3, 'L': 3, 'M': 2, 'N': 1, 'P': 0, 'Q': 0, 'R': 1, 'S': 0, 'T': 1, 'V': 1, 'W': 0, 'Y': 2}","{'A': 1, 'C': 0, 'D': 0, 'E': 0, 'F': 0, 'G': 0, 'H': 1, 'I': 2, 'K': 3, 'L': 3, 'M': 2, 'N': 1, 'P': 0, 'Q': 0, 'R': 1, 'S': 0, 'T': 1, 'V': 1, 'W': 0, 'Y': 2}",,,,0.61,0.65,0.57,,,,0.42,0.45,0.38,,,,0.83,0.8,0.86,,,,0.43,0.4,0.45,,,,0.21,0.29,0.13,,,,7.42,13.48,1.35,,,,"0 hours, 0 minutes, 45 seconds",,EGFR_patchF,relaxed_filters,default_4stage_multimer
EGFRpH_F_l34_s472129_mpnn5,4stage,34,472129,-0.3,"A431,A434,A436",TVVVELPKYNIKMVLRSEELKEKILKHYEEAMKN,"B1,B4,B6,B8,B9,B10,B11,B12,B13,B14,B15,B16,B20,B23,B24,B27,B28,B31,B32,B34",1.11,0.43,0.93,0.93,0.93,,,,0.88,0.87,0.89,,,,0.89,0.88,0.89,,,,0.14,0.14,0.13,,,,0.15,0.16,0.15,,,,0.0,0,0,,,,0.0,0,0,,,,1.0,1,1,,,,0.0,0,0,,,,-95.37,-95.51,-95.22,,,,0.39,0.39,0.39,,,,0.75,0.75,0.75,,,,0.6,0.61,0.6,,,,-64.87,-63.52,-66.22,,,,1768.43,1743.28,1793.59,,,,-3.67,-3.64,-3.69,,,,78.37,76.04,80.69,,,,60.0,60.0,60.0,,,,20.0,20,20,,,,9.0,8,10,,,,45.0,40.0,50.0,,,,8.0,8.0,8.0,,,,40.0,40.0,40.0,,,,0.0,0,0,,,,0.0,0,0,,,,0.0,0,0,,,,0.0,0,0,,,,0.0,0,0,,,,0.0,0,0,,,,"{'A': 1.0, 'C': 0.0, 'D': 0.0, 'E': 0.0, 'F': 0.0, 'G': 0.0, 'H': 1.0, 'I': 2.0, 'K': 3.0, 'L': 3.0, 'M': 2.0, 'N': 2.0, 'P': 0.0, 'Q': 0.0, 'R': 1.0, 'S': 0.0, 'T': 1.0, 'V': 2.0, 'W': 0.0, 'Y': 2.0}","{'A': 1, 'C': 0, 'D': 0, 'E': 0, 'F': 0, 'G': 0, 'H': 1, 'I': 2, 'K': 3, 'L': 3, 'M': 2, 'N': 2, 'P': 0, 'Q': 0, 'R': 1, 'S': 0, 'T': 1, 'V': 2, 'W': 0, 'Y': 2}","{'A': 1, 'C': 0, 'D': 0, 'E': 0, 'F': 0, 'G': 0, 'H': 1, 'I': 2, 'K': 3, 'L': 3, 'M': 2, 'N': 2, 'P': 0, 'Q': 0, 'R': 1, 'S': 0, 'T': 1, 'V': 2, 'W': 0, 'Y': 2}",,,,0.59,0.58,0.61,,,,0.43,0.46,0.39,,,,0.86,0.86,0.86,,,,0.45,0.44,0.47,,,,0.14,0.14,0.13,,,,1.44,1.39,1.5,,,,"0 hours, 0 minutes, 49 seconds",,EGFR_patchF,relaxed_filters,default_4stage_multimer
EGFRpH_F_l34_s472129_mpnn6,4stage,34,472129,-0.3,"A431,A434,A436",TVVVELPKYNIKMVLRSEELAKKIKKHYEEAMKN,"B1,B3,B6,B8,B9,B10,B11,B12,B13,B14,B15,B16,B20,B23,B24,B27,B28,B31,B32",1.11,0.5,0.94,0.93,0.94,,,,0.88,0.87,0.89,,,,0.89,0.88,0.89,,,,0.14,0.14,0.13,,,,0.15,0.16,0.14,,,,0.0,0,0,,,,0.0,0,0,,,,1.0,1,1,,,,0.0,0,0,,,,-100.47,-99.59,-101.34,,,,0.36,0.36,0.36,,,,0.7,0.71,0.7,,,,0.67,0.65,0.68,,,,-63.27,-68.22,-58.33,,,,1673.44,1674.35,1672.53,,,,-3.78,-4.07,-3.49,,,,72.65,71.86,73.43,,,,63.16,63.16,63.16,,,,19.0,19,19,,,,8.5,9,8,,,,44.74,47.37,42.11,,,,5.0,5.0,5.0,,,,26.32,26.32,26.32,,,,0.0,0,0,,,,0.0,0,0,,,,0.0,0,0,,,,0.0,0,0,,,,0.0,0,0,,,,0.0,0,0,,,,"{'A': 1.0, 'C': 0.0, 'D': 0.0, 'E': 0.0, 'F': 0.0, 'G': 0.0, 'H': 1.0, 'I': 2.0, 'K': 3.0, 'L': 3.0, 'M': 2.0, 'N': 1.0, 'P': 0.0, 'Q': 0.0, 'R': 1.0, 'S': 0.0, 'T': 1.0, 'V': 2.0, 'W': 0.0, 'Y': 2.0}","{'A': 1, 'C': 0, 'D': 0, 'E': 0, 'F': 0, 'G': 0, 'H': 1, 'I': 2, 'K': 3, 'L': 3, 'M': 2, 'N': 1, 'P': 0, 'Q': 0, 'R': 1, 'S': 0, 'T': 1, 'V': 2, 'W': 0, 'Y': 2}","{'A': 1, 'C': 0, 'D': 0, 'E': 0, 'F': 0, 'G': 0, 'H': 1, 'I': 2, 'K': 3, 'L': 3, 'M': 2, 'N': 1, 'P': 0, 'Q': 0, 'R': 1, 'S': 0, 'T': 1, 'V': 2, 'W': 0, 'Y': 2}",,,,0.78,0.83,0.74,,,,0.41,0.45,0.37,,,,0.84,0.86,0.83,,,,0.43,0.44,0.42,,,,0.15,0.14,0.15,,,,1.39,1.34,1.43,,,,"0 hours, 0 minutes, 49 seconds",,EGFR_patchF,relaxed_filters,default_4stage_multimer
EGFRpH_F_l34_s472129_mpnn7,4stage,34,472129,-0.3,"A431,A434,A436",TVVVELPKYNIKMVLRSKELAEKILKHYKEAMEN,"B1,B6,B8,B9,B10,B11,B12,B13,B14,B15,B16,B20,B23,B24,B27,B28,B31",1.12,0.29,0.94,0.93,0.94,,,,0.88,0.87,0.89,,,,0.89,0.88,0.9,,,,0.14,0.14,0.13,,,,0.15,0.16,0.14,,,,0.0,0,0,,,,0.0,0,0,,,,1.0,1,1,,,,0.0,0,0,,,,-99.69,-99.25,-100.13,,,,0.39,0.38,0.39,,,,0.71,0.72,0.7,,,,0.61,0.63,0.59,,,,-60.41,-62.26,-58.55,,,,1723.98,1768.64,1679.32,,,,-3.5,-3.52,-3.49,,,,74.94,77.66,72.21,,,,59.41,60.0,58.82,,,,18.5,20,17,,,,8.0,8,8,,,,43.53,40.0,47.06,,,,6.0,7.0,5.0,,,,32.2,35.0,29.41,,,,0.0,0,0,,,,0.0,0,0,,,,0.0,0,0,,,,0.0,0,0,,,,0.0,0,0,,,,0.0,0,0,,,,"{'A': 1.0, 'C': 0.0, 'D': 0.0, 'E': 0.0, 'F': 0.0, 'G': 0.0, 'H': 1.0, 'I': 2.0, 'K': 3.0, 'L': 3.0, 'M': 1.5, 'N': 1.5, 'P': 0.0, 'Q': 0.0, 'R': 1.0, 'S': 0.0, 'T': 1.0, 'V': 1.5, 'W': 0.0, 'Y': 2.0}","{'A': 1, 'C': 0, 'D': 0, 'E': 0, 'F': 0, 'G': 0, 'H': 1, 'I': 2, 'K': 3, 'L': 3, 'M': 2, 'N': 2, 'P': 0, 'Q': 0, 'R': 1, 'S': 0, 'T': 1, 'V': 2, 'W': 0, 'Y': 2}","{'A': 1, 'C': 0, 'D': 0, 'E': 0, 'F': 0, 'G': 0, 'H': 1, 'I': 2, 'K': 3, 'L': 3, 'M': 1, 'N': 1, 'P': 0, 'Q': 0, 'R': 1, 'S': 0, 'T': 1, 'V': 1, 'W': 0, 'Y': 2}",,,,0.67,0.74,0.6,,,,0.4,0.44,0.37,,,,0.83,0.81,0.86,,,,0.43,0.42,0.45,,,,0.2,0.27,0.13,,,,7.41,13.45,1.37,,,,"0 hours, 0 minutes, 48 seconds",,EGFR_patchF,relaxed_filters,default_4stage_multimer
EGFRpH_F_l34_s472129_mpnn8,4stage,34,472129,-0.3,"A431,A434,A436",TVVVELPKYNIKMVLRSEELAKKIMKHYEEAMKN,"B1,B6,B8,B9,B10,B11,B12,B13,B14,B15,B16,B20,B23,B24,B27,B28,B31",1.13,0.57,0.94,0.94,0.94,,,,0.88,0.87,0.89,,,,0.9,0.89,0.9,,,,0.14,0.14,0.13,,,,0.15,0.15,0.14,,,,0.0,0,0,,,,0.0,0,0,,,,1.0,1,1,,,,0.0,0,0,,,,-101.25,-103.52,-98.97,,,,0.39,0.39,0.38,,,,0.71,0.71,0.72,,,,0.64,0.62,0.65,,,,-60.42,-60.21,-60.64,,,,1669.03,1684.28,1653.77,,,,-3.62,-3.57,-3.67,,,,73.86,74.3,73.42,,,,59.97,61.11,58.82,,,,17.5,18,17,,,,9.0,8,10,,,,51.63,44.44,58.82,,,,5.0,5.0,5.0,,,,28.59,27.78,29.41,,,,0.0,0,0,,,,0.0,0,0,,,,0.0,0,0,,,,0.0,0,0,,,,0.0,0,0,,,,0.0,0,0,,,,"{'A': 1.0, 'C': 0.0, 'D': 0.0, 'E': 0.0, 'F': 0.0, 'G': 0.0, 'H': 1.0, 'I': 2.0, 'K': 3.0, 'L': 3.0, 'M': 1.5, 'N': 1.0, 'P': 0.0, 'Q': 0.0, 'R': 1.0, 'S': 0.0, 'T': 1.0, 'V': 1.0, 'W': 0.0, 'Y': 2.0}","{'A': 1, 'C': 0, 'D': 0, 'E': 0, 'F': 0, 'G': 0, 'H': 1, 'I': 2, 'K': 3, 'L': 3, 'M': 2, 'N': 1, 'P': 0, 'Q': 0, 'R': 1, 'S': 0, 'T': 1, 'V': 1, 'W': 0, 'Y': 2}","{'A': 1, 'C': 0, 'D': 0, 'E': 0, 'F': 0, 'G': 0, 'H': 1, 'I': 2, 'K': 3, 'L': 3, 'M': 1, 'N': 1, 'P': 0, 'Q': 0, 'R': 1, 'S': 0, 'T': 1, 'V': 1, 'W': 0, 'Y': 2}",,,,0.74,0.79,0.69,,,,0.4,0.44,0.37,,,,0.87,0.88,0.86,,,,0.46,0.46,0.45,,,,0.13,0.13,0.13,,,,1.43,1.35,1.5,,,,"0 hours, 0 minutes, 50 seconds",,EGFR_patchF,relaxed_filters,default_4stage_multimer
EGFRpH_F_l34_s472129_mpnn9,4stage,34,472129,-0.3,"A431,A434,A436",TVVVELPKYNIKMVLRSKELADKIMKHYEEAMAN,"B1,B3,B6,B8,B9,B10,B11,B12,B13,B14,B15,B16,B20,B23,B24,B27,B28,B31",1.13,0.43,0.94,0.94,0.94,,,,0.88,0.87,0.89,,,,0.9,0.89,0.9,,,,0.14,0.14,0.13,,,,0.15,0.15,0.14,,,,0.0,0,0,,,,0.0,0,0,,,,1.0,1,1,,,,0.0,0,0,,,,-100.65,-99.53,-101.77,,,,0.43,0.43,0.43,,,,0.69,0.69,0.7,,,,0.61,0.61,0.62,,,,-59.79,-59.84,-59.74,,,,1659.77,1675.34,1644.2,,,,-3.6,-3.57,-3.63,,,,74.37,76.06,72.68,,,,61.11,61.11,61.11,,,,18.0,18,18,,,,8.0,8,8,,,,44.44,44.44,44.44,,,,6.0,7.0,5.0,,,,33.34,38.89,27.78,,,,0.0,0,0,,,,0.0,0,0,,,,0.0,0,0,,,,0.0,0,0,,,,0.0,0,0,,,,0.0,0,0,,,,"{'A': 1.0, 'C': 0.0, 'D': 0.0, 'E': 0.0, 'F': 0.0, 'G': 0.0, 'H': 1.0, 'I': 2.0, 'K': 3.0, 'L': 3.0, 'M': 1.0, 'N': 1.0, 'P': 0.0, 'Q': 0.0, 'R': 1.0, 'S': 0.0, 'T': 1.0, 'V': 2.0, 'W': 0.0, 'Y': 2.0}","{'A': 1, 'C': 0, 'D': 0, 'E': 0, 'F': 0, 'G': 0, 'H': 1, 'I': 2, 'K': 3, 'L': 3, 'M': 1, 'N': 1, 'P': 0, 'Q': 0, 'R': 1, 'S': 0, 'T': 1, 'V': 2, 'W': 0, 'Y': 2}","{'A': 1, 'C': 0, 'D': 0, 'E': 0, 'F': 0, 'G': 0, 'H': 1, 'I': 2, 'K': 3, 'L': 3, 'M': 1, 'N': 1, 'P': 0, 'Q': 0, 'R': 1, 'S': 0, 'T': 1, 'V': 2, 'W': 0, 'Y': 2}",,,,0.62,0.72,0.53,,,,0.4,0.44,0.36,,,,0.81,0.77,0.86,,,,0.42,0.37,0.46,,,,0.21,0.3,0.13,,,,7.38,13.34,1.41,,,,"0 hours, 0 minutes, 49 seconds",,EGFR_patchF,relaxed_filters,default_4stage_multimer
EGFRpH_F_l34_s472129_mpnn10,4stage,34,472129,-0.3,"A431,A434,A436",TVVVELPKYNIKMVLRSEELKKKILEHYEKAMKN,"B1,B2,B4,B6,B8,B9,B10,B11,B12,B13,B14,B15,B16,B20,B23,B24,B27,B28,B31,B32",1.14,0.57,0.93,0.93,0.93,,,,0.88,0.87,0.88,,,,0.89,0.88,0.89,,,,0.15,0.15,0.14,,,,0.15,0.16,0.15,,,,0.0,0,0,,,,0.0,0,0,,,,1.0,1,1,,,,0.0,0,0,,,,-94.05,-96.68,-91.42,,,,0.39,0.39,0.38,,,,0.71,0.73,0.7,,,,0.63,0.6,0.66,,,,-61.34,-61.03,-61.65,,,,1791.45,1790.16,1792.73,,,,-3.42,-3.41,-3.44,,,,79.19,78.29,80.09,,,,62.5,60.0,65.0,,,,20.0,20,20,,,,9.5,8,11,,,,47.5,40.0,55.0,,,,5.0,5.0,5.0,,,,25.0,25.0,25.0,,,,0.0,0,0,,,,0.0,0,0,,,,0.0,0,0,,,,0.0,0,0,,,,0.0,0,0,,,,0.0,0,0,,,,"{'A': 1.0, 'C': 0.0, 'D': 0.0, 'E': 0.0, 'F': 0.0, 'G': 0.0, 'H': 1.0, 'I': 2.0, 'K': 3.0, 'L': 3.0, 'M': 2.0, 'N': 1.5, 'P': 0.0, 'Q': 0.0, 'R': 1.0, 'S': 0.0, 'T': 1.0, 'V': 2.5, 'W': 0.0, 'Y': 2.0}","{'A': 1, 'C': 0, 'D': 0, 'E': 0, 'F': 0, 'G': 0, 'H': 1, 'I': 2, 'K': 3, 'L': 3, 'M': 2, 'N': 2, 'P': 0, 'Q': 0, 'R': 1, 'S': 0, 'T': 1, 'V': 2, 'W': 0, 'Y': 2}","{'A': 1, 'C': 0, 'D': 0, 'E': 0, 'F': 0, 'G': 0, 'H': 1, 'I': 2, 'K': 3, 'L': 3, 'M': 2, 'N': 1, 'P': 0, 'Q': 0, 'R': 1, 'S': 0, 'T': 1, 'V': 3, 'W': 0, 'Y': 2}",,,,0.71,0.63,0.79,,,,0.43,0.46,0.4,,,,0.84,0.85,0.83,,,,0.43,0.43,0.44,,,,0.15,0.15,0.15,,,,1.48,1.36,1.6,,,,"0 hours, 0 minutes, 49 seconds",,EGFR_patchF,relaxed_filters,default_4stage_multimer
EGFRpH_F_l34_s472129_mpnn11,4stage,34,472129,-0.3,"A431,A434,A436",TVVVELPKYNIKMVLRSEELKKKIMKHYEEAMKN,"B1,B3,B6,B8,B9,B10,B11,B12,B13,B14,B15,B16,B20,B23,B24,B27,B28,B31,B32",1.16,0.57,0.93,0.93,0.93,,,,0.88,0.87,0.89,,,,0.89,0.89,0.89,,,,0.14,0.14,0.13,,,,0.15,0.15,0.15,,,,0.0,0,0,,,,0.0,0,0,,,,1.0,1,1,,,,0.0,0,0,,,,-94.53,-94.98,-94.09,,,,0.39,0.39,0.38,,,,0.72,0.72,0.73,,,,0.67,0.65,0.69,,,,-60.98,-62.6,-59.36,,,,1740.7,1797.94,1683.47,,,,-3.5,-3.48,-3.53,,,,75.25,77.44,73.06,,,,61.58,60.0,63.16,,,,19.5,20,19,,,,9.5,9,10,,,,48.81,45.0,52.63,,,,7.5,8.0,7.0,,,,38.42,40.0,36.84,,,,0.0,0,0,,,,0.0,0,0,,,,0.0,0,0,,,,0.0,0,0,,,,0.0,0,0,,,,0.0,0,0,,,,"{'A': 1.0, 'C': 0.0, 'D': 0.0, 'E': 0.0, 'F': 0.0, 'G': 0.0, 'H': 1.0, 'I': 2.0, 'K': 3.0, 'L': 3.0, 'M': 2.0, 'N': 1.5, 'P': 0.0, 'Q': 0.0, 'R': 1.0, 'S': 0.0, 'T': 1.0, 'V': 2.0, 'W': 0.0, 'Y': 2.0}","{'A': 1, 'C': 0, 'D': 0, 'E': 0, 'F': 0, 'G': 0, 'H': 1, 'I': 2, 'K': 3, 'L': 3, 'M': 2, 'N': 2, 'P': 0, 'Q': 0, 'R': 1, 'S': 0, 'T': 1, 'V': 2, 'W': 0, 'Y': 2}","{'A': 1, 'C': 0, 'D': 0, 'E': 0, 'F': 0, 'G': 0, 'H': 1, 'I': 2, 'K': 3, 'L': 3, 'M': 2, 'N': 1, 'P': 0, 'Q': 0, 'R': 1, 'S': 0, 'T': 1, 'V': 2, 'W': 0, 'Y': 2}",,,,0.65,0.64,0.66,,,,0.42,0.45,0.39,,,,0.85,0.86,0.85,,,,0.45,0.45,0.45,,,,0.14,0.14,0.14,,,,1.52,1.48,1.57,,,,"0 hours, 0 minutes, 45 seconds",,EGFR_patchF,relaxed_filters,default_4stage_multimer
EGFRpH_F_l34_s472129_mpnn12,4stage,34,472129,-0.3,"A431,A434,A436",TVVVELPKYNIKMVLRSKELADKIMKHYNEAMKN,"B1,B6,B8,B9,B10,B11,B12,B13,B14,B15,B16,B20,B23,B24,B27,B28,B31",1.19,0.43,0.94,0.94,0.94,,,,0.88,0.87,0.89,,,,0.9,0.89,0.9,,,,0.14,0.14,0.13,,,,0.15,0.15,0.14,,,,0.0,0,0,,,,0.0,0,0,,,,1.0,1,1,,,,0.0,0,0,,,,-102.46,-103.31,-101.61,,,,0.39,0.39,0.38,,,,0.7,0.7,0.71,,,,0.61,0.62,0.6,,,,-59.53,-57.11,-61.95,,,,1682.6,1705.66,1659.53,,,,-3.54,-3.35,-3.73,,,,75.51,76.39,74.63,,,,60.99,63.16,58.82,,,,18.0,19,17,,,,9.0,9,9,,,,50.16,47.37,52.94,,,,6.0,5.0,7.0,,,,33.75,26.32,41.18,,,,0.0,0,0,,,,0.0,0,0,,,,0.0,0,0,,,,0.0,0,0,,,,0.0,0,0,,,,0.0,0,0,,,,"{'A': 1.0, 'C': 0.0, 'D': 0.0, 'E': 0.0, 'F': 0.0, 'G': 0.0, 'H': 1.0, 'I': 2.0, 'K': 3.0, 'L': 3.0, 'M': 1.5, 'N': 1.0, 'P': 0.0, 'Q': 0.0, 'R': 1.0, 'S': 0.0, 'T': 1.0, 'V': 1.5, 'W': 0.0, 'Y': 2.0}","{'A': 1, 'C': 0, 'D': 0, 'E': 0, 'F': 0, 'G': 0, 'H': 1, 'I': 2, 'K': 3, 'L': 3, 'M': 2, 'N': 1, 'P': 0, 'Q': 0, 'R': 1, 'S': 0, 'T': 1, 'V': 2, 'W': 0, 'Y': 2}","{'A': 1, 'C': 0, 'D': 0, 'E': 0, 'F': 0, 'G': 0, 'H': 1, 'I': 2, 'K': 3, 'L': 3, 'M': 1, 'N': 1, 'P': 0, 'Q': 0, 'R': 1, 'S': 0, 'T': 1, 'V': 1, 'W': 0, 'Y': 2}",,,,0.64,0.69,0.58,,,,0.42,0.45,0.38,,,,0.83,0.81,0.86,,,,0.44,0.42,0.46,,,,0.21,0.28,0.13,,,,7.33,13.45,1.22,,,,"0 hours, 0 minutes, 49 seconds",,EGFR_patchF,relaxed_filters,default_4stage_multimer
EGFRpH_F_l34_s472129_mpnn13,4stage,34,472129,-0.3,"A431,A434,A436",TVVVELPKYNIKMVLRSKELADKILKHYKEAMAN,"B1,B6,B8,B9,B10,B11,B12,B13,B14,B15,B16,B20,B23,B24,B27,B28,B31,B32",1.23,0.29,0.94,0.94,0.94,,,,0.88,0.87,0.89,,,,0.9,0.89,0.9,,,,0.14,0.14,0.13,,,,0.15,0.15,0.14,,,,0.0,0,0,,,,0.0,0,0,,,,1.0,1,1,,,,0.0,0,0,,,,-97.69,-93.41,-101.98,,,,0.43,0.43,0.43,,,,0.71,0.71,0.71,,,,0.63,0.6,0.66,,,,-65.22,-58.39,-72.04,,,,1683.22,1684.05,1682.4,,,,-3.88,-3.47,-4.28,,,,75.72,74.74,76.69,,,,62.13,63.16,61.11,,,,18.5,19,18,,,,9.0,9,9,,,,48.69,47.37,50.0,,,,5.5,6.0,5.0,,,,29.68,31.58,27.78,,,,0.0,0,0,,,,0.0,0,0,,,,0.0,0,0,,,,0.0,0,0,,,,0.0,0,0,,,,0.0,0,0,,,,"{'A': 1.0, 'C': 0.0, 'D': 0.0, 'E': 0.0, 'F': 0.0, 'G': 0.0, 'H': 1.0, 'I': 2.0, 'K': 3.0, 'L': 3.0, 'M': 2.0, 'N': 1.0, 'P': 0.0, 'Q': 0.0, 'R': 1.0, 'S': 0.0, 'T': 1.0, 'V': 1.5, 'W': 0.0, 'Y': 2.0}","{'A': 1, 'C': 0, 'D': 0, 'E': 0, 'F': 0, 'G': 0, 'H': 1, 'I': 2, 'K': 3, 'L': 3, 'M': 2, 'N': 1, 'P': 0, 'Q': 0, 'R': 1, 'S': 0, 'T': 1, 'V': 2, 'W': 0, 'Y': 2}","{'A': 1, 'C': 0, 'D': 0, 'E': 0, 'F': 0, 'G': 0, 'H': 1, 'I': 2, 'K': 3, 'L': 3, 'M': 2, 'N': 1, 'P': 0, 'Q': 0, 'R': 1, 'S': 0, 'T': 1, 'V': 1, 'W': 0, 'Y': 2}",,,,0.62,0.72,0.53,,,,0.42,0.45,0.38,,,,0.81,0.78,0.84,,,,0.41,0.38,0.43,,,,0.22,0.3,0.15,,,,7.3,13.2,1.4,,,,"0 hours, 0 minutes, 48 seconds",,EGFR_patchF,relaxed_filters,default_4stage_multimer
EGFRpH_F_l42_s944347_mpnn11,4stage,42,944347,-0.3,"A431,A434,A436",KQKSYEEWKKIFSENRTHILTTEELNEVMAAVYEQQKKKALE,"B5,B8,B9,B12,B15,B16,B17,B18,B19,B20,B21,B22,B25,B26,B28,B29,B32,B33,B35,B36,B39",1.28,0.25,0.88,0.87,0.88,,,,0.85,0.85,0.86,,,,0.8,0.8,0.79,,,,0.21,0.21,0.21,,,,0.23,0.23,0.23,,,,0.0,0,0,,,,0.0,0,0,,,,2.5,3,2,,,,0.5,0,1,,,,-86.83,-88.46,-85.2,,,,0.29,0.29,0.29,,,,0.66,0.67,0.65,,,,0.67,0.73,0.6,,,,-56.06,-56.66,-55.46,,,,1704.92,1691.42,1718.42,,,,-3.29,-3.35,-3.23,,,,53.92,53.8,54.04,,,,47.62,47.62,47.62,,,,21.0,21,21,,,,8.0,8,8,,,,38.1,38.1,38.1,,,,4.0,4.0,4.0,,,,19.05,19.05,19.05,,,,0.0,0,0,,,,0.0,0,0,,,,0.0,0,0,,,,0.0,0,0,,,,0.0,0,0,,,,0.0,0,0,,,,"{'A': 0.0, 'C': 0.0, 'D': 0.0, 'E': 0.0, 'F': 1.0, 'G': 0.0, 'H': 1.0, 'I': 1.0, 'K': 2.0, 'L': 2.0, 'M': 1.0, 'N': 2.0, 'P': 0.0, 'Q': 2.0, 'R': 1.0, 'S': 0.0, 'T': 3.0, 'V': 2.0, 'W': 1.0, 'Y': 2.0}","{'A': 0, 'C': 0, 'D': 0, 'E': 0, 'F': 1, 'G': 0, 'H': 1, 'I': 1, 'K': 2, 'L': 2, 'M': 1, 'N': 2, 'P': 0, 'Q': 2, 'R': 1, 'S': 0, 'T': 3, 'V': 2, 'W': 1, 'Y': 2}","{'A': 0, 'C': 0, 'D': 0, 'E': 0, 'F': 1, 'G': 0, 'H': 1, 'I': 1, 'K': 2, 'L': 2, 'M': 1, 'N': 2, 'P': 0, 'Q': 2, 'R': 1, 'S': 0, 'T': 3, 'V': 2, 'W': 1, 'Y': 2}",,,,1.81,1.76,1.86,,,,0.36,0.43,0.3,,,,0.82,0.81,0.84,,,,0.43,0.43,0.44,,,,0.29,0.3,0.27,,,,12.07,11.71,12.43,,,,"0 hours, 1 minutes, 11 seconds",Relaxed structure contains clashes.,EGFR_patchF,relaxed_filters,default_4stage_multimer
EGFRpH_F_l31_s315067_mpnn2,4stage,31,315067,-0.3,"A431,A434,A436",PPPSPRIEMEVDDMLVIMENGGIVITMKVPD,"B9,B10,B11,B12,B14,B16,B18,B20,B21,B22,B23,B24,B25,B26,B27",1.44,0.06,0.82,0.82,0.82,,,,0.86,0.85,0.87,,,,0.81,0.81,0.82,,,,0.25,0.25,0.25,,,,0.27,0.27,0.26,,,,0.0,0,0,,,,0.0,0,0,,,,1.0,1,1,,,,0.0,0,0,,,,-91.95,-94.04,-89.86,,,,0.69,0.69,0.69,,,,0.74,0.76,0.73,,,,0.66,0.66,0.66,,,,-57.19,-60.61,-53.77,,,,1309.36,1310.62,1308.11,,,,-4.37,-4.62,-4.11,,,,58.45,58.39,58.52,,,,60.0,60.0,60.0,,,,15.0,15,15,,,,6.5,7,6,,,,43.34,46.67,40.0,,,,3.0,2.0,4.0,,,,20.0,13.33,26.67,,,,0.0,0,0,,,,0.0,0,0,,,,0.0,0,0,,,,0.0,0,0,,,,0.0,0,0,,,,0.0,0,0,,,,"{'A': 0.0, 'C': 0.0, 'D': 1.0, 'E': 1.0, 'F': 0.0, 'G': 2.0, 'H': 0.0, 'I': 2.0, 'K': 0.0, 'L': 0.0, 'M': 4.0, 'N': 1.0, 'P': 0.0, 'Q': 0.0, 'R': 0.0, 'S': 0.0, 'T': 1.0, 'V': 3.0, 'W': 0.0, 'Y': 0.0}","{'A': 0, 'C': 0, 'D': 1, 'E': 1, 'F': 0, 'G': 2, 'H': 0, 'I': 2, 'K': 0, 'L': 0, 'M': 4, 'N': 1, 'P': 0, 'Q': 0, 'R': 0, 'S': 0, 'T': 1, 'V': 3, 'W': 0, 'Y': 0}","{'A': 0, 'C': 0, 'D': 1, 'E': 1, 'F': 0, 'G': 2, 'H': 0, 'I': 2, 'K': 0, 'L': 0, 'M': 4, 'N': 1, 'P': 0, 'Q': 0, 'R': 0, 'S': 0, 'T': 1, 'V': 3, 'W': 0, 'Y': 0}",,,,1.92,1.99,1.84,,,,0.38,0.42,0.35,,,,0.81,0.8,0.81,,,,0.34,0.31,0.37,,,,0.28,0.33,0.22,,,,8.69,12.97,4.41,,,,"0 hours, 1 minutes, 2 seconds","Absorption value is 0.0, consider adding tryptophane to design.",EGFR_patchF,relaxed_filters,default_4stage_multimer
EGFRpH_F_l31_s315067_mpnn8,4stage,31,315067,-0.3,"A431,A434,A436",PVPSPKIEMEVDDMVVTMENGGIVITMKKKK,"B9,B11,B12,B14,B16,B18,B20,B21,B22,B23,B24,B25,B26,B27",1.46,0.12,0.82,0.81,0.83,,,,0.86,0.85,0.87,,,,0.82,0.82,0.82,,,,0.25,0.26,0.24,,,,0.27,0.28,0.25,,,,0.0,0,0,,,,0.0,0,0,,,,1.0,1,1,,,,0.0,0,0,,,,-80.16,-78.35,-81.98,,,,0.57,0.57,0.57,,,,0.71,0.71,0.71,,,,0.65,0.63,0.67,,,,-52.74,-53.88,-51.6,,,,1355.26,1351.73,1358.78,,,,-3.9,-3.99,-3.8,,,,54.23,54.44,54.03,,,,62.15,60.0,64.29,,,,14.5,15,14,,,,6.0,6,6,,,,41.43,40.0,42.86,,,,4.0,4.0,4.0,,,,27.62,26.67,28.57,,,,0.0,0,0,,,,0.0,0,0,,,,0.0,0,0,,,,0.0,0,0,,,,0.0,0,0,,,,0.0,0,0,,,,"{'A': 0.0, 'C': 0.0, 'D': 1.0, 'E': 0.5, 'F': 0.0, 'G': 2.0, 'H': 0.0, 'I': 2.0, 'K': 0.0, 'L': 0.0, 'M': 4.0, 'N': 1.0, 'P': 0.0, 'Q': 0.0, 'R': 0.0, 'S': 0.0, 'T': 1.0, 'V': 3.0, 'W': 0.0, 'Y': 0.0}","{'A': 0, 'C': 0, 'D': 1, 'E': 1, 'F': 0, 'G': 2, 'H': 0, 'I': 2, 'K': 0, 'L': 0, 'M': 4, 'N': 1, 'P': 0, 'Q': 0, 'R': 0, 'S': 0, 'T': 1, 'V': 3, 'W': 0, 'Y': 0}","{'A': 0, 'C': 0, 'D': 1, 'E': 0, 'F': 0, 'G': 2, 'H': 0, 'I': 2, 'K': 0, 'L': 0, 'M': 4, 'N': 1, 'P': 0, 'Q': 0, 'R': 0, 'S': 0, 'T': 1, 'V': 3, 'W': 0, 'Y': 0}",,,,1.85,2.04,1.67,,,,0.38,0.42,0.35,,,,0.84,0.85,0.83,,,,0.41,0.41,0.4,,,,0.19,0.19,0.19,,,,3.39,3.17,3.61,,,,"0 hours, 0 minutes, 46 seconds","Absorption value is 0.0, consider adding tryptophane to design.",EGFR_patchF,relaxed_filters,default_4stage_multimer
EGFRpH_F_l31_s315067_mpnn16,4stage,31,315067,-0.3,"A431,A434,A436",PAASPVVEMEVDDMVVRMQNGGIVITMKKPK,"B9,B11,B12,B14,B16,B18,B20,B21,B22,B23,B24,B25,B26,B27",1.51,0.25,0.81,0.81,0.82,,,,0.86,0.85,0.87,,,,0.82,0.82,0.83,,,,0.25,0.26,0.24,,,,0.27,0.28,0.26,,,,0.0,0,0,,,,0.0,0,0,,,,1.0,1,1,,,,0.0,0,0,,,,-77.95,-74.03,-81.88,,,,0.61,0.61,0.61,,,,0.73,0.73,0.73,,,,0.62,0.6,0.65,,,,-59.81,-60.43,-59.19,,,,1330.64,1334.13,1327.15,,,,-4.5,-4.53,-4.46,,,,54.86,55.56,54.16,,,,62.15,60.0,64.29,,,,14.5,15,14,,,,7.0,7,7,,,,48.34,46.67,50.0,,,,3.5,4.0,3.0,,,,24.05,26.67,21.43,,,,0.0,0,0,,,,0.0,0,0,,,,0.0,0,0,,,,0.0,0,0,,,,0.0,0,0,,,,0.0,0,0,,,,"{'A': 0.0, 'C': 0.0, 'D': 1.0, 'E': 0.5, 'F': 0.0, 'G': 2.0, 'H': 0.0, 'I': 2.0, 'K': 0.0, 'L': 0.0, 'M': 4.0, 'N': 1.0, 'P': 0.0, 'Q': 0.0, 'R': 0.0, 'S': 0.0, 'T': 1.0, 'V': 3.0, 'W': 0.0, 'Y': 0.0}","{'A': 0, 'C': 0, 'D': 1, 'E': 1, 'F': 0, 'G': 2, 'H': 0, 'I': 2, 'K': 0, 'L': 0, 'M': 4, 'N': 1, 'P': 0, 'Q': 0, 'R': 0, 'S': 0, 'T': 1, 'V': 3, 'W': 0, 'Y': 0}","{'A': 0, 'C': 0, 'D': 1, 'E': 0, 'F': 0, 'G': 2, 'H': 0, 'I': 2, 'K': 0, 'L': 0, 'M': 4, 'N': 1, 'P': 0, 'Q': 0, 'R': 0, 'S': 0, 'T': 1, 'V': 3, 'W': 0, 'Y': 0}",,,,1.77,1.83,1.72,,,,0.38,0.41,0.34,,,,0.78,0.74,0.83,,,,0.36,0.3,0.42,,,,0.27,0.35,0.19,,,,6.41,9.47,3.35,,,,"0 hours, 0 minutes, 46 seconds","Absorption value is 0.0, consider adding tryptophane to design.",EGFR_patchF,relaxed_filters,default_4stage_multimer
EGFRpH_F_l31_s886435_mpnn9,4stage,31,886435,-0.3,"A431,A434,A436",TTVMNVPPYVVTIKTDPGPRKGMEIVIRPQP,"B4,B5,B6,B7,B9,B11,B13,B16,B20,B21,B22,B23,B24,B25,B26,B27,B28,B29",1.39,0.06,0.83,0.83,0.83,,,,0.87,0.86,0.88,,,,0.84,0.84,0.85,,,,0.23,0.23,0.22,,,,0.24,0.24,0.24,,,,0.0,0,0,,,,0.0,0,0,,,,1.0,1,1,,,,0.0,0,0,,,,-83.73,-85.39,-82.07,,,,0.63,0.63,0.63,,,,0.67,0.67,0.66,,,,0.65,0.62,0.67,,,,-52.67,-53.21,-52.13,,,,1539.62,1541.99,1537.24,,,,-3.42,-3.45,-3.39,,,,71.64,69.95,73.33,,,,59.97,58.82,61.11,,,,17.5,17,18,,,,7.0,8,6,,,,40.2,47.06,33.33,,,,4.5,5.0,4.0,,,,25.81,29.41,22.22,,,,0.0,0,0,,,,0.0,0,0,,,,0.0,0,0,,,,0.0,0,0,,,,0.0,0,0,,,,0.0,0,0,,,,"{'A': 0.0, 'C': 0.0, 'D': 1.0, 'E': 1.0, 'F': 0.0, 'G': 1.0, 'H': 0.0, 'I': 3.0, 'K': 1.0, 'L': 0.0, 'M': 2.0, 'N': 1.0, 'P': 1.5, 'Q': 0.0, 'R': 2.0, 'S': 0.0, 'T': 0.0, 'V': 3.0, 'W': 0.0, 'Y': 1.0}","{'A': 0, 'C': 0, 'D': 1, 'E': 1, 'F': 0, 'G': 1, 'H': 0, 'I': 3, 'K': 1, 'L': 0, 'M': 2, 'N': 1, 'P': 1, 'Q': 0, 'R': 2, 'S': 0, 'T': 0, 'V': 3, 'W': 0, 'Y': 1}","{'A': 0, 'C': 0, 'D': 1, 'E': 1, 'F': 0, 'G': 1, 'H': 0, 'I': 3, 'K': 1, 'L': 0, 'M': 2, 'N': 1, 'P': 2, 'Q': 0, 'R': 2, 'S': 0, 'T': 0, 'V': 3, 'W': 0, 'Y': 1}",,,,1.62,1.6,1.65,,,,0.37,0.4,0.34,,,,0.88,0.88,0.88,,,,0.48,0.47,0.49,,,,0.15,0.15,0.14,,,,1.23,1.3,1.16,,,,"0 hours, 1 minutes, 4 seconds",,EGFR_patchF,relaxed_filters,default_4stage_multimer
EGFRpH_F_l31_s886435_mpnn15,4stage,31,886435,-0.3,"A431,A434,A436",TTVMHVPPYLVTINIDPSPRKGMEIVIRPLP,"B4,B6,B7,B9,B11,B13,B21,B22,B23,B24,B25,B26,B27,B28,B29",1.44,0.12,0.81,0.82,0.81,,,,0.87,0.86,0.88,,,,0.83,0.83,0.84,,,,0.24,0.24,0.24,,,,0.25,0.25,0.25,,,,0.0,0,0,,,,0.0,0,0,,,,1.5,2,1,,,,0.0,0,0,,,,-89.27,-89.19,-89.35,,,,0.65,0.65,0.65,,,,0.69,0.69,0.68,,,,0.64,0.6,0.67,,,,-51.41,-52.31,-50.5,,,,1535.87,1565.31,1506.43,,,,-3.34,-3.34,-3.35,,,,73.75,74.8,72.69,,,,70.0,66.67,73.33,,,,15.0,15,15,,,,6.0,6,6,,,,40.0,40.0,40.0,,,,4.5,5.0,4.0,,,,30.0,33.33,26.67,,,,0.0,0,0,,,,0.0,0,0,,,,0.0,0,0,,,,0.0,0,0,,,,0.0,0,0,,,,0.0,0,0,,,,"{'A': 0.0, 'C': 0.0, 'D': 0.0, 'E': 1.0, 'F': 0.0, 'G': 1.0, 'H': 0.5, 'I': 3.0, 'K': 1.0, 'L': 0.0, 'M': 2.0, 'N': 0.0, 'P': 1.5, 'Q': 0.0, 'R': 1.0, 'S': 0.0, 'T': 0.0, 'V': 3.0, 'W': 0.0, 'Y': 1.0}","{'A': 0, 'C': 0, 'D': 0, 'E': 1, 'F': 0, 'G': 1, 'H': 1, 'I': 3, 'K': 1, 'L': 0, 'M': 2, 'N': 0, 'P': 1, 'Q': 0, 'R': 1, 'S': 0, 'T': 0, 'V': 3, 'W': 0, 'Y': 1}","{'A': 0, 'C': 0, 'D': 0, 'E': 1, 'F': 0, 'G': 1, 'H': 0, 'I': 3, 'K': 1, 'L': 0, 'M': 2, 'N': 0, 'P': 2, 'Q': 0, 'R': 1, 'S': 0, 'T': 0, 'V': 3, 'W': 0, 'Y': 1}",,,,2.49,2.51,2.47,,,,0.36,0.4,0.32,,,,0.89,0.88,0.9,,,,0.48,0.47,0.49,,,,0.14,0.15,0.12,,,,2.1,2.11,2.1,,,,"0 hours, 0 minutes, 47 seconds",,EGFR_patchF,relaxed_filters,default_4stage_multimer
EGFRpH_F_l31_s886435_mpnn16,4stage,31,886435,-0.3,"A431,A434,A436",TTVMKVPPYEVTINIDPSPRKGMEIVIRPLK,"B4,B6,B9,B11,B13,B20,B21,B22,B23,B24,B25,B26,B27,B28,B29",1.44,0.06,0.81,0.82,0.81,,,,0.86,0.86,0.87,,,,0.83,0.83,0.83,,,,0.24,0.24,0.25,,,,0.26,0.25,0.26,,,,0.0,0,0,,,,0.0,0,0,,,,1.5,2,1,,,,0.0,0,0,,,,-93.22,-94.62,-91.82,,,,0.57,0.58,0.57,,,,0.69,0.69,0.7,,,,0.63,0.63,0.63,,,,-55.55,-57.63,-53.46,,,,1505.59,1504.9,1506.27,,,,-3.69,-3.83,-3.55,,,,67.84,67.22,68.47,,,,68.63,70.59,66.67,,,,16.0,17,15,,,,8.5,9,8,,,,53.13,52.94,53.33,,,,5.0,5.0,5.0,,,,31.37,29.41,33.33,,,,0.0,0,0,,,,0.0,0,0,,,,0.0,0,0,,,,0.0,0,0,,,,0.0,0,0,,,,0.0,0,0,,,,"{'A': 0.0, 'C': 0.0, 'D': 0.0, 'E': 1.0, 'F': 0.0, 'G': 1.0, 'H': 0.0, 'I': 3.0, 'K': 1.0, 'L': 0.0, 'M': 2.0, 'N': 0.0, 'P': 2.0, 'Q': 0.0, 'R': 2.0, 'S': 0.0, 'T': 0.0, 'V': 3.0, 'W': 0.0, 'Y': 1.0}","{'A': 0, 'C': 0, 'D': 0, 'E': 1, 'F': 0, 'G': 1, 'H': 0, 'I': 3, 'K': 1, 'L': 0, 'M': 2, 'N': 0, 'P': 3, 'Q': 0, 'R': 2, 'S': 0, 'T': 0, 'V': 3, 'W': 0, 'Y': 1}","{'A': 0, 'C': 0, 'D': 0, 'E': 1, 'F': 0, 'G': 1, 'H': 0, 'I': 3, 'K': 1, 'L': 0, 'M': 2, 'N': 0, 'P': 1, 'Q': 0, 'R': 2, 'S': 0, 'T': 0, 'V': 3, 'W': 0, 'Y': 1}",,,,2.52,2.53,2.52,,,,0.37,0.41,0.33,,,,0.87,0.87,0.87,,,,0.46,0.45,0.46,,,,0.15,0.15,0.14,,,,2.21,2.33,2.08,,,,"0 hours, 0 minutes, 48 seconds",,EGFR_patchF,relaxed_filters,default_4stage_multimer
EGFRpH_F_l42_s210349_mpnn1,4stage,42,210349,-0.3,"A431,A434,A436",SDEGWELVEKVFNPKHGILYTIKILKKEGEERIESIMMRPTP,"B2,B12,B14,B15,B16,B18,B20,B22,B25,B32,B33,B34,B35,B36,B37,B38,B39,B40",1.07,0.28,0.85,0.85,0.86,,,,0.87,0.86,0.88,,,,0.84,0.84,0.85,,,,0.22,0.22,0.22,,,,0.23,0.23,0.23,,,,0.0,0,0,,,,0.0,0,0,,,,1.0,1,1,,,,0.0,0,0,,,,-119.38,-124.49,-114.26,,,,0.52,0.53,0.51,,,,0.69,0.7,0.68,,,,0.64,0.63,0.64,,,,-55.66,-57.68,-53.65,,,,1678.77,1618.75,1738.79,,,,-3.33,-3.56,-3.09,,,,55.79,53.48,58.1,,,,61.8,62.5,61.11,,,,17.0,16,18,,,,8.0,7,9,,,,46.88,43.75,50.0,,,,2.5,3.0,2.0,,,,14.93,18.75,11.11,,,,0.0,0,0,,,,0.0,0,0,,,,0.0,0,0,,,,0.0,0,0,,,,0.0,0,0,,,,0.0,0,0,,,,"{'A': 0.0, 'C': 0.0, 'D': 1.0, 'E': 1.0, 'F': 1.0, 'G': 0.0, 'H': 1.0, 'I': 4.0, 'K': 0.5, 'L': 0.5, 'M': 2.0, 'N': 0.0, 'P': 2.0, 'Q': 0.0, 'R': 2.0, 'S': 1.0, 'T': 0.0, 'V': 0.0, 'W': 0.0, 'Y': 1.0}","{'A': 0, 'C': 0, 'D': 1, 'E': 1, 'F': 1, 'G': 0, 'H': 1, 'I': 4, 'K': 0, 'L': 0, 'M': 2, 'N': 0, 'P': 2, 'Q': 0, 'R': 2, 'S': 1, 'T': 0, 'V': 0, 'W': 0, 'Y': 1}","{'A': 0, 'C': 0, 'D': 1, 'E': 1, 'F': 1, 'G': 0, 'H': 1, 'I': 4, 'K': 1, 'L': 1, 'M': 2, 'N': 0, 'P': 2, 'Q': 0, 'R': 2, 'S': 1, 'T': 0, 'V': 0, 'W': 0, 'Y': 1}",,,,1.43,1.23,1.63,,,,0.43,0.46,0.4,,,,0.71,0.68,0.73,,,,0.38,0.38,0.38,,,,0.33,0.29,0.37,,,,9.96,3.31,16.62,,,,"0 hours, 1 minutes, 41 seconds",,EGFR_patchF,relaxed_filters,default_4stage_multimer
EGFRpH_F_l42_s210349_mpnn3,4stage,42,210349,-0.3,"A431,A434,A436",SDDGWVEEELVFNPKHGILYTIKILKKEGEERIESIMMRPMP,"B12,B14,B15,B16,B18,B20,B22,B25,B32,B33,B34,B35,B36,B37,B38,B39,B40",1.1,0.24,0.84,0.84,0.85,,,,0.87,0.86,0.88,,,,0.84,0.83,0.85,,,,0.23,0.24,0.22,,,,0.24,0.25,0.23,,,,0.0,0,0,,,,0.0,0,0,,,,1.0,1,1,,,,0.0,0,0,,,,-119.15,-111.15,-127.15,,,,0.53,0.51,0.55,,,,0.69,0.66,0.72,,,,0.65,0.65,0.65,,,,-55.45,-50.34,-60.56,,,,1657.83,1560.81,1754.85,,,,-3.34,-3.23,-3.45,,,,56.34,52.32,60.37,,,,62.91,61.11,64.71,,,,17.5,18,17,,,,9.5,8,11,,,,54.57,44.44,64.71,,,,2.5,3.0,2.0,,,,14.21,16.67,11.76,,,,0.0,0,0,,,,0.0,0,0,,,,0.0,0,0,,,,0.0,0,0,,,,0.0,0,0,,,,0.0,0,0,,,,"{'A': 0.0, 'C': 0.0, 'D': 0.5, 'E': 1.0, 'F': 1.0, 'G': 0.0, 'H': 1.0, 'I': 4.0, 'K': 1.0, 'L': 1.0, 'M': 2.0, 'N': 0.0, 'P': 2.0, 'Q': 0.0, 'R': 2.0, 'S': 1.0, 'T': 0.0, 'V': 0.0, 'W': 0.0, 'Y': 1.0}","{'A': 0, 'C': 0, 'D': 1, 'E': 1, 'F': 1, 'G': 0, 'H': 1, 'I': 4, 'K': 1, 'L': 1, 'M': 2, 'N': 0, 'P': 2, 'Q': 0, 'R': 2, 'S': 1, 'T': 0, 'V': 0, 'W': 0, 'Y': 1}","{'A': 0, 'C': 0, 'D': 0, 'E': 1, 'F': 1, 'G': 0, 'H': 1, 'I': 4, 'K': 1, 'L': 1, 'M': 2, 'N': 0, 'P': 2, 'Q': 0, 'R': 2, 'S': 1, 'T': 0, 'V': 0, 'W': 0, 'Y': 1}",,,,2.2,2.14,2.25,,,,0.43,0.46,0.39,,,,0.87,0.87,0.87,,,,0.57,0.57,0.57,,,,0.17,0.17,0.16,,,,3.84,3.84,3.84,,,,"0 hours, 0 minutes, 55 seconds",,EGFR_patchF,relaxed_filters,default_4stage_multimer
EGFRpH_F_l42_s210349_mpnn8,4stage,42,210349,-0.3,"A431,A434,A436",SDEGWVRKELVFNPKHGILYTINILEKPGESRIESIMMRPMP,"B1,B2,B12,B14,B15,B16,B18,B20,B22,B32,B33,B34,B35,B36,B37,B38,B39,B40",1.13,0.28,0.86,0.86,0.86,,,,0.87,0.86,0.88,,,,0.84,0.83,0.85,,,,0.21,0.21,0.21,,,,0.23,0.23,0.22,,,,0.0,0,0,,,,0.0,0,0,,,,0.5,1,0,,,,0.0,0,0,,,,-121.75,-121.27,-122.23,,,,0.54,0.54,0.54,,,,0.66,0.67,0.65,,,,0.61,0.64,0.58,,,,-53.9,-53.85,-53.95,,,,1568.68,1509.63,1627.72,,,,-3.44,-3.57,-3.31,,,,53.48,50.63,56.34,,,,58.34,61.11,55.56,,,,18.0,18,18,,,,8.5,8,9,,,,47.22,44.44,50.0,,,,3.5,3.0,4.0,,,,19.45,16.67,22.22,,,,0.0,0,0,,,,0.0,0,0,,,,0.0,0,0,,,,0.0,0,0,,,,0.0,0,0,,,,0.0,0,0,,,,"{'A': 0.0, 'C': 0.0, 'D': 1.0, 'E': 1.0, 'F': 1.0, 'G': 0.0, 'H': 1.0, 'I': 4.0, 'K': 0.5, 'L': 0.5, 'M': 2.0, 'N': 0.0, 'P': 2.0, 'Q': 0.0, 'R': 2.0, 'S': 2.0, 'T': 0.0, 'V': 0.0, 'W': 0.0, 'Y': 1.0}","{'A': 0, 'C': 0, 'D': 1, 'E': 1, 'F': 1, 'G': 0, 'H': 1, 'I': 4, 'K': 0, 'L': 1, 'M': 2, 'N': 0, 'P': 2, 'Q': 0, 'R': 2, 'S': 2, 'T': 0, 'V': 0, 'W': 0, 'Y': 1}","{'A': 0, 'C': 0, 'D': 1, 'E': 1, 'F': 1, 'G': 0, 'H': 1, 'I': 4, 'K': 1, 'L': 0, 'M': 2, 'N': 0, 'P': 2, 'Q': 0, 'R': 2, 'S': 2, 'T': 0, 'V': 0, 'W': 0, 'Y': 1}",,,,1.23,1.3,1.15,,,,0.44,0.46,0.41,,,,0.9,0.9,0.9,,,,0.6,0.61,0.6,,,,0.14,0.14,0.14,,,,3.77,3.79,3.75,,,,"0 hours, 0 minutes, 53 seconds",,EGFR_patchF,relaxed_filters,default_4stage_multimer
EGFRpH_F_l42_s210349_mpnn14,4stage,42,210349,-0.3,"A431,A434,A436",SDEGWVLKKEVFKPKHGILYTINKLVKPGEERIESIMMRPTP,"B2,B5,B12,B15,B16,B18,B20,B22,B25,B32,B33,B34,B35,B36,B37,B38,B39,B40",1.16,0.32,0.85,0.85,0.86,,,,0.87,0.86,0.88,,,,0.84,0.84,0.85,,,,0.21,0.22,0.21,,,,0.23,0.24,0.22,,,,0.0,0,0,,,,0.0,0,0,,,,0.5,1,0,,,,0.0,0,0,,,,-115.44,-114.32,-116.57,,,,0.53,0.52,0.54,,,,0.66,0.67,0.65,,,,0.64,0.67,0.61,,,,-57.58,-57.24,-57.92,,,,1711.04,1644.58,1777.5,,,,-3.37,-3.48,-3.26,,,,58.37,55.5,61.24,,,,62.91,64.71,61.11,,,,17.5,17,18,,,,9.5,11,8,,,,54.57,64.71,44.44,,,,3.0,2.0,4.0,,,,16.99,11.76,22.22,,,,0.0,0,0,,,,0.0,0,0,,,,0.0,0,0,,,,0.0,0,0,,,,0.0,0,0,,,,0.0,0,0,,,,"{'A': 0.0, 'C': 0.0, 'D': 1.0, 'E': 1.0, 'F': 1.0, 'G': 0.0, 'H': 1.0, 'I': 4.0, 'K': 0.5, 'L': 1.0, 'M': 2.0, 'N': 0.0, 'P': 1.5, 'Q': 0.0, 'R': 2.0, 'S': 1.0, 'T': 0.0, 'V': 0.0, 'W': 0.5, 'Y': 1.0}","{'A': 0, 'C': 0, 'D': 1, 'E': 1, 'F': 1, 'G': 0, 'H': 1, 'I': 4, 'K': 0, 'L': 1, 'M': 2, 'N': 0, 'P': 2, 'Q': 0, 'R': 2, 'S': 1, 'T': 0, 'V': 0, 'W': 0, 'Y': 1}","{'A': 0, 'C': 0, 'D': 1, 'E': 1, 'F': 1, 'G': 0, 'H': 1, 'I': 4, 'K': 1, 'L': 1, 'M': 2, 'N': 0, 'P': 1, 'Q': 0, 'R': 2, 'S': 1, 'T': 0, 'V': 0, 'W': 1, 'Y': 1}",,,,1.31,1.04,1.57,,,,0.44,0.47,0.41,,,,0.75,0.74,0.76,,,,0.41,0.41,0.42,,,,0.27,0.27,0.26,,,,3.63,3.38,3.88,,,,"0 hours, 0 minutes, 52 seconds",,EGFR_patchF,relaxed_filters,default_4stage_multimer
EGFRpH_F_l42_s210349_mpnn15,4stage,42,210349,-0.3,"A431,A434,A436",SDEGWKEKELVFKPKHGILYTIRILEKPGEKRIESIMMRPMP,"B2,B12,B13,B15,B16,B18,B20,B22,B32,B33,B34,B35,B36,B37,B38,B39,B40",1.17,0.28,0.86,0.86,0.87,,,,0.87,0.86,0.88,,,,0.84,0.84,0.85,,,,0.21,0.21,0.2,,,,0.23,0.23,0.22,,,,0.0,0,0,,,,0.0,0,0,,,,0.5,1,0,,,,0.0,0,0,,,,-124.32,-127.94,-120.7,,,,0.52,0.51,0.53,,,,0.69,0.69,0.69,,,,0.66,0.66,0.65,,,,-59.27,-59.73,-58.81,,,,1821.35,1786.73,1855.96,,,,-3.25,-3.34,-3.17,,,,60.84,59.71,61.96,,,,53.97,55.0,52.94,,,,18.5,20,17,,,,9.5,9,10,,,,51.91,45.0,58.82,,,,6.0,7.0,5.0,,,,32.2,35.0,29.41,,,,0.0,0,0,,,,0.0,0,0,,,,0.0,0,0,,,,0.0,0,0,,,,0.0,0,0,,,,0.0,0,0,,,,"{'A': 0.0, 'C': 0.0, 'D': 1.0, 'E': 1.0, 'F': 1.0, 'G': 0.0, 'H': 1.0, 'I': 4.0, 'K': 1.5, 'L': 0.5, 'M': 2.0, 'N': 0.0, 'P': 1.5, 'Q': 0.0, 'R': 2.5, 'S': 1.5, 'T': 0.0, 'V': 0.0, 'W': 0.0, 'Y': 1.0}","{'A': 0, 'C': 0, 'D': 1, 'E': 1, 'F': 1, 'G': 0, 'H': 1, 'I': 4, 'K': 1, 'L': 1, 'M': 2, 'N': 0, 'P': 2, 'Q': 0, 'R': 3, 'S': 2, 'T': 0, 'V': 0, 'W': 0, 'Y': 1}","{'A': 0, 'C': 0, 'D': 1, 'E': 1, 'F': 1, 'G': 0, 'H': 1, 'I': 4, 'K': 2, 'L': 0, 'M': 2, 'N': 0, 'P': 1, 'Q': 0, 'R': 2, 'S': 1, 'T': 0, 'V': 0, 'W': 0, 'Y': 1}",,,,1.25,1.15,1.34,,,,0.45,0.47,0.43,,,,0.9,0.88,0.91,,,,0.58,0.57,0.59,,,,0.16,0.17,0.14,,,,1.78,1.6,1.96,,,,"0 hours, 0 minutes, 54 seconds",,EGFR_patchF,relaxed_filters,default_4stage_multimer
EGFRpH_F_l42_s210349_mpnn19,4stage,42,210349,-0.3,"A431,A434,A436",SDAGWVREKEVFKPKHGILYTIDKLKKPGEERIESIMMRPIP,"B2,B7,B12,B15,B16,B18,B20,B22,B25,B32,B33,B34,B35,B36,B37,B38,B39,B40",1.21,0.28,0.85,0.85,0.86,,,,0.87,0.86,0.88,,,,0.83,0.83,0.84,,,,0.22,0.23,0.21,,,,0.23,0.24,0.23,,,,0.0,0,0,,,,0.0,0,0,,,,0.0,0,0,,,,0.0,0,0,,,,-122.52,-125.32,-119.72,,,,0.51,0.5,0.51,,,,0.68,0.69,0.67,,,,0.58,0.61,0.56,,,,-54.04,-50.16,-57.92,,,,1570.41,1401.65,1739.16,,,,-3.46,-3.58,-3.33,,,,51.7,45.93,57.46,,,,59.93,64.29,55.56,,,,16.0,14,18,,,,8.5,8,9,,,,53.57,57.14,50.0,,,,2.5,3.0,2.0,,,,16.27,21.43,11.11,,,,0.0,0,0,,,,0.0,0,0,,,,0.0,0,0,,,,0.0,0,0,,,,0.0,0,0,,,,0.0,0,0,,,,"{'A': 0.0, 'C': 0.0, 'D': 0.5, 'E': 1.0, 'F': 0.5, 'G': 0.0, 'H': 1.0, 'I': 4.0, 'K': 0.5, 'L': 1.0, 'M': 2.0, 'N': 0.0, 'P': 1.0, 'Q': 0.0, 'R': 2.5, 'S': 1.0, 'T': 0.0, 'V': 0.0, 'W': 0.0, 'Y': 1.0}","{'A': 0, 'C': 0, 'D': 0, 'E': 1, 'F': 0, 'G': 0, 'H': 1, 'I': 4, 'K': 0, 'L': 1, 'M': 2, 'N': 0, 'P': 1, 'Q': 0, 'R': 2, 'S': 1, 'T': 0, 'V': 0, 'W': 0, 'Y': 1}","{'A': 0, 'C': 0, 'D': 1, 'E': 1, 'F': 1, 'G': 0, 'H': 1, 'I': 4, 'K': 1, 'L': 1, 'M': 2, 'N': 0, 'P': 1, 'Q': 0, 'R': 3, 'S': 1, 'T': 0, 'V': 0, 'W': 0, 'Y': 1}",,,,1.23,1.02,1.43,,,,0.44,0.47,0.42,,,,0.83,0.78,0.88,,,,0.52,0.46,0.57,,,,0.21,0.24,0.17,,,,2.67,3.49,1.85,,,,"0 hours, 0 minutes, 52 seconds",,EGFR_patchF,relaxed_filters,default_4stage_multimer
EGFRpH_F_l42_s210349_mpnn20,4stage,42,210349,-0.3,"A431,A434,A436",SDAGWKEKKLVFRPKHGILYTITILEKPGESRIESIMMRPEP,"B5,B10,B12,B16,B17,B20,B22,B24,B32,B33,B34,B35,B36,B37,B38,B39,B40",1.22,0.28,0.85,0.88,0.82,,,,0.86,0.86,0.87,,,,0.84,0.85,0.84,,,,0.22,0.2,0.24,,,,0.23,0.22,0.25,,,,0.0,0,0,,,,0.0,0,0,,,,0.5,1,0,,,,0.0,0,0,,,,-120.34,-123.3,-117.39,,,,0.52,0.51,0.52,,,,0.7,0.67,0.73,,,,0.66,0.65,0.67,,,,-56.1,-54.19,-58.01,,,,1602.36,1570.13,1634.59,,,,-3.5,-3.45,-3.55,,,,51.83,51.68,51.97,,,,61.77,58.82,64.71,,,,17.0,17,17,,,,11.5,11,12,,,,67.65,64.71,70.59,,,,5.5,6.0,5.0,,,,32.35,35.29,29.41,,,,0.0,0,0,,,,0.0,0,0,,,,0.0,0,0,,,,0.0,0,0,,,,0.0,0,0,,,,0.0,0,0,,,,"{'A': 0.0, 'C': 0.0, 'D': 0.5, 'E': 1.0, 'F': 0.5, 'G': 0.5, 'H': 1.0, 'I': 4.0, 'K': 0.5, 'L': 1.0, 'M': 2.0, 'N': 0.0, 'P': 1.5, 'Q': 0.0, 'R': 2.0, 'S': 1.0, 'T': 0.0, 'V': 0.0, 'W': 0.5, 'Y': 1.0}","{'A': 0, 'C': 0, 'D': 1, 'E': 1, 'F': 0, 'G': 0, 'H': 1, 'I': 4, 'K': 1, 'L': 1, 'M': 2, 'N': 0, 'P': 2, 'Q': 0, 'R': 2, 'S': 1, 'T': 0, 'V': 0, 'W': 0, 'Y': 1}","{'A': 0, 'C': 0, 'D': 0, 'E': 1, 'F': 1, 'G': 1, 'H': 1, 'I': 4, 'K': 0, 'L': 1, 'M': 2, 'N': 0, 'P': 1, 'Q': 0, 'R': 2, 'S': 1, 'T': 0, 'V': 0, 'W': 1, 'Y': 1}",,,,3.52,1.24,5.8,,,,0.44,0.47,0.41,,,,0.9,0.9,0.9,,,,0.61,0.61,0.62,,,,0.15,0.16,0.15,,,,1.62,1.62,1.63,,,,"0 hours, 0 minutes, 51 seconds",,EGFR_patchF,relaxed_filters,default_4stage_multimer
EGFRpH_F_l40_s63171_mpnn1,4stage,40,63171,-0.3,"A431,A434,A436",SLKGVTLGKTHDAVVIRPEGDLNVLRVYENGKEVVDYRWQ,"B1,B2,B3,B5,B6,B7,B8,B9,B10,B11,B12,B13,B14,B15,B16,B17,B18,B23,B25,B27,B35,B37,B39",0.9,0.62,0.91,0.9,0.92,,,,0.88,0.87,0.89,,,,0.89,0.88,0.9,,,,0.15,0.16,0.15,,,,0.17,0.18,0.16,,,,0.0,0,0,,,,0.0,0,0,,,,0.0,0,0,,,,0.0,0,0,,,,-131.16,-130.52,-131.79,,,,0.52,0.51,0.53,,,,0.73,0.72,0.74,,,,0.65,0.64,0.65,,,,-74.57,-73.74,-75.4,,,,1802.12,1824.26,1779.98,,,,-4.14,-4.04,-4.24,,,,68.68,69.7,67.65,,,,56.52,56.52,56.52,,,,23.0,23,23,,,,11.0,11,11,,,,47.83,47.83,47.83,,,,5.0,6.0,4.0,,,,21.74,26.09,17.39,,,,0.0,0,0,,,,0.0,0,0,,,,0.0,0,0,,,,0.0,0,0,,,,0.0,0,0,,,,0.0,0,0,,,,"{'A': 1.0, 'C': 0.0, 'D': 1.0, 'E': 0.0, 'F': 0.0, 'G': 1.0, 'H': 1.0, 'I': 1.0, 'K': 2.0, 'L': 3.0, 'M': 0.0, 'N': 1.0, 'P': 1.0, 'Q': 0.0, 'R': 1.0, 'S': 1.0, 'T': 2.0, 'V': 5.0, 'W': 1.0, 'Y': 1.0}","{'A': 1, 'C': 0, 'D': 1, 'E': 0, 'F': 0, 'G': 1, 'H': 1, 'I': 1, 'K': 2, 'L': 3, 'M': 0, 'N': 1, 'P': 1, 'Q': 0, 'R': 1, 'S': 1, 'T': 2, 'V': 5, 'W': 1, 'Y': 1}","{'A': 1, 'C': 0, 'D': 1, 'E': 0, 'F': 0, 'G': 1, 'H': 1, 'I': 1, 'K': 2, 'L': 3, 'M': 0, 'N': 1, 'P': 1, 'Q': 0, 'R': 1, 'S': 1, 'T': 2, 'V': 5, 'W': 1, 'Y': 1}",,,,0.74,0.75,0.73,,,,0.35,0.39,0.31,,,,0.76,0.73,0.79,,,,0.47,0.45,0.5,,,,0.26,0.28,0.23,,,,6.21,7.53,4.88,,,,"0 hours, 1 minutes, 39 seconds",,EGFR_patchF,relaxed_filters,default_4stage_multimer
EGFRpH_F_l40_s63171_mpnn3,4stage,40,63171,-0.3,"A431,A434,A436",SLKGVTLGKTHDAVVIRPEGDLNVLRVYENGKEVVNYRWQ,"B1,B2,B3,B5,B6,B7,B8,B9,B10,B11,B12,B13,B14,B15,B16,B17,B18,B23,B25,B27,B35,B37,B39",0.94,0.56,0.92,0.91,0.93,,,,0.89,0.88,0.89,,,,0.89,0.88,0.9,,,,0.15,0.16,0.14,,,,0.16,0.18,0.15,,,,0.0,0,0,,,,0.0,0,0,,,,0.5,0,1,,,,0.0,0,0,,,,-128.34,-128.25,-128.43,,,,0.53,0.53,0.53,,,,0.72,0.73,0.72,,,,0.69,0.7,0.68,,,,-75.35,-74.22,-76.49,,,,1820.76,1830.72,1810.81,,,,-4.13,-4.05,-4.22,,,,72.14,71.21,73.07,,,,56.52,56.52,56.52,,,,23.0,23,23,,,,12.0,13,11,,,,52.17,56.52,47.83,,,,5.5,7.0,4.0,,,,23.91,30.43,17.39,,,,0.0,0,0,,,,0.0,0,0,,,,0.0,0,0,,,,0.0,0,0,,,,0.0,0,0,,,,0.0,0,0,,,,"{'A': 1.0, 'C': 0.0, 'D': 1.0, 'E': 0.0, 'F': 0.0, 'G': 1.0, 'H': 1.0, 'I': 1.0, 'K': 2.0, 'L': 3.0, 'M': 0.0, 'N': 1.0, 'P': 1.0, 'Q': 0.0, 'R': 1.0, 'S': 1.0, 'T': 2.0, 'V': 5.0, 'W': 1.0, 'Y': 1.0}","{'A': 1, 'C': 0, 'D': 1, 'E': 0, 'F': 0, 'G': 1, 'H': 1, 'I': 1, 'K': 2, 'L': 3, 'M': 0, 'N': 1, 'P': 1, 'Q': 0, 'R': 1, 'S': 1, 'T': 2, 'V': 5, 'W': 1, 'Y': 1}","{'A': 1, 'C': 0, 'D': 1, 'E': 0, 'F': 0, 'G': 1, 'H': 1, 'I': 1, 'K': 2, 'L': 3, 'M': 0, 'N': 1, 'P': 1, 'Q': 0, 'R': 1, 'S': 1, 'T': 2, 'V': 5, 'W': 1, 'Y': 1}",,,,0.76,0.78,0.74,,,,0.35,0.39,0.31,,,,0.68,0.71,0.65,,,,0.4,0.44,0.36,,,,0.33,0.27,0.38,,,,7.53,7.96,7.1,,,,"0 hours, 0 minutes, 52 seconds",,EGFR_patchF,relaxed_filters,default_4stage_multimer
EGFRpH_F_l40_s63171_mpnn4,4stage,40,63171,-0.3,"A431,A434,A436",SLKGVTLGKTHDAVVIRPEGDLNVLRVIENGKVVVDYRWQ,"B1,B2,B3,B5,B6,B7,B8,B9,B10,B11,B12,B13,B14,B15,B16,B17,B18,B23,B25,B27,B35,B37,B39,B40",0.94,0.56,0.92,0.91,0.92,,,,0.89,0.88,0.89,,,,0.9,0.89,0.9,,,,0.15,0.16,0.14,,,,0.17,0.17,0.16,,,,0.0,0,0,,,,0.0,0,0,,,,0.0,0,0,,,,0.0,0,0,,,,-132.56,-132.09,-133.03,,,,0.55,0.55,0.55,,,,0.72,0.73,0.71,,,,0.6,0.6,0.61,,,,-74.57,-73.69,-75.46,,,,1796.39,1812.51,1780.27,,,,-4.16,-4.07,-4.24,,,,69.91,71.41,68.4,,,,54.17,54.17,54.17,,,,24.0,24,24,,,,11.5,11,12,,,,47.91,45.83,50.0,,,,4.5,6.0,3.0,,,,18.75,25.0,12.5,,,,0.0,0,0,,,,0.0,0,0,,,,0.0,0,0,,,,0.0,0,0,,,,0.0,0,0,,,,0.0,0,0,,,,"{'A': 1.0, 'C': 0.0, 'D': 1.0, 'E': 0.0, 'F': 0.0, 'G': 1.0, 'H': 1.0, 'I': 1.0, 'K': 2.0, 'L': 3.0, 'M': 0.0, 'N': 1.0, 'P': 1.0, 'Q': 1.0, 'R': 1.0, 'S': 1.0, 'T': 2.0, 'V': 5.0, 'W': 1.0, 'Y': 1.0}","{'A': 1, 'C': 0, 'D': 1, 'E': 0, 'F': 0, 'G': 1, 'H': 1, 'I': 1, 'K': 2, 'L': 3, 'M': 0, 'N': 1, 'P': 1, 'Q': 1, 'R': 1, 'S': 1, 'T': 2, 'V': 5, 'W': 1, 'Y': 1}","{'A': 1, 'C': 0, 'D': 1, 'E': 0, 'F': 0, 'G': 1, 'H': 1, 'I': 1, 'K': 2, 'L': 3, 'M': 0, 'N': 1, 'P': 1, 'Q': 1, 'R': 1, 'S': 1, 'T': 2, 'V': 5, 'W': 1, 'Y': 1}",,,,0.92,0.96,0.88,,,,0.35,0.39,0.31,,,,0.75,0.71,0.79,,,,0.48,0.44,0.52,,,,0.26,0.29,0.22,,,,6.28,7.86,4.69,,,,"0 hours, 0 minutes, 51 seconds",,EGFR_patchF,relaxed_filters,default_4stage_multimer
EGFRpH_F_l40_s63171_mpnn5,4stage,40,63171,-0.3,"A431,A434,A436",SLKGVTLGKTHDAVVIRPEGDLNRLIVYENGKEVVDYRWQ,"B1,B2,B3,B5,B6,B7,B8,B9,B10,B11,B12,B13,B14,B15,B16,B17,B18,B23,B25,B27,B35,B37,B39,B40",0.96,0.56,0.92,0.91,0.92,,,,0.89,0.88,0.89,,,,0.89,0.88,0.9,,,,0.15,0.16,0.14,,,,0.17,0.17,0.16,,,,0.0,0,0,,,,0.0,0,0,,,,0.5,1,0,,,,0.0,0,0,,,,-133.64,-132.6,-134.69,,,,0.53,0.53,0.53,,,,0.72,0.72,0.72,,,,0.67,0.68,0.66,,,,-74.38,-73.48,-75.28,,,,1828.55,1829.54,1827.57,,,,-4.07,-4.02,-4.12,,,,70.51,70.6,70.42,,,,53.17,52.17,54.17,,,,23.5,23,24,,,,13.0,13,13,,,,55.34,56.52,54.17,,,,5.0,6.0,4.0,,,,21.38,26.09,16.67,,,,0.0,0,0,,,,0.0,0,0,,,,0.0,0,0,,,,0.0,0,0,,,,0.0,0,0,,,,0.0,0,0,,,,"{'A': 1.0, 'C': 0.0, 'D': 1.0, 'E': 0.0, 'F': 0.0, 'G': 1.0, 'H': 1.0, 'I': 1.0, 'K': 2.0, 'L': 3.0, 'M': 0.0, 'N': 1.0, 'P': 1.0, 'Q': 1.0, 'R': 1.0, 'S': 1.0, 'T': 2.0, 'V': 4.5, 'W': 1.0, 'Y': 1.0}","{'A': 1, 'C': 0, 'D': 1, 'E': 0, 'F': 0, 'G': 1, 'H': 1, 'I': 1, 'K': 2, 'L': 3, 'M': 0, 'N': 1, 'P': 1, 'Q': 1, 'R': 1, 'S': 1, 'T': 2, 'V': 4, 'W': 1, 'Y': 1}","{'A': 1, 'C': 0, 'D': 1, 'E': 0, 'F': 0, 'G': 1, 'H': 1, 'I': 1, 'K': 2, 'L': 3, 'M': 0, 'N': 1, 'P': 1, 'Q': 1, 'R': 1, 'S': 1, 'T': 2, 'V': 5, 'W': 1, 'Y': 1}",,,,0.88,0.91,0.84,,,,0.36,0.39,0.32,,,,0.74,0.84,0.64,,,,0.47,0.56,0.37,,,,0.29,0.18,0.39,,,,8.38,9.37,7.38,,,,"0 hours, 0 minutes, 52 seconds",,EGFR_patchF,relaxed_filters,default_4stage_multimer
EGFRpH_F_l40_s63171_mpnn6,4stage,40,63171,-0.3,"A431,A434,A436",SLKGVTLGKTHDAVVIRPVGDLNRLEVYENGKKVVDYVWQ,"B2,B5,B6,B7,B8,B9,B10,B11,B12,B13,B14,B15,B16,B17,B18,B23,B25,B27,B35,B37,B39,B40",0.96,0.56,0.88,0.89,0.87,,,,0.88,0.87,0.88,,,,0.86,0.88,0.85,,,,0.18,0.17,0.19,,,,0.2,0.18,0.21,,,,0.0,0,0,,,,0.0,0,0,,,,0.0,0,0,,,,0.0,0,0,,,,-132.53,-133.86,-131.19,,,,0.55,0.56,0.53,,,,0.72,0.73,0.71,,,,0.64,0.64,0.63,,,,-71.87,-74.47,-69.26,,,,1716.53,1742.8,1690.27,,,,-4.18,-4.27,-4.1,,,,68.21,69.32,67.1,,,,56.63,54.17,59.09,,,,23.0,24,22,,,,10.5,11,10,,,,45.64,45.83,45.45,,,,5.0,6.0,4.0,,,,21.59,25.0,18.18,,,,0.0,0,0,,,,0.0,0,0,,,,0.0,0,0,,,,0.0,0,0,,,,0.0,0,0,,,,0.0,0,0,,,,"{'A': 1.0, 'C': 0.0, 'D': 1.0, 'E': 0.0, 'F': 0.0, 'G': 1.0, 'H': 1.0, 'I': 1.0, 'K': 1.5, 'L': 3.0, 'M': 0.0, 'N': 1.0, 'P': 1.0, 'Q': 1.0, 'R': 1.0, 'S': 0.5, 'T': 2.0, 'V': 5.0, 'W': 1.0, 'Y': 1.0}","{'A': 1, 'C': 0, 'D': 1, 'E': 0, 'F': 0, 'G': 1, 'H': 1, 'I': 1, 'K': 2, 'L': 3, 'M': 0, 'N': 1, 'P': 1, 'Q': 1, 'R': 1, 'S': 1, 'T': 2, 'V': 5, 'W': 1, 'Y': 1}","{'A': 1, 'C': 0, 'D': 1, 'E': 0, 'F': 0, 'G': 1, 'H': 1, 'I': 1, 'K': 1, 'L': 3, 'M': 0, 'N': 1, 'P': 1, 'Q': 1, 'R': 1, 'S': 0, 'T': 2, 'V': 5, 'W': 1, 'Y': 1}",,,,0.86,0.81,0.92,,,,0.37,0.39,0.35,,,,0.71,0.71,0.72,,,,0.45,0.44,0.45,,,,0.31,0.31,0.31,,,,5.99,6.48,5.5,,,,"0 hours, 0 minutes, 51 seconds",,EGFR_patchF,relaxed_filters,default_4stage_multimer
EGFRpH_F_l40_s63171_mpnn7,4stage,40,63171,-0.3,"A431,A434,A436",SLKGVTLGKTHDAVVIRPVGNLNQLVVYENGKKVVDYRWQ,"B1,B2,B3,B5,B6,B7,B8,B9,B10,B11,B12,B13,B14,B15,B16,B17,B18,B23,B25,B27,B35,B37,B39,B40",0.97,0.69,0.92,0.91,0.92,,,,0.88,0.87,0.89,,,,0.89,0.88,0.9,,,,0.15,0.16,0.15,,,,0.17,0.17,0.16,,,,0.0,0,0,,,,0.0,0,0,,,,1.0,2,0,,,,0.0,0,0,,,,-132.27,-132.23,-132.31,,,,0.54,0.55,0.53,,,,0.73,0.73,0.74,,,,0.67,0.65,0.69,,,,-71.31,-67.38,-75.23,,,,1785.09,1718.48,1851.69,,,,-3.99,-3.92,-4.06,,,,70.12,68.56,71.67,,,,55.34,56.52,54.17,,,,23.5,23,24,,,,11.5,9,14,,,,48.73,39.13,58.33,,,,5.0,6.0,4.0,,,,21.38,26.09,16.67,,,,0.0,0,0,,,,0.0,0,0,,,,0.0,0,0,,,,0.0,0,0,,,,0.0,0,0,,,,0.0,0,0,,,,"{'A': 1.0, 'C': 0.0, 'D': 1.0, 'E': 0.0, 'F': 0.0, 'G': 1.0, 'H': 1.0, 'I': 1.0, 'K': 1.5, 'L': 3.0, 'M': 0.0, 'N': 1.0, 'P': 1.0, 'Q': 1.0, 'R': 1.0, 'S': 1.0, 'T': 2.0, 'V': 5.0, 'W': 1.0, 'Y': 1.0}","{'A': 1, 'C': 0, 'D': 1, 'E': 0, 'F': 0, 'G': 1, 'H': 1, 'I': 1, 'K': 1, 'L': 3, 'M': 0, 'N': 1, 'P': 1, 'Q': 1, 'R': 1, 'S': 1, 'T': 2, 'V': 5, 'W': 1, 'Y': 1}","{'A': 1, 'C': 0, 'D': 1, 'E': 0, 'F': 0, 'G': 1, 'H': 1, 'I': 1, 'K': 2, 'L': 3, 'M': 0, 'N': 1, 'P': 1, 'Q': 1, 'R': 1, 'S': 1, 'T': 2, 'V': 5, 'W': 1, 'Y': 1}",,,,0.77,0.83,0.71,,,,0.35,0.39,0.31,,,,0.64,0.62,0.66,,,,0.35,0.35,0.35,,,,0.39,0.37,0.41,,,,8.55,8.82,8.28,,,,"0 hours, 0 minutes, 49 seconds",,EGFR_patchF,relaxed_filters,default_4stage_multimer
EGFRpH_F_l40_s63171_mpnn8,4stage,40,63171,-0.3,"A431,A434,A436",SLKGVTLGKTHDAVVIRPEGDLNVLRVIENGKVIVDYRWQ,"B1,B2,B3,B5,B6,B7,B8,B9,B10,B11,B12,B13,B14,B15,B16,B17,B18,B23,B24,B25,B27,B35,B37,B39,B40",0.97,0.62,0.93,0.92,0.93,,,,0.89,0.88,0.89,,,,0.9,0.89,0.9,,,,0.15,0.15,0.14,,,,0.16,0.17,0.15,,,,0.0,0,0,,,,0.0,0,0,,,,0.5,0,1,,,,0.0,0,0,,,,-131.13,-130.85,-131.41,,,,0.56,0.56,0.55,,,,0.72,0.71,0.73,,,,0.62,0.63,0.62,,,,-74.13,-74.91,-73.36,,,,1808.36,1817.84,1798.88,,,,-4.1,-4.12,-4.08,,,,71.15,71.48,70.81,,,,55.09,54.17,56.0,,,,24.5,24,25,,,,12.0,12,12,,,,49.0,50.0,48.0,,,,5.0,6.0,4.0,,,,20.5,25.0,16.0,,,,0.0,0,0,,,,0.0,0,0,,,,0.0,0,0,,,,0.0,0,0,,,,0.0,0,0,,,,0.0,0,0,,,,"{'A': 1.0, 'C': 0.0, 'D': 1.0, 'E': 0.0, 'F': 0.0, 'G': 1.0, 'H': 1.0, 'I': 1.0, 'K': 2.0, 'L': 3.0, 'M': 0.0, 'N': 1.0, 'P': 1.0, 'Q': 1.0, 'R': 1.0, 'S': 1.0, 'T': 2.0, 'V': 5.5, 'W': 1.0, 'Y': 1.0}","{'A': 1, 'C': 0, 'D': 1, 'E': 0, 'F': 0, 'G': 1, 'H': 1, 'I': 1, 'K': 2, 'L': 3, 'M': 0, 'N': 1, 'P': 1, 'Q': 1, 'R': 1, 'S': 1, 'T': 2, 'V': 5, 'W': 1, 'Y': 1}","{'A': 1, 'C': 0, 'D': 1, 'E': 0, 'F': 0, 'G': 1, 'H': 1, 'I': 1, 'K': 2, 'L': 3, 'M': 0, 'N': 1, 'P': 1, 'Q': 1, 'R': 1, 'S': 1, 'T': 2, 'V': 6, 'W': 1, 'Y': 1}",,,,0.89,0.92,0.85,,,,0.36,0.4,0.31,,,,0.74,0.69,0.79,,,,0.46,0.42,0.51,,,,0.27,0.3,0.23,,,,6.3,8.0,4.61,,,,"0 hours, 0 minutes, 51 seconds",,EGFR_patchF,relaxed_filters,default_4stage_multimer
EGFRpH_F_l40_s63171_mpnn9,4stage,40,63171,-0.3,"A431,A434,A436",SLKGVTLGKTHDAVVIRPEGDKNVLEVYENGKKIVDYRWQ,"B1,B2,B3,B5,B6,B7,B8,B9,B10,B11,B12,B13,B14,B15,B16,B17,B18,B23,B25,B27,B35,B37,B39,B40",0.99,0.69,0.93,0.92,0.93,,,,0.89,0.88,0.89,,,,0.9,0.89,0.9,,,,0.15,0.16,0.14,,,,0.16,0.17,0.15,,,,0.0,0,0,,,,0.0,0,0,,,,0.5,1,0,,,,0.0,0,0,,,,-133.63,-130.59,-136.68,,,,0.47,0.47,0.47,,,,0.73,0.72,0.74,,,,0.66,0.63,0.69,,,,-70.31,-65.98,-74.63,,,,1851.03,1873.06,1828.99,,,,-3.8,-3.52,-4.08,,,,73.95,75.47,72.43,,,,53.17,52.17,54.17,,,,23.5,23,24,,,,12.0,12,12,,,,51.09,52.17,50.0,,,,6.5,8.0,5.0,,,,27.8,34.78,20.83,,,,0.0,0,0,,,,0.0,0,0,,,,0.0,0,0,,,,0.0,0,0,,,,0.0,0,0,,,,0.0,0,0,,,,"{'A': 1.0, 'C': 0.0, 'D': 1.0, 'E': 0.0, 'F': 0.0, 'G': 1.0, 'H': 1.0, 'I': 1.0, 'K': 2.0, 'L': 3.0, 'M': 0.0, 'N': 1.0, 'P': 1.0, 'Q': 1.0, 'R': 1.0, 'S': 1.0, 'T': 2.0, 'V': 4.5, 'W': 1.0, 'Y': 1.0}","{'A': 1, 'C': 0, 'D': 1, 'E': 0, 'F': 0, 'G': 1, 'H': 1, 'I': 1, 'K': 2, 'L': 3, 'M': 0, 'N': 1, 'P': 1, 'Q': 1, 'R': 1, 'S': 1, 'T': 2, 'V': 4, 'W': 1, 'Y': 1}","{'A': 1, 'C': 0, 'D': 1, 'E': 0, 'F': 0, 'G': 1, 'H': 1, 'I': 1, 'K': 2, 'L': 3, 'M': 0, 'N': 1, 'P': 1, 'Q': 1, 'R': 1, 'S': 1, 'T': 2, 'V': 5, 'W': 1, 'Y': 1}",,,,0.7,0.71,0.7,,,,0.35,0.39,0.31,,,,0.78,0.75,0.8,,,,0.49,0.47,0.51,,,,0.26,0.28,0.24,,,,6.04,7.2,4.89,,,,"0 hours, 0 minutes, 51 seconds",,EGFR_patchF,relaxed_filters,default_4stage_multimer
EGFRpH_F_l40_s63171_mpnn10,4stage,40,63171,-0.3,"A431,A434,A436",SLKGVTLGKTHDAVVIRPEGSLNRLIVIKDGKVIVDYRWQ,"B1,B2,B3,B5,B6,B7,B8,B9,B10,B11,B12,B13,B14,B15,B16,B17,B18,B23,B25,B27,B35,B37,B39,B40",0.99,0.5,0.93,0.91,0.94,,,,0.88,0.87,0.89,,,,0.9,0.88,0.91,,,,0.15,0.16,0.14,,,,0.16,0.17,0.15,,,,0.0,0,0,,,,0.0,0,0,,,,0.5,1,0,,,,0.0,0,0,,,,-139.89,-139.91,-139.87,,,,0.56,0.55,0.58,,,,0.72,0.72,0.72,,,,0.61,0.56,0.67,,,,-72.38,-70.42,-74.34,,,,1810.45,1774.22,1846.69,,,,-4.0,-3.97,-4.03,,,,70.95,69.7,72.2,,,,56.63,59.09,54.17,,,,23.0,22,24,,,,13.0,12,14,,,,56.44,54.55,58.33,,,,5.5,6.0,5.0,,,,24.05,27.27,20.83,,,,0.0,0,0,,,,0.0,0,0,,,,0.0,0,0,,,,0.0,0,0,,,,0.0,0,0,,,,0.0,0,0,,,,"{'A': 1.0, 'C': 0.0, 'D': 1.0, 'E': 0.0, 'F': 0.0, 'G': 1.0, 'H': 1.0, 'I': 1.0, 'K': 1.5, 'L': 3.0, 'M': 0.0, 'N': 1.0, 'P': 1.0, 'Q': 1.0, 'R': 1.0, 'S': 0.5, 'T': 2.0, 'V': 5.0, 'W': 1.0, 'Y': 1.0}","{'A': 1, 'C': 0, 'D': 1, 'E': 0, 'F': 0, 'G': 1, 'H': 1, 'I': 1, 'K': 1, 'L': 3, 'M': 0, 'N': 1, 'P': 1, 'Q': 1, 'R': 1, 'S': 0, 'T': 2, 'V': 5, 'W': 1, 'Y': 1}","{'A': 1, 'C': 0, 'D': 1, 'E': 0, 'F': 0, 'G': 1, 'H': 1, 'I': 1, 'K': 2, 'L': 3, 'M': 0, 'N': 1, 'P': 1, 'Q': 1, 'R': 1, 'S': 1, 'T': 2, 'V': 5, 'W': 1, 'Y': 1}",,,,0.91,0.94,0.87,,,,0.34,0.39,0.3,,,,0.68,0.66,0.69,,,,0.43,0.41,0.45,,,,0.31,0.32,0.3,,,,7.98,7.81,8.15,,,,"0 hours, 0 minutes, 52 seconds",,EGFR_patchF,relaxed_filters,default_4stage_multimer
EGFRpH_F_l40_s63171_mpnn11,4stage,40,63171,-0.3,"A431,A434,A436",SLKGVTLGKTHDAVVIRPVGDLNQLLVYKDGKQVVDYRWQ,"B1,B2,B3,B5,B6,B7,B8,B9,B10,B11,B12,B13,B14,B15,B16,B17,B18,B23,B25,B27,B37,B39,B40",1.0,0.56,0.92,0.91,0.93,,,,0.88,0.87,0.89,,,,0.89,0.88,0.9,,,,0.15,0.16,0.14,,,,0.16,0.18,0.15,,,,0.0,0,0,,,,0.0,0,0,,,,0.0,0,0,,,,0.0,0,0,,,,-138.36,-138.06,-138.65,,,,0.55,0.53,0.56,,,,0.73,0.74,0.73,,,,0.65,0.68,0.62,,,,-74.48,-74.72,-74.25,,,,1805.51,1830.23,1780.78,,,,-4.12,-4.08,-4.17,,,,71.69,73.22,70.15,,,,52.17,52.17,52.17,,,,23.0,23,23,,,,12.0,12,12,,,,52.17,52.17,52.17,,,,6.0,6.0,6.0,,,,26.09,26.09,26.09,,,,0.0,0,0,,,,0.0,0,0,,,,0.0,0,0,,,,0.0,0,0,,,,0.0,0,0,,,,0.0,0,0,,,,"{'A': 1.0, 'C': 0.0, 'D': 1.0, 'E': 0.0, 'F': 0.0, 'G': 1.0, 'H': 1.0, 'I': 1.0, 'K': 2.0, 'L': 3.0, 'M': 0.0, 'N': 1.0, 'P': 1.0, 'Q': 1.0, 'R': 1.0, 'S': 1.0, 'T': 2.0, 'V': 4.0, 'W': 1.0, 'Y': 1.0}","{'A': 1, 'C': 0, 'D': 1, 'E': 0, 'F': 0, 'G': 1, 'H': 1, 'I': 1, 'K': 2, 'L': 3, 'M': 0, 'N': 1, 'P': 1, 'Q': 1, 'R': 1, 'S': 1, 'T': 2, 'V': 4, 'W': 1, 'Y': 1}","{'A': 1, 'C': 0, 'D': 1, 'E': 0, 'F': 0, 'G': 1, 'H': 1, 'I': 1, 'K': 2, 'L': 3, 'M': 0, 'N': 1, 'P': 1, 'Q': 1, 'R': 1, 'S': 1, 'T': 2, 'V': 4, 'W': 1, 'Y': 1}",,,,0.82,0.87,0.78,,,,0.36,0.39,0.33,,,,0.64,0.63,0.64,,,,0.35,0.35,0.36,,,,0.36,0.35,0.38,,,,8.68,8.35,9.02,,,,"0 hours, 0 minutes, 50 seconds",,EGFR_patchF,relaxed_filters,default_4stage_multimer
EGFRpH_F_l40_s63171_mpnn12,4stage,40,63171,-0.3,"A431,A434,A436",SLKGVTLGKTHDAVVIRPVGDLNRLVVYENGKQVVDYEWQ,"B1,B2,B3,B5,B6,B7,B8,B9,B10,B11,B12,B13,B14,B15,B16,B17,B18,B23,B25,B27,B35,B37,B39,B40",1.01,0.69,0.91,0.9,0.92,,,,0.88,0.87,0.89,,,,0.89,0.88,0.9,,,,0.16,0.17,0.15,,,,0.17,0.18,0.16,,,,0.0,0,0,,,,0.0,0,0,,,,0.0,0,0,,,,0.0,0,0,,,,-132.31,-129.91,-134.7,,,,0.54,0.53,0.55,,,,0.7,0.7,0.71,,,,0.64,0.66,0.62,,,,-72.09,-69.89,-74.29,,,,1804.92,1759.79,1850.06,,,,-4.0,-3.97,-4.02,,,,70.98,68.8,73.17,,,,56.63,59.09,54.17,,,,23.0,22,24,,,,12.0,11,13,,,,52.09,50.0,54.17,,,,7.5,6.0,9.0,,,,32.38,27.27,37.5,,,,0.0,0,0,,,,0.0,0,0,,,,0.0,0,0,,,,0.0,0,0,,,,0.0,0,0,,,,0.0,0,0,,,,"{'A': 1.0, 'C': 0.0, 'D': 1.0, 'E': 0.0, 'F': 0.0, 'G': 1.0, 'H': 1.0, 'I': 1.0, 'K': 1.5, 'L': 3.0, 'M': 0.0, 'N': 1.0, 'P': 1.0, 'Q': 1.0, 'R': 1.0, 'S': 0.5, 'T': 2.0, 'V': 5.0, 'W': 1.0, 'Y': 1.0}","{'A': 1, 'C': 0, 'D': 1, 'E': 0, 'F': 0, 'G': 1, 'H': 1, 'I': 1, 'K': 1, 'L': 3, 'M': 0, 'N': 1, 'P': 1, 'Q': 1, 'R': 1, 'S': 0, 'T': 2, 'V': 5, 'W': 1, 'Y': 1}","{'A': 1, 'C': 0, 'D': 1, 'E': 0, 'F': 0, 'G': 1, 'H': 1, 'I': 1, 'K': 2, 'L': 3, 'M': 0, 'N': 1, 'P': 1, 'Q': 1, 'R': 1, 'S': 1, 'T': 2, 'V': 5, 'W': 1, 'Y': 1}",,,,0.78,0.78,0.77,,,,0.35,0.39,0.31,,,,0.64,0.63,0.65,,,,0.37,0.37,0.37,,,,0.38,0.36,0.39,,,,7.8,8.74,6.87,,,,"0 hours, 0 minutes, 53 seconds",,EGFR_patchF,relaxed_filters,default_4stage_multimer
EGFRpH_F_l40_s63171_mpnn13,4stage,40,63171,-0.3,"A431,A434,A436",SLKGVTLGKTHDAVVIRPVGNLNQLLVYENGKQVVDYRWQ,"B1,B2,B3,B5,B6,B7,B8,B9,B10,B11,B12,B13,B14,B15,B16,B17,B18,B23,B25,B27,B35,B37,B39,B40",1.01,0.69,0.91,0.9,0.91,,,,0.88,0.87,0.89,,,,0.89,0.88,0.89,,,,0.15,0.16,0.15,,,,0.17,0.18,0.16,,,,0.0,0,0,,,,0.0,0,0,,,,0.0,0,0,,,,0.0,0,0,,,,-134.4,-133.56,-135.24,,,,0.54,0.55,0.53,,,,0.73,0.72,0.75,,,,0.66,0.68,0.63,,,,-74.02,-73.54,-74.49,,,,1811.98,1831.27,1792.69,,,,-4.09,-4.02,-4.16,,,,72.8,73.67,71.92,,,,53.17,52.17,54.17,,,,23.5,23,24,,,,12.0,12,12,,,,51.09,52.17,50.0,,,,5.0,6.0,4.0,,,,21.38,26.09,16.67,,,,0.0,0,0,,,,0.0,0,0,,,,0.0,0,0,,,,0.0,0,0,,,,0.0,0,0,,,,0.0,0,0,,,,"{'A': 1.0, 'C': 0.0, 'D': 1.0, 'E': 0.0, 'F': 0.0, 'G': 1.0, 'H': 1.0, 'I': 1.0, 'K': 2.0, 'L': 3.0, 'M': 0.0, 'N': 1.0, 'P': 1.0, 'Q': 1.0, 'R': 1.0, 'S': 1.0, 'T': 2.0, 'V': 4.5, 'W': 1.0, 'Y': 1.0}","{'A': 1, 'C': 0, 'D': 1, 'E': 0, 'F': 0, 'G': 1, 'H': 1, 'I': 1, 'K': 2, 'L': 3, 'M': 0, 'N': 1, 'P': 1, 'Q': 1, 'R': 1, 'S': 1, 'T': 2, 'V': 4, 'W': 1, 'Y': 1}","{'A': 1, 'C': 0, 'D': 1, 'E': 0, 'F': 0, 'G': 1, 'H': 1, 'I': 1, 'K': 2, 'L': 3, 'M': 0, 'N': 1, 'P': 1, 'Q': 1, 'R': 1, 'S': 1, 'T': 2, 'V': 5, 'W': 1, 'Y': 1}",,,,0.79,0.84,0.74,,,,0.36,0.39,0.32,,,,0.64,0.63,0.65,,,,0.35,0.35,0.36,,,,0.36,0.35,0.37,,,,7.43,8.32,6.54,,,,"0 hours, 0 minutes, 49 seconds",,EGFR_patchF,relaxed_filters,default_4stage_multimer
EGFRpH_F_l40_s63171_mpnn15,4stage,40,63171,-0.3,"A431,A434,A436",SLKGVTLGKTHDAVVIRPVGDLNRLVVYKDGKEVVDYQWQ,"B1,B2,B3,B5,B6,B7,B8,B9,B10,B11,B12,B13,B14,B15,B16,B17,B18,B23,B25,B27,B35,B37,B39,B40",1.03,0.5,0.92,0.9,0.93,,,,0.88,0.87,0.89,,,,0.89,0.88,0.9,,,,0.15,0.16,0.14,,,,0.16,0.18,0.15,,,,0.0,0,0,,,,0.0,0,0,,,,0.5,0,1,,,,0.0,0,0,,,,-132.58,-131.2,-133.97,,,,0.55,0.53,0.56,,,,0.72,0.72,0.72,,,,0.67,0.67,0.67,,,,-74.29,-73.24,-75.35,,,,1822.45,1797.71,1847.19,,,,-4.08,-4.07,-4.08,,,,70.32,70.03,70.61,,,,56.63,59.09,54.17,,,,23.0,22,24,,,,13.5,13,14,,,,58.71,59.09,58.33,,,,6.5,6.0,7.0,,,,28.22,27.27,29.17,,,,0.0,0,0,,,,0.0,0,0,,,,0.0,0,0,,,,0.0,0,0,,,,0.0,0,0,,,,0.0,0,0,,,,"{'A': 1.0, 'C': 0.0, 'D': 1.0, 'E': 0.0, 'F': 0.0, 'G': 1.0, 'H': 1.0, 'I': 1.0, 'K': 1.5, 'L': 3.0, 'M': 0.0, 'N': 1.0, 'P': 1.0, 'Q': 1.0, 'R': 1.0, 'S': 0.5, 'T': 2.0, 'V': 5.0, 'W': 1.0, 'Y': 1.0}","{'A': 1, 'C': 0, 'D': 1, 'E': 0, 'F': 0, 'G': 1, 'H': 1, 'I': 1, 'K': 1, 'L': 3, 'M': 0, 'N': 1, 'P': 1, 'Q': 1, 'R': 1, 'S': 0, 'T': 2, 'V': 5, 'W': 1, 'Y': 1}","{'A': 1, 'C': 0, 'D': 1, 'E': 0, 'F': 0, 'G': 1, 'H': 1, 'I': 1, 'K': 2, 'L': 3, 'M': 0, 'N': 1, 'P': 1, 'Q': 1, 'R': 1, 'S': 1, 'T': 2, 'V': 5, 'W': 1, 'Y': 1}",,,,0.82,0.83,0.82,,,,0.35,0.39,0.31,,,,0.65,0.63,0.66,,,,0.35,0.35,0.35,,,,0.4,0.37,0.42,,,,8.95,8.89,9.0,,,,"0 hours, 0 minutes, 50 seconds",,EGFR_patchF,relaxed_filters,default_4stage_multimer
EGFRpH_F_l40_s63171_mpnn16,4stage,40,63171,-0.3,"A431,A434,A436",SLKGVTLGKTHDAVVIRPVGSKNRLVVYKDGKEIVNYEWQ,"B1,B2,B3,B5,B6,B7,B8,B9,B10,B11,B12,B13,B14,B15,B16,B17,B18,B23,B25,B27,B35,B37,B39,B40",1.03,0.56,0.93,0.92,0.93,,,,0.89,0.88,0.89,,,,0.9,0.89,0.9,,,,0.15,0.16,0.14,,,,0.16,0.17,0.15,,,,0.0,0,0,,,,0.0,0,0,,,,0.5,1,0,,,,0.0,0,0,,,,-133.79,-132.33,-135.24,,,,0.5,0.5,0.5,,,,0.73,0.73,0.73,,,,0.66,0.64,0.67,,,,-73.11,-70.57,-75.65,,,,1818.51,1816.57,1820.45,,,,-4.02,-3.88,-4.16,,,,69.58,69.91,69.25,,,,56.63,59.09,54.17,,,,23.0,22,24,,,,13.0,12,14,,,,56.44,54.55,58.33,,,,5.5,6.0,5.0,,,,24.05,27.27,20.83,,,,0.0,0,0,,,,0.0,0,0,,,,0.0,0,0,,,,0.0,0,0,,,,0.0,0,0,,,,0.0,0,0,,,,"{'A': 1.0, 'C': 0.0, 'D': 1.0, 'E': 0.0, 'F': 0.0, 'G': 1.0, 'H': 1.0, 'I': 1.0, 'K': 1.5, 'L': 3.0, 'M': 0.0, 'N': 1.0, 'P': 1.0, 'Q': 1.0, 'R': 1.0, 'S': 0.5, 'T': 2.0, 'V': 5.0, 'W': 1.0, 'Y': 1.0}","{'A': 1, 'C': 0, 'D': 1, 'E': 0, 'F': 0, 'G': 1, 'H': 1, 'I': 1, 'K': 1, 'L': 3, 'M': 0, 'N': 1, 'P': 1, 'Q': 1, 'R': 1, 'S': 0, 'T': 2, 'V': 5, 'W': 1, 'Y': 1}","{'A': 1, 'C': 0, 'D': 1, 'E': 0, 'F': 0, 'G': 1, 'H': 1, 'I': 1, 'K': 2, 'L': 3, 'M': 0, 'N': 1, 'P': 1, 'Q': 1, 'R': 1, 'S': 1, 'T': 2, 'V': 5, 'W': 1, 'Y': 1}",,,,0.73,0.73,0.73,,,,0.35,0.39,0.31,,,,0.78,0.76,0.8,,,,0.51,0.48,0.53,,,,0.28,0.28,0.27,,,,8.19,7.47,8.91,,,,"0 hours, 0 minutes, 48 seconds",,EGFR_patchF,relaxed_filters,default_4stage_multimer
EGFRpH_F_l40_s63171_mpnn17,4stage,40,63171,-0.3,"A431,A434,A436",SLKGVTLGKTHDAVVIRPVGDNNRLIVIENGKVVVDYTWQ,"B1,B2,B3,B5,B6,B7,B8,B9,B10,B11,B12,B13,B14,B15,B16,B17,B18,B23,B25,B27,B35,B37,B39,B40",1.03,0.5,0.92,0.9,0.93,,,,0.88,0.87,0.89,,,,0.89,0.88,0.9,,,,0.15,0.16,0.14,,,,0.16,0.18,0.15,,,,0.0,0,0,,,,0.0,0,0,,,,0.5,1,0,,,,0.0,0,0,,,,-134.86,-132.96,-136.75,,,,0.54,0.55,0.52,,,,0.7,0.71,0.7,,,,0.66,0.65,0.66,,,,-74.13,-73.52,-74.74,,,,1849.83,1863.64,1836.02,,,,-4.0,-3.94,-4.07,,,,71.23,71.37,71.09,,,,54.17,54.17,54.17,,,,24.0,24,24,,,,13.0,12,14,,,,54.16,50.0,58.33,,,,5.0,6.0,4.0,,,,20.84,25.0,16.67,,,,0.0,0,0,,,,0.0,0,0,,,,0.0,0,0,,,,0.0,0,0,,,,0.0,0,0,,,,0.0,0,0,,,,"{'A': 1.0, 'C': 0.0, 'D': 1.0, 'E': 0.0, 'F': 0.0, 'G': 1.0, 'H': 1.0, 'I': 1.0, 'K': 2.0, 'L': 3.0, 'M': 0.0, 'N': 1.0, 'P': 1.0, 'Q': 1.0, 'R': 1.0, 'S': 1.0, 'T': 2.0, 'V': 5.0, 'W': 1.0, 'Y': 1.0}","{'A': 1, 'C': 0, 'D': 1, 'E': 0, 'F': 0, 'G': 1, 'H': 1, 'I': 1, 'K': 2, 'L': 3, 'M': 0, 'N': 1, 'P': 1, 'Q': 1, 'R': 1, 'S': 1, 'T': 2, 'V': 5, 'W': 1, 'Y': 1}","{'A': 1, 'C': 0, 'D': 1, 'E': 0, 'F': 0, 'G': 1, 'H': 1, 'I': 1, 'K': 2, 'L': 3, 'M': 0, 'N': 1, 'P': 1, 'Q': 1, 'R': 1, 'S': 1, 'T': 2, 'V': 5, 'W': 1, 'Y': 1}",,,,0.89,0.93,0.85,,,,0.34,0.38,0.31,,,,0.69,0.63,0.74,,,,0.42,0.36,0.48,,,,0.33,0.37,0.28,,,,8.11,8.94,7.28,,,,"0 hours, 0 minutes, 49 seconds",,EGFR_patchF,relaxed_filters,default_4stage_multimer
EGFRpH_F_l40_s63171_mpnn18,4stage,40,63171,-0.3,"A431,A434,A436",SLKGVTLGKTHDAVVIRPVGNLNRLVVIENGKVVVDYQWQ,"B1,B2,B3,B5,B6,B7,B8,B9,B10,B11,B12,B13,B14,B15,B16,B17,B18,B23,B25,B27,B35,B37,B39,B40",1.03,0.56,0.92,0.91,0.93,,,,0.89,0.88,0.89,,,,0.9,0.89,0.9,,,,0.15,0.16,0.14,,,,0.16,0.17,0.15,,,,0.0,0,0,,,,0.0,0,0,,,,1.0,2,0,,,,0.0,0,0,,,,-134.79,-133.0,-136.58,,,,0.58,0.59,0.58,,,,0.7,0.69,0.71,,,,0.69,0.69,0.68,,,,-72.06,-70.07,-74.04,,,,1815.26,1827.76,1802.75,,,,-3.97,-3.83,-4.11,,,,71.77,72.72,70.81,,,,55.34,56.52,54.17,,,,23.5,23,24,,,,12.5,12,13,,,,53.17,52.17,54.17,,,,5.5,7.0,4.0,,,,23.55,30.43,16.67,,,,0.0,0,0,,,,0.0,0,0,,,,0.0,0,0,,,,0.0,0,0,,,,0.0,0,0,,,,0.0,0,0,,,,"{'A': 1.0, 'C': 0.0, 'D': 1.0, 'E': 0.0, 'F': 0.0, 'G': 1.0, 'H': 1.0, 'I': 1.0, 'K': 1.5, 'L': 3.0, 'M': 0.0, 'N': 1.0, 'P': 1.0, 'Q': 1.0, 'R': 1.0, 'S': 1.0, 'T': 2.0, 'V': 5.0, 'W': 1.0, 'Y': 1.0}","{'A': 1, 'C': 0, 'D': 1, 'E': 0, 'F': 0, 'G': 1, 'H': 1, 'I': 1, 'K': 1, 'L': 3, 'M': 0, 'N': 1, 'P': 1, 'Q': 1, 'R': 1, 'S': 1, 'T': 2, 'V': 5, 'W': 1, 'Y': 1}","{'A': 1, 'C': 0, 'D': 1, 'E': 0, 'F': 0, 'G': 1, 'H': 1, 'I': 1, 'K': 2, 'L': 3, 'M': 0, 'N': 1, 'P': 1, 'Q': 1, 'R': 1, 'S': 1, 'T': 2, 'V': 5, 'W': 1, 'Y': 1}",,,,0.82,0.83,0.81,,,,0.35,0.38,0.32,,,,0.74,0.67,0.8,,,,0.47,0.4,0.54,,,,0.27,0.32,0.21,,,,6.23,8.09,4.38,,,,"0 hours, 0 minutes, 49 seconds",,EGFR_patchF,relaxed_filters,default_4stage_multimer
EGFRpH_F_l40_s63171_mpnn19,4stage,40,63171,-0.3,"A431,A434,A436",SLKGVTLGKTHDAVVIRPVGNLNRLLVYKDGKQVVDYTWQ,"B1,B2,B3,B5,B6,B7,B8,B9,B10,B11,B12,B13,B14,B15,B16,B17,B18,B23,B25,B27,B35,B37,B39,B40",1.04,0.5,0.92,0.91,0.93,,,,0.89,0.88,0.89,,,,0.9,0.89,0.9,,,,0.15,0.16,0.14,,,,0.16,0.17,0.15,,,,0.0,0,0,,,,0.0,0,0,,,,0.0,0,0,,,,0.0,0,0,,,,-133.66,-133.49,-133.82,,,,0.56,0.56,0.55,,,,0.71,0.72,0.71,,,,0.66,0.67,0.64,,,,-73.44,-74.34,-72.54,,,,1845.67,1849.33,1842.01,,,,-3.98,-4.02,-3.94,,,,72.88,72.65,73.11,,,,54.17,54.17,54.17,,,,24.0,24,24,,,,13.5,14,13,,,,56.25,58.33,54.17,,,,6.5,6.0,7.0,,,,27.09,25.0,29.17,,,,0.0,0,0,,,,0.0,0,0,,,,0.0,0,0,,,,0.0,0,0,,,,0.0,0,0,,,,0.0,0,0,,,,"{'A': 1.0, 'C': 0.0, 'D': 1.0, 'E': 0.0, 'F': 0.0, 'G': 1.0, 'H': 1.0, 'I': 1.0, 'K': 2.0, 'L': 3.0, 'M': 0.0, 'N': 1.0, 'P': 1.0, 'Q': 1.0, 'R': 1.0, 'S': 1.0, 'T': 2.0, 'V': 5.0, 'W': 1.0, 'Y': 1.0}","{'A': 1, 'C': 0, 'D': 1, 'E': 0, 'F': 0, 'G': 1, 'H': 1, 'I': 1, 'K': 2, 'L': 3, 'M': 0, 'N': 1, 'P': 1, 'Q': 1, 'R': 1, 'S': 1, 'T': 2, 'V': 5, 'W': 1, 'Y': 1}","{'A': 1, 'C': 0, 'D': 1, 'E': 0, 'F': 0, 'G': 1, 'H': 1, 'I': 1, 'K': 2, 'L': 3, 'M': 0, 'N': 1, 'P': 1, 'Q': 1, 'R': 1, 'S': 1, 'T': 2, 'V': 5, 'W': 1, 'Y': 1}",,,,0.84,0.86,0.82,,,,0.36,0.39,0.32,,,,0.72,0.63,0.8,,,,0.43,0.35,0.52,,,,0.32,0.37,0.27,,,,8.73,8.98,8.48,,,,"0 hours, 0 minutes, 50 seconds",,EGFR_patchF,relaxed_filters,default_4stage_multimer
EGFRpH_F_l40_s63171_mpnn20,4stage,40,63171,-0.3,"A431,A434,A436",SLKGVTLGKTHDAVVIRPVGDLNRLIVIKDGKVVVDYQWQ,"B1,B2,B3,B5,B6,B7,B8,B9,B10,B11,B12,B13,B14,B15,B16,B17,B18,B23,B25,B27,B35,B37,B39,B40",1.04,0.37,0.92,0.91,0.93,,,,0.88,0.87,0.89,,,,0.9,0.89,0.9,,,,0.15,0.16,0.14,,,,0.16,0.17,0.15,,,,0.0,0,0,,,,0.0,0,0,,,,1.0,2,0,,,,0.0,0,0,,,,-136.41,-135.23,-137.58,,,,0.57,0.56,0.59,,,,0.71,0.71,0.71,,,,0.64,0.66,0.61,,,,-71.34,-68.42,-74.27,,,,1811.35,1778.33,1844.37,,,,-3.94,-3.85,-4.03,,,,70.51,69.52,71.5,,,,56.63,59.09,54.17,,,,23.0,22,24,,,,12.5,12,13,,,,54.36,54.55,54.17,,,,6.5,6.0,7.0,,,,28.22,27.27,29.17,,,,0.0,0,0,,,,0.0,0,0,,,,0.0,0,0,,,,0.0,0,0,,,,0.0,0,0,,,,0.0,0,0,,,,"{'A': 1.0, 'C': 0.0, 'D': 1.0, 'E': 0.0, 'F': 0.0, 'G': 1.0, 'H': 1.0, 'I': 1.0, 'K': 1.5, 'L': 3.0, 'M': 0.0, 'N': 1.0, 'P': 1.0, 'Q': 1.0, 'R': 1.0, 'S': 0.5, 'T': 2.0, 'V': 5.0, 'W': 1.0, 'Y': 1.0}","{'A': 1, 'C': 0, 'D': 1, 'E': 0, 'F': 0, 'G': 1, 'H': 1, 'I': 1, 'K': 1, 'L': 3, 'M': 0, 'N': 1, 'P': 1, 'Q': 1, 'R': 1, 'S': 0, 'T': 2, 'V': 5, 'W': 1, 'Y': 1}","{'A': 1, 'C': 0, 'D': 1, 'E': 0, 'F': 0, 'G': 1, 'H': 1, 'I': 1, 'K': 2, 'L': 3, 'M': 0, 'N': 1, 'P': 1, 'Q': 1, 'R': 1, 'S': 1, 'T': 2, 'V': 5, 'W': 1, 'Y': 1}",,,,0.94,0.95,0.92,,,,0.36,0.38,0.33,,,,0.64,0.63,0.65,,,,0.36,0.36,0.37,,,,0.38,0.37,0.39,,,,10.3,9.62,10.99,,,,"0 hours, 0 minutes, 48 seconds",,EGFR_patchF,relaxed_filters,default_4stage_multimer
